    540.44   0.219299 -0.633115  0.785798 5.82629 2.04345 6.24168
   540.445     0.174 -0.58755 0.806315 5.82868  2.1057 6.32428
    540.45   0.139893 -0.550245  0.831896 5.84305 2.19309  6.4428
   540.455   0.115911 -0.516138  0.860141 5.86939   2.229 6.50385
    540.46  0.0959265 -0.475636  0.884922 5.88734  2.2314 6.49906
   540.465   0.077807 -0.426606  0.909703 5.88974  2.2721 6.50983
    540.47  0.067415 -0.37891 0.938214 5.94121 2.30083 6.58166
   540.475  0.0660827 -0.342138  0.969657 6.01663  2.2709 6.67025
    540.48  0.0676815 -0.308564   1.00936 6.04895 2.16675 6.71693
   540.485  0.0631516 -0.255538   1.05519 6.01064 2.02071 6.65468
    540.49  0.0410352 -0.160677   1.10768 5.89931 1.87945 6.50505
   540.495  0.00266462  -0.021317     1.1687 5.80474 1.73819 6.41407
     540.5  -0.0407688    0.13856    1.23719 5.78559  1.6508  6.4823
   540.505  -0.0716784   0.286714    1.31393 5.84784 1.63883 6.70376
    540.51  -0.081804  0.403691   1.39626 5.93762 1.64482 6.98149
   540.515  -0.0759418   0.492423    1.48126  5.9855 1.58736 7.18261
    540.52  -0.0668821   0.574493    1.56334 5.97473 1.49757 7.25802
   540.525  -0.0626187   0.669887    1.63555 5.92685 1.45567 7.23887
    540.53  -0.0596876   0.781534    1.70349 5.93044 1.47603 7.22331
   540.535  -0.0498285   0.889985    1.77118 6.05254 1.47363  7.2688
    540.54  -0.0367718   0.975253    1.83353 6.21774 1.39223  7.3083
   540.545  -0.032242   1.03894   1.88575 6.35062 1.25935 7.25084
    540.55  -0.0410352    1.09783    1.92466  6.4428 1.14323 7.11078
   540.555  -0.060487   1.15565   1.94997  6.5661 1.08816  7.0198
    540.56  -0.0796723    1.19695    1.96116 6.72172 1.07859 7.05332
   540.565  -0.0935283    1.20867    1.96436 6.84263 1.09774 7.16106
    540.57  -0.0999234    1.19642    1.95983 6.91565 1.08936 7.24366
   540.575  -0.103121   1.17803   1.94358 6.88692 1.06781 7.25922
    540.58  -0.107651   1.17217   1.92839 6.74686 1.02472 7.21732
   540.585  -0.118842   1.18949    1.9164  6.59603 0.969652  7.15507
    540.59  -0.135363   1.22573   1.90681  6.51223 0.932542  7.13113
   540.595  -0.149219    1.2617   1.89615  6.53976 0.872687   7.2257
     540.6  -0.154282   1.27209   1.88149  6.61638 0.791284  7.44238
   540.605  -0.151884   1.25051   1.87243  6.61997 0.684742  7.65187
    540.61  -0.149485    1.2212   1.87776  6.50026 0.612916  7.73806
   540.615  -0.146554   1.21534   1.89961 6.32668 0.56982 7.75961
    540.62  -0.139893   1.24331   1.92679  6.16268 0.500388  7.80869
   540.625  -0.1311 1.29314  1.9513  6.04895 0.410606  7.89727
    540.63  -0.120974   1.34484   1.97102  6.01543 0.311246  8.01938
   540.635  -0.108983   1.38081   1.98621  6.05134 0.219069  8.14867
    540.64  -0.0951271    1.39626    1.99714  6.11838 0.137667  8.23007
   540.645  -0.0804717    1.39653    2.00007   6.1926 0.035913   8.2576
    540.65  -0.0676815     1.3864    1.99554    6.22014 -0.0335188    8.19775
   540.655  -0.0578224    1.37308    1.98834    6.19859 -0.0586579    8.10198
    540.66  -0.0543583    1.36589    1.97156 6.16028 -0.0826 8.00861
   540.665  -0.0615528    1.36935    1.94518   6.10761 -0.107739   7.97149
    540.67  -0.07834  1.37681  1.91746   6.04416 -0.160412   7.98227
   540.675  -0.100723   1.37841   1.88842   5.99628 -0.216675   8.00741
    540.68  -0.124172   1.37335   1.85964   5.9472 -0.23942  8.04931
   540.685  -0.143357   1.36535   1.83113  5.92924 -0.29329  8.14627
    540.69  -0.158279   1.35496   1.79969   5.91009 -0.389058   8.32823
   540.695  -0.167072   1.33578   1.76904   5.87178 -0.486023   8.54012
     540.7  -0.168937     1.307    1.7424   5.77841 -0.562637   8.72327
   540.705  -0.16574  1.28168  1.72508   5.6156 -0.62369  8.87171
    540.71  -0.157213   1.27369   1.72055 5.41449 -0.6608 8.99023
   540.715  -0.141492   1.29128   1.72534   5.21337 -0.682347    9.0836
    540.72  -0.118842   1.33524   1.73067   5.02304 -0.695516    9.1267
   540.725  -0.0943277    1.40079    1.73067   4.84227 -0.707487   9.10156
    540.73  -0.0770077    1.48206    1.72721  4.69503 -0.77213  9.02135
   540.735  -0.0698132    1.56946    1.71868  4.62081 -0.81762  8.86333
    540.74  -0.0703461      1.655    1.71469    4.5849 -0.897826   8.61434
   540.745  -0.081804   1.73787   1.71735   4.49751 -0.757765   8.39527
    540.75  -0.10845   1.8266  1.71762  4.41611 -1.02951  8.28753
   540.755  -0.159611   1.89615   1.69443  4.73453 -1.37307  8.32464
    540.76  -0.22596  1.90361   1.6518  5.00508 -1.52989   8.4659
   540.765  -0.285648   1.84152   1.62542   4.9979 -1.14443  8.62152
    540.77  -0.327482   1.72508   1.62089 4.91649 -1.1983 8.67419
   540.775   -0.348 1.58732 1.61077  4.85424 -1.26414   8.6694
    540.78  -0.35253  1.45862  1.57959  4.75608 -1.31442  8.71968
   540.785  -0.348799   1.34617   1.53136 4.67228 -1.3623 8.83341
    540.79  -0.342937   1.24145   1.47327  4.61961 -1.38983  8.97945
   540.795  -0.335743   1.13939   1.41412  4.55856 -1.33237   9.1243
     540.8  -0.323752   1.04453   1.36722  4.46638 -1.26773  9.29429
   540.805  -0.299237  0.961663   1.34883  4.52145 -1.31322  9.46069
    540.81  -0.264331  0.893182    1.3499    4.045 -1.42455  9.57322
   540.815  -0.227559  0.846285    1.3547  4.16112 -1.52032  9.64145
    540.82  -0.193718  0.830564   1.35816  3.68827 -1.56102  9.70849
   540.825  -0.162009  0.844153   1.36269  3.86664 -1.59214  9.75877
    540.83  -0.128701  0.874263   1.37202  3.47399 -1.68312   9.7456
   540.835  -0.0980582   0.908104    1.38374  3.39737 -1.78727  9.64265
    540.84  -0.0791394   0.942478      1.396  3.64038 -1.86508  9.52413
   540.845  -0.074876  0.982714   1.40825  3.30041 -1.88783  9.45351
    540.85  -0.0807381    1.02615    1.41572  3.30041 -1.86269  9.42118
   540.855  -0.0881991    1.06452    1.41811  3.35188 -1.85431  9.38766
    540.86  -0.0969923    1.08957    1.41198  3.39618 -1.87466  9.32901
   540.865  -0.108717   1.09729   1.40079  3.39139 -1.94409  9.25239
    540.87  -0.12657  1.09409  1.39253  3.32674 -2.08894  9.13986
   540.875  -0.154282   1.09756   1.37601  3.19506 -2.16077  9.05128
    540.88  -0.19585  1.12341  1.34697  3.11007 -2.07697  9.09797
   540.885  -0.23875   1.1687  1.32405  3.12922 -1.97761  9.28471
    540.89  -0.268061   1.20867   1.32325  3.17112 -1.93571  9.54209
   540.895  -0.279786     1.222   1.31473  3.19147 -1.95247  9.76116
     540.9  -0.277654   1.20841     1.299  3.17591 -2.02549  9.87848
   540.905  -0.267262   1.18336    1.3443  3.12204 -2.09373  9.90481
    540.91  -0.253939   1.16764   1.24864  3.03106 -2.14401  9.88566
   540.915  -0.23955  1.17483  1.28648  2.90058 -2.17034  9.87848
    540.92  -0.229424   1.20814   1.19748   2.7677 -2.17034  9.89164
   540.925  -0.225427   1.25797   1.19722  2.64679 -2.13084  9.87488
    540.93  -0.22676  1.31792  1.21214  2.54623 -2.09852  9.83897
   540.935  -0.230224   1.38454   1.22866  2.46483 -2.09253  9.85214
    540.94  -0.233421   1.44769   1.24065  2.43849 -2.11647  9.90481
   540.945  -0.232622   1.48899   1.24651  2.48398 -2.15119  9.90122
    540.95  -0.227825   1.49832   1.24518  2.55102 -2.17872  9.80426
   540.955  -0.220364   1.48659   1.23239  2.62405 -2.18112  9.67018
    540.96  -0.210239   1.49965   1.20921  2.66116 -2.14042  9.56843
   540.965  -0.197715   1.37468   1.18043  2.65158 -2.12485  9.52294
    540.97  -0.186524    1.4317   1.14579  2.62764 -2.19069  9.48463
   540.975  -0.177464   1.27556   1.10662  2.54623 -2.25175   9.4164
    540.98  -0.171335   1.19588   1.07145  2.42174 -2.31639  9.36731
   540.985  -0.167072   1.13406   1.04213 2.25055 -2.3547 9.36492
    540.99  -0.164141    1.0901   1.02108 2.07817 -2.3128 9.46667
   540.995  -0.157213  0.989642   1.01282  1.86389 -2.27689  9.62349
       541  -0.140426  0.971789   1.02615  1.60651 -2.37026  9.70131
   541.005  -0.122306  0.975786   1.05519  1.34434 -2.49236  9.75039
    541.01  -0.111914   1.00243   1.10076 1.10492 -2.5606 9.81503
   541.015  -0.106319   1.05492   1.15938 0.902614 -2.57257  9.85573
    541.02  -0.103654   1.13433   1.22146 0.791284 -2.55461  9.87488
   541.025  -0.104986   1.22733   1.27636 0.799663 -2.53426  9.92037
    541.03  -0.109516    1.3102   1.31526 0.940921 -2.57616   9.9503
   541.035  -0.128435   1.37441   1.33231  1.10732 -2.62405  9.90361
    541.04  -0.0780735    1.42584    1.32858 1.21985 -2.6408 9.81623
   541.045  -0.167338   1.46901    1.3014 1.28209 -2.6001 9.72525
    541.05  -0.188655   1.49406   1.26117  1.31561 -2.49596  9.67497
   541.055  -0.137495   1.48873   1.21507  1.35272 -2.41814  9.65582
    541.06  -0.2177 1.45515 1.16497  1.34554 -2.37026  9.60673
   541.065  -0.228625   1.41039   1.11728  1.23182 -2.30681   9.4954
    541.07  -0.235819   1.37281   1.07304 1.08457 -2.2697 9.36971
   541.075  -0.23955   1.3483  1.02881 0.931344 -2.22182  9.27633
    541.08  -0.243547   1.33285  0.990708  0.80086 -2.18112  9.23803
   541.085  -0.247544   1.31712  0.953669 0.721852 -2.12485  9.27514
    541.09  -0.245145   1.29634  0.918763 0.675165 -2.05303  9.35055
   541.095  -0.233954   1.26676   0.88359 0.642843 -2.01831  9.42956
     541.1  -0.215302   1.22866  0.850815 0.568623 -2.00275  9.50378
   541.105  -0.191853   1.18736  0.826567 0.462081 -2.03507  9.55287
    541.11  -0.167605   1.15458   0.80898 0.342371 -2.08894  9.54089
   541.115  -0.148686   1.14153  0.792193 0.238223  -2.1488  9.48583
    541.12  -0.137495   1.14845  0.771942  0.17358 -2.20506  9.46548
   541.125  -0.1311 1.16071 0.74796 0.125696   -2.229  9.51097
    541.13  -0.122306   1.16524  0.722646 0.0766145  -2.24935   9.58998
   541.135  -0.110582   1.16098  0.699198 0.00837971   -2.30202     9.6199
    541.14  -0.100989   1.15805  0.678413 -0.0873884   -2.38343    9.57441
   541.145  -0.0977917    1.16311   0.662692 -0.23104 -2.46722  9.52413
    541.15  -0.102322   1.17856  0.660827 -0.45011 -2.57377  9.50019
   541.155  -0.114046   1.20921  0.671485 -0.693121  -2.70066   9.48583
    541.16  -0.12657  1.25584 0.693069  -0.9086 -2.77129  9.50378
   541.165  -0.134564   1.31179  0.728242 -1.09535 -2.77727  9.55047
    541.17  -0.139093   1.37202  0.772208 -1.21745 -2.75333  9.59476
   541.175  -0.140159   1.43383   0.81804 -1.28209  -2.6827  9.62708
    541.18  -0.138028   1.49432  0.861473  -1.2797 -2.59172  9.65701
   541.185  -0.131899   1.54335  0.890784 -1.20069 -2.46722  9.69412
    541.19  -0.120175   1.56946  0.904374 -1.04986 -2.33914  9.71926
   541.195  -0.103387   1.56653  0.901709 -0.857124  -2.28886   9.69532
     541.2  -0.0863338    1.54282   0.879326 -0.733823  -2.26611   9.59596
   541.205  -0.0724778    1.51244   0.841222 -0.703895  -2.23499   9.47386
    541.21  -0.0634181    1.48393   0.790594 -0.703895   -2.1895    9.3733
   541.215  -0.0567565    1.45648   0.728242 -0.717063  -2.12605   9.31943
    541.22  -0.0458315    1.42797   0.659761 -0.774524  -2.06859   9.30626
   541.225  -0.0309096    1.39626    0.59128 -0.88346 -2.03866  9.28352
    541.23  -0.0167871    1.36296   0.528662 -1.04148  -2.0626  9.23324
   541.235  -0.00692802     1.32832    0.478833 -1.24259 -2.11288   9.2081
    541.24        -0  1.29447 0.448456 -1.47004 -2.17753  9.20331
   541.245  0.00506279    1.26889   0.433534 -1.69869  -2.2278  9.18176
    541.25  0.0085268   1.25717  0.430603  -1.8986 -2.23738  9.15782
   541.255  0.0127902   1.25584  0.438064 -2.03148  -2.2697  9.15782
    541.26  0.013856  1.25637 0.453519 -2.13204 -2.32597  9.16022
   541.265  0.00719449     1.2625     0.4783 -2.25414 -2.35949  9.14106
    541.27  -0.00506279     1.28542    0.506812 -2.36188 -2.37744  9.12311
   541.275  -0.0173201    1.32752   0.530527 -2.40857 -2.33674  9.13148
    541.28  -0.0255804    1.37601   0.544649 -2.36906 -2.26731  9.19613
   541.285  -0.0269127    1.41252   0.544383 -2.27808 -2.20745  9.28711
    541.29  -0.0234487    1.42637   0.532925 -2.20386 -2.17274  9.33978
   541.295  -0.0165207    1.42264   0.515871 -2.18591 -2.20865  9.32182
     541.3  -0.00879326     1.41572    0.498018 -2.25893 -2.28886  9.23563
   541.305  -0.00746095     1.42371    0.480165 -2.39061 -2.36068  9.09677
   541.308  -0.014389   1.45249  0.460447 -2.51631 -2.36547  8.97466
   541.315  -0.0242481    1.48739   0.438064 -2.57616 -2.33076  8.94474
    541.32  -0.0290444    1.50578    0.41355 -2.61447 -2.27808  8.98304
   541.325  -0.0223828    1.49885   0.389302 -2.67791 -2.22182  9.03452
    541.33  -0.00559571     1.47194    0.367185 -2.74974 -2.22182   9.0429
   541.335  0.0157213    1.4381  0.343737 -2.81798 -2.24576  9.02135
    541.34  0.0407688   1.40293  0.318956 -2.88262 -2.22421  9.00818
   541.345  0.0676815   1.36695  0.292043 -2.94487 -2.20506  8.99861
    541.35  0.0913966   1.33205   0.26593 -3.06218 -2.16795  8.97945
   541.355  0.115911  1.30247 0.248609 -3.20224 -2.17034  8.92798
    541.36  0.136962  1.28621 0.234221 -3.31836 -2.17633  8.80468
   541.365  0.144956  1.28888 0.221164 -3.38899 -2.14281  8.65025
    541.37  0.141758  1.30593 0.205709 -3.39378 -2.10929  8.54491
   541.375  0.133498  1.32538 0.185458 -3.40096 -2.09852  8.48864
    541.38  0.120441  1.34537 0.168671 -3.47279 -2.10091  8.44794
   541.385  0.102588  1.37228 0.152683 -3.56616 -2.10929  8.40125
    541.39  0.0847351   1.40985  0.135096 -3.62961 -2.08535   8.3809
   541.395  0.0756753   1.44716  0.112714 -3.60327 -2.08415   8.4252
     541.4  0.0786064   1.46634 0.0796723 -3.54222 -2.07458  8.49343
   541.405   0.088732   1.45862 0.0402358 -3.51828 -2.05303   8.5485
    541.41     0.107118     1.42664 -0.00266462 -3.54342 -2.02549  8.57364
   541.415    0.132432    1.37841 -0.0474303 -3.58651 -2.02071   8.5485
    541.42    0.160144    1.32059 -0.0879326 -3.67151 -2.05782  8.47428
   541.425   0.185191   1.26436 -0.120974  -3.8391 -2.12366  8.36414
    541.43    0.20411   1.22493 -0.145489 -4.05578 -2.17992  8.25042
   541.435   0.216634   1.20468 -0.164407 -4.25091 -2.22421  8.16064
    541.44   0.224095   1.19269 -0.176132 -4.42448 -2.25534  8.11275
   541.445    0.22676   1.18016 -0.176931 -4.60166 -2.34512  8.05888
    541.45   0.219565    1.1711 -0.167871 -4.79199 -2.44089  7.93199
   541.455   0.201712   1.17643 -0.149485 -4.94762 -2.49835  7.79432
    541.46   0.176931   1.19428 -0.130833 -5.02423 -2.51511  7.74045
   541.465  0.154282   1.2116 -0.11298 -5.09366 -2.44209  7.76918
    541.47    0.139626    1.22599 -0.0929954 -5.14873 -2.35589  7.80031
   541.475    0.131366    1.23772 -0.0754089 -5.15591 -2.29963  7.80869
    541.48  0.127103  1.24598 -0.05649  -5.1619 -2.26372  7.81228
   541.485    0.125504    1.25397 -0.0405023 -5.14753 -2.25534  7.80869
    541.49    0.126037     1.2665 -0.0290444 -5.15352 -2.21224  7.79552
   541.495    0.129501    1.28675 -0.0218499 -5.15831 -2.17394  7.79193
     541.5    0.13483   1.30567 -0.021317 -5.14155 -2.17034  7.80749
   541.505    0.142025    1.31553 -0.0210505 -5.14993 -2.18591  7.82545
    541.51    0.150018    1.31926 -0.0191853 -5.20021 -2.19548  7.81827
   541.515    0.157479    1.32379 -0.0181194 -5.26724 -2.19788  7.77756
    541.52   0.163608   1.33338 -0.021317 -5.31992 -2.20386  7.69496
   541.525    0.166806    1.34217 -0.0287779 -5.34984 -2.21224  7.58244
    541.53    0.166006     1.3427 -0.0370383 -5.36301 -2.20027  7.49026
   541.535    0.164141    1.32752 -0.0492956 -5.35583 -2.17274  7.43041
    541.54    0.165207    1.29581 -0.0607534 -5.37139 -2.13683   7.3921
   541.545    0.170802    1.25344 -0.0698132  -5.4109 -2.11647  7.36217
    541.55    0.180662    1.21001 -0.0796723  -5.4911 -2.05782  7.32865
   541.555    0.192652    1.17403 -0.0879326 -5.58807 -2.01233  7.28556
    541.56    0.192652    1.17403 -0.0879326 -5.65391 -2.00036  7.21612
   541.565  0.203044  1.14739 -0.10019 -5.65391 -2.00036  7.21612
    541.57   0.209173     1.129 -0.116444 -5.68982 -1.96923  7.12275
   541.575   0.211571   1.11461 -0.134564 -5.67426 -1.95726  7.03416
    541.58   0.209706   1.09969 -0.157479  -5.6551 -1.98599  6.95994
   541.585   0.203577   1.08317 -0.180662 -5.70419 -2.00155  6.90967
    541.59   0.196116   1.07011 -0.205443 -5.77242 -1.99437  6.88333
   541.595   0.193452   1.06159 -0.232622 -5.82988 -1.95846   6.8965
     541.6    0.19958   1.04666 -0.257403 -5.88974 -1.94888  6.95037
   541.605   0.212904   1.01762 -0.276055 -5.96874 -1.99557   6.9791
    541.61   0.225694  0.982714 -0.285115 -6.05015  -2.0638  6.93361
   541.615   0.237418  0.954202 -0.290444 -6.10881 -2.11647  6.87495
    541.62   0.247011  0.931553 -0.296306 -6.16387 -2.12845  6.87495
   541.625   0.258202  0.905173 -0.297639 -6.22253 -2.14281  6.92643
    541.63   0.272325  0.875596 -0.293908 -6.29675  -2.1871  6.96114
   541.635   0.281118  0.855878 -0.288046  -6.3997 -2.20267  6.95276
    541.64   0.284315  0.855878 -0.282717 -6.46434 -2.19548  6.94797
   541.645   0.288046  0.870266 -0.280851 -6.48948 -2.16196  6.98508
    541.65   0.296306  0.886521 -0.281651 -6.50385 -2.13922   7.0198
   541.655   0.306698  0.895314 -0.284582 -6.50624 -2.14999  7.00184
    541.66   0.313893  0.899844 -0.285115 -6.50864 -2.19668  6.91805
   541.665   0.313626  0.905706 -0.286714 -6.49307 -2.26252  6.81988
    541.67   0.308031  0.913966 -0.289911 -6.50026 -2.26252  6.73968
   541.675   0.301636  0.923559 -0.290977 -6.52779 -2.20626  6.69179
    541.68   0.298438  0.931286 -0.293375 -6.52899 -2.16077  6.65708
   541.685   0.296839  0.934484 -0.297106 -6.51821 -2.14281  6.58765
    541.69   0.291776  0.936349 -0.300303 -6.50624 -2.18591  6.47392
   541.695   0.280585  0.941412 -0.303767 -6.50983 -2.23259  6.34942
     541.7  0.262998 0.950738  -0.3043 -6.52061 -2.23738   6.2764
   541.705   0.243813  0.959798 -0.307231 -6.51343 -2.20985  6.27281
    541.71   0.231289   0.96193 -0.313893 -6.50385 -2.17394  6.33027
   541.715   0.227292  0.952603 -0.326417 -6.51941 -2.15358  6.41407
    541.72  0.231556 0.930753 -0.33974 -6.56969 -2.18351  6.45477
   541.725   0.237418  0.907305 -0.352796  -6.6499 -2.24337  6.41885
    541.73  0.241415 0.892383 -0.36532 -6.74566 -2.28646  6.37217
   541.735   0.245678  0.883323 -0.373847 -6.88333  -2.3104  6.38055
    541.74   0.251807  0.872132 -0.371715 -7.05092 -2.38822  6.42125
   541.745   0.256337  0.863072 -0.356527  -7.2257 -2.50793  6.40928
    541.75   0.255271  0.871066 -0.332012 -7.40407 -2.58933  6.35301
   541.755   0.250475  0.898778 -0.305899 -7.51779 -2.59771  6.33147
    541.76   0.249409  0.928622 -0.277121 -7.50702 -2.55461  6.34703
   541.765   0.251008  0.945942 -0.251807 -7.39329 -2.53546  6.33506
    541.77   0.251541  0.953403 -0.234487 -7.27478 -2.49596  6.25365
   541.775   0.250475  0.962729 -0.224361 -7.18021 -2.40857  6.14831
    541.78   0.249142  0.975253 -0.225694 -7.05212 -2.32238  6.06332
   541.785   0.249675  0.981648 -0.241149 -6.88094 -2.22062   5.9879
    541.79  0.255804 0.971789 -0.26966 -6.68701 -2.14161  5.96994
   541.795   0.268328   0.94381 -0.311228 -6.55413 -2.08296  5.93044
     541.8   0.285381  0.904374 -0.356527 -6.53856 -2.05662  5.87896
   541.805   0.301103  0.861473 -0.398894 -6.58884  -2.1045  5.85263
    541.81   0.313626  0.822303 -0.434867 -6.68461 -2.18351  5.85023
   541.815   0.324018  0.791394 -0.466309  -6.8115 -2.26132  5.86579
    541.82    0.33441  0.770609 -0.493222 -6.95156 -2.30681  5.89931
   541.825   0.347467  0.756753 -0.516937 -7.09282 -2.32597  5.94001
    541.83  0.363721 0.744496 -0.53559 -7.22331 -2.34991  5.98191
   541.835   0.384239  0.727176 -0.546781 -7.33703 -2.40976  5.98191
    541.84    0.40822  0.707724 -0.549179 -7.46033 -2.51511  5.94001
   541.845   0.429804  0.698132 -0.544916 -7.62793  -2.6025  5.92086
    541.85   0.448723  0.705859 -0.531859 -7.80869 -2.65756  5.93523
   541.855  0.466576 0.720781 -0.51294 -7.95593 -2.68151  5.93762
    541.86   0.484962  0.733838 -0.487093 -8.08043 -2.66235  5.89692
   541.865   0.505479  0.745029 -0.456184 -8.13191 -2.67073   5.8215
    541.87   0.525198  0.753023 -0.429005 -8.10677 -2.65876   5.7389
   541.875   0.544916  0.754089 -0.405289 -8.03734 -2.66475  5.64313
    541.88   0.564368  0.744496 -0.388769 -7.91044  -2.6851  5.48272
   541.885   0.577691  0.727176 -0.379709 -7.70574 -2.73418  5.29717
    541.89   0.579556  0.713054 -0.383972 -7.45554 -2.68989  5.21098
   541.895    0.56943  0.707991 -0.406355 -7.29394 -2.56778  5.25767
     541.9   0.557972  0.709856 -0.436998 -7.24126 -2.48398  5.38097
   541.905   0.554242  0.713587 -0.472704 -7.22929 -2.42413  5.50188
    541.91  0.560904 0.715718 -0.50921 -7.25204 -2.42892  5.55096
   541.915   0.575026  0.718116 -0.541718 -7.29633 -2.50553  5.51863
    541.92   0.586484  0.724778 -0.570496 -7.37654   -2.642   5.4109
   541.925   0.587017  0.737568 -0.591813 -7.48068 -2.83354  5.23492
    541.93  0.572095 0.755421 -0.60487 -7.56927  -2.9712  5.06972
   541.935   0.539054  0.777804 -0.610732 -7.64588 -2.99395  5.01585
    541.94   0.498285  0.798322 -0.608867 -7.74405 -2.91494  5.09127
   541.945  0.463378 0.805516 -0.60034 -7.77278 -2.79643  5.23253
    541.95   0.444992  0.793259 -0.586484 -7.78475 -2.70665  5.33907
   541.955   0.446325  0.767678 -0.574493 -7.79313 -2.65397  5.35224
    541.96    0.46098    0.7389 -0.567032 -7.75602  -2.6827  5.27802
   541.965     0.4791  0.716784 -0.565167 -7.67821 -2.73418  5.16549
    541.97  0.493222 0.703727 -0.57476 -7.96192 -2.71981  5.10085
   541.975   0.504946     0.696 -0.591547 -7.68299 -2.72221   5.0781
    541.98   0.518003  0.687473 -0.610466 -7.74045 -2.74256  5.05416
   541.985   0.531593  0.672551 -0.633381 -7.81228 -2.76889  5.05177
    541.99   0.548646  0.650168 -0.653099 -7.89488 -2.80481  5.05895
   541.995   0.572361  0.620058 -0.668821 -7.97389 -2.86586  5.01944
       542   0.598475  0.584086 -0.676282 -7.99903 -2.98198  4.89495
   542.005   0.617394  0.555308 -0.677614 -8.00262 -3.03585  4.80636
    542.01   0.624855  0.539853 -0.680279 -8.01339 -3.02029  4.85784
   542.015   0.628851  0.525997 -0.685342 -7.99065  -2.9736   4.9967
    542.02   0.636046  0.497752 -0.686674 -7.93319  -2.9305  5.11641
   542.025   0.653366  0.455384 -0.693069  -7.8434 -2.90536  5.21098
    542.03   0.683476  0.406622 -0.705326  -7.7608 -2.87185  5.32111
   542.035   0.722913  0.355461 -0.711988 -7.73327  -2.8503  5.40132
    542.04   0.770343  0.303501 -0.705859 -7.77756  -2.8922  5.36301
   542.045   0.814842  0.266462 -0.690404 -7.87692 -2.96522  5.26844
    542.05   0.842821  0.265663 -0.734104 -8.00741 -3.02029  5.25527
   542.055   0.856144  0.302435 -0.631516 -8.15226 -3.07416  5.29238
    542.06   0.860407  0.361856 -0.593145 -8.27676 -3.14359  5.31154
   542.065   0.855345  0.441262 -0.561969 -8.32105 -3.18788  5.31752
    542.07   0.847084   0.53932 -0.542784 -8.28154 -3.21062  5.31513
   542.075   0.842021  0.643507 -0.536655 -8.18218 -3.26689   5.2864
    542.08   0.840689  0.737835 -0.547314 -8.06846 -3.31358  5.26006
   542.085  0.840956  0.80898 -0.56943  -7.9703 -3.33153  5.27802
    542.09   0.847617  0.846818 -0.603538 -7.87333 -3.33991   5.3271
   542.095    0.86547  0.886254 -0.645106 -7.81587 -3.29203  5.37259
     542.1   0.901176  0.768211 -0.693868 -7.79313 -3.23696  5.40611
   542.105   0.957666  0.770609 -0.747694  -7.7644 -3.18189  5.43484
    542.11    1.03068  0.688806 -0.812977 -7.71531 -3.20703   5.3666
   542.115    1.11142  0.675216 -0.901176 -7.62434 -3.29442  5.12958
    542.12   1.19295 0.529461 -1.01416  -7.4328 -3.39019  4.85065
   542.125    1.2665 0.433801 -1.14339  -7.2269 -3.40815  4.70221
    542.13   1.32805 0.228358 -1.26516   -7.185 -3.35308  4.69862
   542.135    1.38507 0.0591547  -1.35683 -7.39808 -3.31358  4.71059
    542.14    1.44236 -0.104986  -1.41465 -7.81946 -3.36984  4.65313
   542.145    1.49406 -0.231289  -1.44023 -8.32224 -3.47159  4.59208
    542.15    1.53536 -0.307764  -1.43064  -8.8382 -3.54701  4.53342
   542.155    1.56973 -0.339473  -1.39573 -9.19613 -3.70622   4.5023
    542.16    1.58945 -0.344003   -1.3491 -9.44273 -3.86783  4.52744
   542.165    1.59211 -0.336542  -1.29741  -9.6223 -3.98515  4.59088
    542.17    1.58465 -0.328548  -1.24038 -9.70609 -4.07014  4.63398
   542.175    1.57799 -0.321354  -1.18443 -9.64624 -4.17668  4.58968
    542.18    1.63315 -0.314159  -1.14286  -9.4547 -4.23893  4.48314
   542.185    1.54282 -0.310162  -1.11568 -9.22246 -4.24971  4.38019
    542.19    1.51271 -0.313626  -1.10848 -8.99023 -4.24851  4.30238
   542.195    1.54628 -0.325884  -1.12021 -8.81425 -4.18028  4.27245
     542.2   1.44876   -0.348 -1.14206 -8.71968 -4.06775  4.32034
   542.205    1.49752 -0.381841  -1.15858  -8.7544 -3.94205  4.38737
    542.21    1.41598 -0.418346  -1.14739 -8.91601 -3.77925  4.40294
   542.215    1.40692 -0.443127  -1.08797 -9.12311 -3.61285  4.37899
    542.22    1.38934 -0.453519 -0.989375 -9.26436 -3.61764  4.34907
   542.225    1.35683  -0.45272 -0.902508  -9.3733 -3.91452   4.2928
    542.23     1.3078 -0.438064 -0.886787 -9.49899 -4.14556  4.23774
   542.235     1.2585 -0.420744 -0.892649   -9.578 -4.06895  4.22816
    542.24     1.2148 -0.415948 -0.876395 -9.52174 -3.91572  4.27724
   542.245    1.18443 -0.434334 -0.850282 -9.37091 -3.74214  4.41491
    542.25     1.1751 -0.488426 -0.825234 -9.14106 -3.60088  4.58968
   542.255    1.18149 -0.574493 -0.807381 -8.91361 -3.49434  4.66031
    542.26    1.19428 -0.672818  -0.79619 -8.72926 -3.43209  4.63398
   542.265    1.21107 -0.774074  -0.79992 -8.5461 -3.3866 4.64954
    542.27    1.23878 -0.889985 -0.813776 -8.37013 -3.21302  4.78481
   542.275    1.28515  -1.03601 -0.813776 -8.20613 -2.97001  5.02543
    542.28    1.34777   -1.2188 -0.796723 -8.11994 -2.89818  5.27443
   542.285    1.41252  -1.42424 -0.769011 -8.25281 -2.96282   5.4504
    542.29    1.46927  -1.62329 -0.718116 -8.54131 -3.06099  5.50188
   542.295    1.50445   -1.7789 -0.633115 -8.86812 -3.15077  5.37259
     542.3    1.51244  -1.86204 -0.521467 -9.11233 -3.27048   5.1595
   542.305    1.49459  -1.87456 -0.406089 -9.22965 -3.41054  5.02543
   542.308   1.45302 -1.84072 -0.29977 -9.27035  -3.5099  5.00268
   542.315    1.39493  -1.77944 -0.207308 -9.27873 -3.56138  5.02663
    542.32    1.32432  -1.69763 -0.129767 -9.24162 -3.58651  5.02423
   542.325     1.24198   -1.59984 -0.0695467   -9.165 -3.57813  5.01346
    542.33     1.15059   -1.50072 -0.0237152 -9.02973 -3.52786  5.10324
   542.335     1.05945   -1.42025 0.00666156 -8.86094 -3.45244  5.29597
    542.34   0.975786  -1.37361 0.0218499 -8.65624 -3.37223  5.54617
   542.345   0.905173  -1.36429 0.0301103 -8.44914 -3.27766  5.81073
    542.35   0.855611  -1.38187 0.0309096 -8.28394 -3.19985  6.04177
   542.355   0.825767  -1.41065 0.0165207 -8.15465    -3.14  6.22852
    542.36     0.808714    -1.43863 -0.00692802 -8.03734 -3.08134  6.39252
   542.365    0.805782   -1.45942 -0.0383706 -7.87692 -2.99155  6.55892
    542.37    0.819372   -1.47913 -0.0738101 -7.67701 -2.82755  6.74806
   542.375    0.847617   -1.51004 -0.0972588 -7.47589 -2.62524  6.97072
    542.38   0.888919  -1.55641 -0.109783 -7.28316 -2.49476  7.16944
   542.385   0.935283  -1.61156 -0.113513 -7.15507  -2.3966  7.28675
    542.39   0.982181  -1.66139 -0.107917 -7.05691 -2.33554  7.31907
   542.395    1.02428  -1.69443 -0.099124 -6.97431 -2.27928  7.30351
     542.4     1.06532   -1.70323 -0.0935283 -6.91206 -2.20267  7.29513
   542.405     1.10902    -1.6915 -0.0975253 -6.85221  -2.1452   7.3071
    542.41    1.14979  -1.66859 -0.107651 -6.78756 -2.10929  7.32985
   542.415    1.19349  -1.63874 -0.124172 -6.74566 -2.08535  7.35738
    542.42    1.24305   -1.6041 -0.143357 -6.71693   -2.065   7.3897
   542.425    1.29581  -1.56866 -0.163075 -6.70137  -2.0219  7.43878
    542.43    1.34377  -1.54255 -0.180129 -6.66785 -1.99437  7.50103
   542.435    1.37441  -1.53296 -0.192119 -6.63074 -1.95965  7.56209
    542.44     1.3912  -1.54228 -0.203311 -6.58046 -1.91776  7.65785
   542.445    1.40239  -1.57399 -0.217433 -6.52659 -1.88184  7.75721
    542.45    1.40932   -1.6153 -0.233155 -6.49786  -1.8591  7.74165
   542.455    1.41678  -1.64887 -0.255271 -6.45716 -1.84593  7.73088
    542.46     1.4293  -1.67019 -0.282717 -6.42843 -1.80523  7.73207
   542.465   1.44396 -1.68538 -0.30883 -6.36977 -1.74896    7.762
    542.47    1.45622  -1.71069 -0.331213 -6.27041  -1.6939  7.85897
   542.475    1.46981  -1.75705 -0.346668 -6.1507 -1.6508 7.99424
    542.48   1.48713 -1.81781 -0.35626 -6.04775  -1.6508  8.05769
   542.485    1.50471   -1.8719 -0.362655 -6.01423 -1.64482  7.99304
    542.49    1.51457  -1.89695 -0.367718 -5.97473 -1.64242   7.8446
   542.495    1.51111  -1.88815 -0.374913  -5.9053 -1.60172  7.69496
     542.5    1.49112  -1.85911 -0.374646  -5.8239 -1.51433  7.65067
   542.505   1.45915  -1.8234 -0.36985  -5.7377 -1.43173  7.70813
   542.508    1.42557  -1.78477 -0.367185 -5.66708 -1.33596  7.81228
   542.515     1.3976  -1.74266 -0.365054 -5.60842 -1.22344  7.93438
    542.52   1.38108  -1.6963 -0.36159 -5.56412 -1.08338  8.06128
   542.525   1.37628 -1.65047 -0.35173  -5.50906 -0.960075   8.21091
    542.53   1.37628 -1.61929 -0.33521  -5.41449 -0.875081   8.39886
   542.535    1.37495  -1.61823 -0.318156  -5.29597 -0.815226   8.59399
    542.54    1.37148  -1.64621 -0.301103 -5.17626 -0.78051  8.72327
   542.545    1.36216  -1.68857 -0.282717  -5.08289 -0.741005    8.7556
    542.55     1.3475  -1.72801 -0.262199  -5.02064 -0.694318   8.74003
   542.555    1.32911  -1.75519 -0.243813  -4.96438 -0.672771   8.71849
    542.56    1.30833  -1.76771 -0.231023  -4.90692 -0.618901    8.7125
   542.565    1.28941  -1.77118 -0.224361  -4.78242 -0.553061   8.74602
    542.57    1.27396  -1.77411 -0.228891  -4.61961 -0.469264   8.79749
   542.575    1.26037  -1.77784 -0.232089  -4.48793 -0.357933   8.82263
    542.58    1.24758   -1.7773 -0.226493   -4.3766 -0.295684   8.80228
   542.585    1.22999  -1.76611 -0.217167  -4.28802 -0.274136   8.72447
    542.59    1.20494  -1.74107 -0.203577 -4.18866 -0.27653  8.62152
   542.595    1.17243  -1.70456 -0.191054  -4.06655 -0.294487   8.53054
     542.6    1.13273   -1.6582 -0.180129   -3.9636 -0.301669    8.4647
   542.605    1.08823  -1.60117 -0.168671 -3.89297 -0.29329  8.42041
    542.61    1.04027  -1.53163 -0.155081  -3.84389 -0.253785   8.40724
   542.615    0.99204  -1.45302 -0.141492  -3.78404 -0.192733   8.45752
    542.62   0.947541  -1.37601 -0.128968  -3.70982 -0.123301   8.58441
   542.625   0.908104  -1.31233 -0.114845   -3.62722 -0.0706289    8.74482
    542.63    0.870533   -1.26756 -0.0972588   -3.54462 -0.0275333    8.88488
   542.635    0.834561   -1.23852 -0.0762083  -3.47997 0.0287304   8.98424
    542.64    0.800986     -1.218 -0.0500949  -3.43089 0.0957681   9.06086
   542.645    0.768744   -1.20228 -0.0245145  -3.3866 0.152032   9.1255
    542.65     0.738368    -1.19215 -0.00452986 -3.33752 0.201113  9.17458
   542.655    0.709856   -1.18629 0.00692802 -3.25372 0.237026  9.18536
    542.66  0.682677  -1.1791 0.014389  -3.1783 0.302867  9.15782
   542.665   0.659228   -1.1703 0.0226493 -3.08852 0.379481  9.13148
    542.67   0.641375  -1.16338 0.0250475 -2.97599  0.44173   9.1255
   542.675   0.628319  -1.16391 0.0250475 -2.85987  0.52433  9.13867
    542.68   0.617394  -1.17457 0.0239816 -2.71383 0.573411  9.14346
   542.685   0.608067  -1.19402 0.0135896 -2.57736 0.604536  9.11712
    542.69  0.599541 -1.21587        0 -2.45525 0.629675   9.0836
   542.695    0.590214   -1.23798 -0.0167871 -2.32836 0.640449  9.05487
     542.7    0.581688   -1.26357 -0.0333078 -2.19429   0.6608  9.04889
   542.705    0.577957   -1.29794 -0.0458315 -2.04225 0.665588  9.07043
    542.71    0.577957   -1.33817 -0.0578224 -1.92494   0.6608  9.07881
   542.715    0.578757   -1.37521 -0.0684809 -1.85192 0.646434  9.06804
    542.72    0.578757   -1.40026 -0.0786064 -1.83396 0.665588  9.06924
   542.725    0.579023   -1.41438 -0.0895314 -1.83755 0.727837  9.12311
    542.73   0.582221  -1.42291 -0.100723 -1.82797 0.808043  9.22246
   542.735    0.58755  -1.43117 -0.108184 -1.81361 0.872687  9.30746
    542.74   0.589681  -1.43836 -0.107651 -1.81002 0.903811  9.33858
   542.745    0.58302  -1.43943 -0.104453 -1.82678 0.907402  9.30866
    542.75   0.566499  -1.43064 -0.101522 -1.84354 0.902614  9.26795
   542.755   0.544649  -1.41838 -0.102322 -1.80044  0.88346  9.29669
    542.76   0.524398  -1.41811 -0.107917 -1.71664 0.906205   9.4164
   542.765   0.511608   -1.4397 -0.109783 -1.59813 0.936133  9.54927
    542.77  0.506279   -1.477 -0.10925 -1.48321 0.950498  9.61033
   542.775    0.50468  -1.51537 -0.103387 -1.40659  0.97444  9.60793
    542.78    0.503614   -1.54735 -0.0919296 -1.33357 0.970849  9.59476
   542.785    0.500949   -1.57266 -0.0868668 -1.26653 0.942118  9.60075
    542.79    0.496953   -1.59371 -0.0847351 -1.18992 0.931344  9.64504
   542.795    0.494554    -1.6145 -0.0847351 -1.08577 0.932542  9.69412
     542.8    0.493755   -1.63448 -0.0839357 -0.980426  0.950498   9.70609
   542.805    0.490291   -1.64567 -0.0802052 -0.889446  0.951695   9.65462
    542.81   0.482564  -1.63688 -0.077807 -0.837971   0.97444   9.55885
   542.815     0.47457   -1.60224 -0.0751424 -0.781707   1.01634   9.48104
    542.82   0.472171  -1.55001 -0.070879 -0.717063   1.08098   9.48702
   542.825    0.478034   -1.49672 -0.0634181 -0.640449   1.12887    9.5792
    542.83    0.489758   -1.45595 -0.0554242 -0.539892   1.13365   9.69053
   542.835    0.501482   -1.43064 -0.0468974 -0.438139   1.13485   9.76595
    542.84    0.507611   -1.41412 -0.0343737 -0.363919   1.14443   9.78031
   542.845    0.504413   -1.39786 -0.0226493 -0.351948   1.16837   9.72525
    542.85    0.493222   -1.37441 -0.0114579 -0.353145   1.21865   9.65941
   542.855       0.4783     -1.3515 -0.00266462 -0.286107   1.25815   9.63906
    542.86    0.465243   -1.33791 0.00532925 -0.189142   1.30604   9.61751
   542.865   0.455118  -1.33364 0.0197182 -0.094571   1.33716   9.57322
    542.87  0.444459 -1.33658 0.035706 0.0035913   1.32998   9.49899
   542.875    0.43087  -1.34457 0.0498285 0.0790087   1.34434   9.41879
    542.88   0.415415  -1.35123 0.0684809 0.137667   1.3611  9.33619
   542.885   0.397828  -1.35363 0.0831363 0.201113  1.33956  9.25479
    542.89   0.376778  -1.35549 0.0919296 0.281319  1.32399  9.21169
   542.895   0.356793  -1.36296 0.0951271 0.402226  1.31561   9.2093
     542.9  0.340539 -1.37495 0.096193 0.519542  1.34674  9.22845
   542.905  0.329081 -1.38507 0.100989 0.622492  1.39223  9.22606
    542.91  0.320554 -1.38241 0.106585 0.687136  1.44729  9.48942
   542.915  0.314692 -1.36082 0.113513 0.738611  1.50476  8.91601
    542.92  0.313093 -1.32432 0.120175 0.787692  1.57778  9.30507
   542.925  0.316557 -1.28435 0.126836 0.859518   1.6496  9.37689
    542.93  0.324018 -1.25237 0.135629 0.948104   1.6927    9.414
   542.935  0.333877 -1.23186 0.148153  1.0343 1.71305 9.41999
    542.94  0.343737 -1.21933 0.166539 1.10732 1.72143 9.39485
   542.945  0.350931 -1.21027 0.184658 1.16957 1.69031 9.35415
    542.95   0.35253 -1.20041 0.201179 1.20907  1.6496 9.31823
   542.955  0.345868 -1.19162 0.212904 1.25336 1.60292 9.29429
    542.96   0.33521 -1.18389 0.218499 1.30723 1.58975 9.28352
   542.965  0.324551 -1.17803  0.22676 1.38624 1.60052 9.26317
    542.97  0.314426 -1.17243 0.236086 1.47004 1.59933 9.21648
   542.975  0.302968 -1.16338 0.247544 1.50954 1.62566  9.1686
    542.98  0.290444 -1.14792 0.264597 1.54665 1.65679 9.14346
   542.985  0.276855 -1.12953 0.277121 1.61609 1.65918  9.1267
    542.99    0.2606 -1.11248 0.285648 1.69749 1.63883 9.07043
   542.995  0.241149 -1.09569 0.291776 1.78607 1.63763 8.97347
       543  0.214502 -1.07384 0.295773 1.83396 1.64003 8.88249
   543.005  0.182793 -1.04027 0.301636  1.8591 1.63524 8.82862
    543.01    0.14842 -0.997369    0.3043 1.88543 1.65918 8.84538
   543.015   0.115378 -0.955268  0.305366 1.95127 1.70826 8.90763
    543.02  0.0924625 -0.925691  0.309096   2.065 1.76572 8.98664
   543.025   0.085268 -0.912634   0.31789  2.1895 1.82678 9.06325
    543.03  0.0940613 -0.911035  0.329081  2.2697 1.87346 9.14106
   543.035   0.113247 -0.917164  0.340539  2.3128 1.88184 9.21528
    543.04   0.134297 -0.935816  0.351997 2.37146 1.84234 9.26077
   543.045   0.153216 -0.971789  0.362123 2.46722 1.80403 9.26915
    543.05  0.168138 -1.02108 0.370383 2.56778 1.78129 9.25119
   543.055  0.182527 -1.07091 0.377311 2.66594 1.78607 9.18775
    543.06  0.195051 -1.10955 0.377311 2.74016 1.81002 9.07642
   543.065  0.201712  -1.1266 0.375446 2.79164  1.8172 8.94115
    543.07  0.199047 -1.11834 0.369317 2.81678 1.83037 8.84059
   543.075  0.187323  -1.0877 0.359724 2.88262 1.82797 8.80109
    543.08  0.169737  -1.0472 0.353063 3.00831 1.75495 8.78672
   543.085   0.14762 -1.00909 0.343204 2.78206 1.69749 8.74123
    543.09   0.116711 -0.978184  0.325351 3.07655 1.70228 8.66103
   543.095  0.0788729 -0.945409  0.311495 3.07056  1.6939 8.57483
     543.1  0.0394364 -0.903041  0.301902 3.11964 1.64721 8.54012
   543.105  -0.000266462     -0.85721     0.293109 3.17591 1.61369 8.56765
    543.11  -0.0365054  -0.818839   0.279786 3.20703  1.6101 8.62152
   543.115  -0.0650168  -0.791394   0.267795 3.21661 1.61249 8.66103
    543.12  -0.0855345  -0.771675   0.259534 3.19865 1.61848 8.68497
   543.125  -0.101789 -0.753023  0.255538 3.16394 1.62566 8.72208
    543.13  -0.116178 -0.734904  0.253672 3.15436 1.64362 8.79869
   543.135  -0.127636 -0.723979  0.253139 3.17351  1.6939 8.90643
    543.14  -0.132432 -0.725044  0.256337 3.19147 1.75615 8.98065
   543.145  -0.127902 -0.736769  0.272858 3.17351 1.84473 8.99741
    543.15  -0.115112 -0.749292   0.22143 3.14957 1.91895 8.99262
   543.155  -0.096193 -0.756221  0.305632 3.14838 1.95965 8.99741
    543.16  -0.0716784  -0.759152   0.324285  3.1795 1.95127 8.97826
   543.165  -0.0442328  -0.761816   0.273657 3.23337 1.86269 8.88608
    543.17  -0.0194518  -0.762083   0.353596 3.25971 1.77769 8.71968
   543.175  -0.00399694   -0.753822    0.368251 3.25611 1.71305 8.53892
    543.18  -0.000799387    -0.731972     0.379709 3.27527  1.6101 8.40604
   543.185  -0.010392 -0.701596  0.383706  3.3016 1.51792 8.31506
    543.19  -0.0314426  -0.672818   0.383972 3.35428 1.42096 8.22528
   543.195  -0.0612864  -0.650168    0.37891 3.40934 1.34434 8.11994
     543.2  -0.100456  -0.63045  0.372248 3.43209 1.32519 8.03255
   543.205   -0.14762 -0.610199   0.36532 3.41054 1.34075 7.98347
    543.21  -0.196383 -0.586484  0.359191  3.3842 1.36589 7.97748
   543.215  -0.241681 -0.558239  0.353063 3.40216 1.37188 8.03973
    543.22   -0.28245 -0.514539  0.345868 3.43688 1.38505  8.1774
   543.225  -0.314426  -0.51747  0.340006 3.45723 1.43054 8.35816
    543.23  -0.332812 -0.537455  0.338674 3.44645 1.49638 8.52096
   543.235  -0.335743 -0.496153  0.346934 3.39378 1.54785 8.60835
    543.24  -0.327749 -0.588616  0.363721 3.32914 1.56102  8.6287
   543.245  -0.316557 -0.609933  0.386637 3.29083 1.56102 8.64786
    543.25  -0.307231 -0.567299  0.415681 3.31477 1.56102 8.68497
   543.255  -0.297905  -0.66962  0.443926 3.39737 1.55743 8.73285
    543.26  -0.281917 -0.712521  0.472971 3.50391 1.53827 8.76038
   543.265  -0.255804 -0.756753  0.499084 3.64876 1.44729 8.72686
    543.27  -0.224628 -0.792459  0.515072 3.78882 1.35991 8.65384
   543.275  -0.196116 -0.813776  0.527329 3.89896  1.3204 8.58441
    543.28  -0.174799 -0.824168  0.532126 4.03303 1.25217 8.55688
   543.285   -0.16121 -0.828432  0.526796 4.16352  1.1983 8.55089
    543.29  -0.156413 -0.825767   0.51827 4.28802 1.15041 8.54012
   543.295   -0.17027 -0.811645  0.505746 4.37062 1.12288 8.49463
     543.3  -0.185724 -0.782334   0.49562 4.41611  1.1169 8.43717
   543.305  -0.202245 -0.741032  0.486294 4.45202 1.09295 8.41323
   543.308  -0.146554 -0.696799  0.476168 4.48913 1.08098 8.46829
   543.315  -0.220364 -0.660827  0.466842 4.51187 1.08338 8.56765
    543.32  -0.216368  -0.63498  0.461513  4.5011 1.09176 8.64786
   543.325  -0.207308 -0.617394  0.460447  4.4592 1.08936 8.65265
    543.33  -0.266995 -0.602738  0.463378  4.4197 1.06183 8.60955
   543.335  -0.189988 -0.586484  0.471372  4.3754 1.04028 8.55209
    543.34  -0.180928 -0.572361  0.484695 4.34787  1.0307 8.51618
   543.345  -0.172934   -0.5657   0.50015 4.34428 1.02951 8.48385
    543.35  -0.167072 -0.566233  0.519602  4.3766 1.00317 8.43597
   543.355  -0.163608 -0.570763  0.535323    4.458 0.940921  8.36773
    543.36  -0.162809  -0.57476   0.54758  4.52384 0.920571  8.29112
   543.365  -0.163874  -0.57476  0.559305  4.57412 0.896629  8.23246
    543.37   -0.16494 -0.572361  0.565433  4.61363 0.847547  8.19655
   543.375  -0.168404  -0.57396   0.56943  4.64595 0.793678  8.17261
    543.38  -0.172934 -0.584885  0.572361  4.70101 0.724246  8.16662
   543.385  -0.175599 -0.605136  0.572095  4.72615 0.701501    8.175
    543.39  -0.174533 -0.626453  0.575825  4.71299 0.699107  8.17261
   543.395   -0.17027 -0.641375  0.580622  4.67707 0.682347  8.13789
     543.4  -0.166273 -0.646438  0.589415  4.62081 0.633266  8.08522
   543.405  -0.167072 -0.637112  0.601406 4.56455 0.54109 8.02297
    543.41  -0.172401 -0.612597  0.612864  4.51786 0.471658  8.00023
   543.415  -0.176665 -0.579822  0.626986  4.48673 0.466869  8.07205
    543.42  -0.173734 -0.547314  0.648303  4.46279 0.521936  8.22289
   543.425  -0.159877 -0.517737  0.677081  4.43526 0.555455  8.35217
    543.43  -0.138827 -0.489225  0.711188   4.4185 0.523133  8.40006
   543.435  -0.116977 -0.458315  0.749026   4.4173 0.448913  8.37252
    543.44  -0.100723 -0.420478   0.79166  4.42808 0.343568  8.27795
   543.445  -0.0959265  -0.371449   0.835893  4.42448 0.223858  8.13669
    543.45  -0.107118 -0.310429  0.881724 4.42329 0.11133 8.00501
   543.455  -0.131632 -0.242747  0.924625    4.47237 -0.0287304    7.94875
    543.46  -0.162809 -0.176931  0.966992   4.52265 -0.117316   7.98227
   543.465   -0.19585 -0.114312   1.01389  4.55617 -0.17358   8.0529
    543.47   -0.226493 -0.0500949    1.06079   4.58131 -0.189142   8.11395
   543.475  -0.250475 0.0197182   1.11221    4.6256 -0.168791   8.18697
    543.48  -0.265663 0.0908637   1.16258   4.72496 -0.172383   8.29232
   543.485  -0.272325  0.155081   1.20548   4.83389 -0.158017   8.42041
    543.49  -0.269394  0.205976   1.24811  4.95719 -0.15682  8.55807
   543.495  -0.255804  0.244346   1.28915   5.08648 -0.217872   8.65743
     543.5  -0.236619  0.280851   1.33098   5.15472 -0.280122    8.6706
   543.505  -0.218233  0.329348   1.37415   5.17267 -0.324414   8.61793
    543.51  -0.202245  0.393299   1.41492   5.14993 -0.314838   8.59638
   543.515  -0.185458  0.457516   1.45275   5.13676 -0.287304   8.66222
    543.52  -0.166006  0.503348   1.48659   5.15112 -0.282516   8.74841
   543.525  -0.145755  0.529194   1.51617   5.16908 -0.311246   8.76517
    543.53  -0.126037  0.545182   1.54282   5.17986 -0.355539    8.7125
   543.535  -0.109516  0.560904   1.56813   5.16908 -0.374693   8.63589
    543.54  -0.0964594   0.583819    1.59238   5.13676 -0.402226   8.52336
   543.545  -0.0903308    0.61393     1.6113   5.10564 -0.465672   8.40365
    543.55  -0.0903308    0.64324    1.62649  5.10564 -0.56144  8.32823
   543.555  -0.0951271   0.661893    1.63768   5.12599 -0.685939   8.28154
    543.56  -0.106851  0.668821   1.64914   5.09965 -0.778116   8.22408
   543.565  -0.125237  0.676815   1.66965  5.05177 -0.86311  8.14029
    543.57  -0.148686  0.698931   1.68697   5.01585 -0.955287   8.03374
   543.575  -0.17773 0.738101   1.7011   4.99909 -0.991199   7.96431
    543.58  -0.20864 0.781268  1.71442 5.05296 -1.0331 7.98945
   543.585  -0.236619  0.810845   1.72348  5.13796 -1.05943  8.12113
    543.59  -0.252873  0.815109   1.73787  5.19901 -1.06781   8.3426
   543.595  -0.249942  0.798855   1.75679 5.18943 -1.0726 8.57124
     543.6  -0.231289  0.780469    1.7845  5.10923 -1.05345  8.72806
   543.605  -0.203044  0.778603   1.81781  5.02423 -1.07141  8.80947
    543.61  -0.170802  0.798855   1.84872 4.95001 -1.1133 8.86693
   543.615  -0.135096  0.830297   1.87616  4.90931 -1.17316  8.96629
    543.62  -0.0977917   0.858009    1.89748  4.90931 -1.23062  9.07402
   543.625  -0.0628851   0.877727     1.9164  4.92128 -1.28688  9.11592
    543.63  -0.0341072   0.897179    1.93505  4.90452 -1.35272  9.05607
   543.635  -0.014389  0.924625   1.95317  4.86981 -1.41138  8.94833
    543.64  -0.00186524    0.959798     1.97209  4.86981 -1.48081  8.86693
   543.645  0.00746095   0.996836    1.98062  4.90931 -1.58257  8.81545
    543.65  0.00746095   0.996836    1.98062  4.93445 -1.58257  8.78074
   543.655  0.0135896   1.02721   1.97795  4.93445 -1.67834  8.78074
    543.66  0.010925   1.0464  1.96916  4.95121 -1.76094  8.73524
   543.665  -0.00506279     1.05519     1.96036  4.94762 -1.80164  8.66821
    543.67  -0.0293109    1.05759    1.95504  4.94044 -1.85431  8.61434
   543.675  -0.05649  1.05786  1.94038  4.94044 -1.93332  8.57483
    543.68  -0.085268   1.05945    1.9148  4.92128 -1.94888  8.58441
   543.685  -0.110582   1.05866   1.88895  4.88178 -1.92494   8.6706
    543.69  -0.128968   1.04906    1.8655  4.81953 -1.90339   8.7951
   543.695  -0.13483  1.03574  1.84845  4.72256 -1.88304   8.9196
     543.7  -0.128701   1.02828   1.83406   4.6256 -1.88663  9.00699
   543.705  -0.115378   1.03414   1.82207  4.53222 -1.89381  9.03931
    543.71  -0.099124   1.05519   1.81381  4.45082 -1.93451  9.05008
   543.715  -0.0873997     1.0837    1.80315  4.38378 -2.00036  9.07522
    543.72  -0.0815375    1.10875    1.79276  4.31794 -2.08296  9.09797
   543.725  -0.0815375    1.12554     1.7853   4.2533 -2.17992  9.06445
    543.73  -0.0871332    1.13753    1.77944  4.21499 -2.30562  8.97466
   543.735  -0.0953936    1.14552    1.77118  4.18746 -2.42054   8.9184
    543.74  -0.103387   1.14765   1.75679  4.13838 -2.45645  8.93396
   543.745  -0.10845  1.13886   1.7408  4.08211 -2.40976  9.00938
    543.75  -0.102322   1.11994   1.72721 3.96839 -2.3128 9.13029
   543.755  -0.0828698    1.09862    1.71522 3.90853 -2.3547 9.19014
    543.76  -0.0660827    1.07624    1.69603  3.96959 -2.46842  9.19613
   543.765  -0.0596876    1.05199    1.67312  3.93607 -2.44687  9.17458
    543.77  -0.0583553    1.03414    1.64994  3.85227 -2.42174  9.15662
   543.775  -0.0628851    1.02828    1.61503  3.78404 -2.46363  9.10036
    543.78  -0.0762083    1.04027    1.56893 3.70263 -2.5199 9.01058
   543.785  -0.0975253    1.07438    1.52123  3.60088 -2.54025  8.91601
    543.79  -0.127369    1.1266    1.4746  3.52426 -2.56299    8.837
   543.795  -0.165473   1.18762   1.43144   3.468 -2.5582 8.80468
     543.8  -0.208107   1.24944   1.39093  3.44047 -2.56539  8.82982
   543.805  -0.252873    1.3086   1.34697  3.42251 -2.59292   8.8789
    543.81  -0.293642   1.36029   1.30007 3.43927 -2.6408 8.97586
   543.815  -0.32615  1.39413  1.24704  3.47279 -2.64679  9.15902
    543.82   -0.348 1.40852 1.20441  3.40815 -2.57018  9.34098
   543.825  -0.36079  1.42398   1.1783  3.27886 -2.56658  9.43196
    543.83  -0.376245   1.45808   1.15458  3.20703 -2.69467  9.43555
   543.835  -0.398095   1.51324   1.12847  3.15436 -2.78685  9.41041
    543.84  -0.418879   1.57506   1.11328  3.11246 -2.81438  9.45829
   543.845  -0.431669   1.62196   1.11275   3.0538 -2.83713  9.58519
    543.85  -0.438064   1.63901   1.11221  2.98198 -2.92093  9.73363
   543.855  -0.440729   1.62729   1.10689 2.88501 -2.9724 9.83897
    543.86  -0.435666   1.59584   1.10609    2.806 -3.00472   9.8701
   543.865  -0.42634  1.55667  1.10875  2.71024 -3.02029  9.81623
    543.87  -0.418879   1.52097   1.12101  2.55701 -3.01789   9.7037
   543.875  -0.417014   1.49725   1.13513  2.40019 -3.04064  9.56723
    543.88  -0.419678     1.485   1.14153  2.28048 -3.06218  9.45351
   543.885  -0.424741    1.4738   1.14579 2.21464 -3.0574 9.39964
    543.89  -0.429538   1.45675   1.14286  2.19069 -3.04662  9.38527
   543.895  -0.429005   1.43597    1.1322  2.14999 -3.00353  9.39724
     543.9  -0.422343   1.41358   1.11515  2.13683 -2.99036   9.4164
   543.905  -0.414349   1.38667   1.09063  2.13683 -2.99515  9.44393
    543.91  -0.403691   1.35283   1.06212  2.12845 -3.04902  9.49181
   543.915  -0.395164   1.31686   1.02242  2.11887 -3.17471  9.50977
    543.92  -0.393832   1.29021  0.979516  2.07098 -3.20224  9.47745
   543.925  -0.397828   1.28515  0.949406   1.9812 -3.15795  9.43196
    543.93  -0.407421   1.30247  0.927289  1.87945 -3.16873  9.42358
   543.935  -0.421277   1.33098  0.897712  1.78248 -3.24773  9.48224
    543.94  -0.433268   1.35603  0.862006  1.67115 -3.31358  9.59117
   543.945  -0.439663   1.37468  0.832162  1.51433 -3.32435  9.68574
    543.95  -0.441262    1.3928   0.81804  1.34315 -3.30639   9.7444
   543.955  -0.43993  1.41545 0.822836  1.21865 -3.31836  9.77433
    543.96  -0.438064   1.44183  0.840689  1.16478 -3.40575  9.77912
   543.965  -0.438597   1.46981  0.852946  1.12647 -3.51948  9.77313
    543.97  -0.441528   1.49485  0.858542  1.08218 -3.58053  9.79827
   543.975  -0.444193   1.51004  0.858009  1.04986 -3.65714    9.827
    543.98  -0.449522   1.51804  0.845219  1.01275 -3.75411  9.83059
   543.985  -0.458049    1.5263  0.825767  0.94571 -3.77566  9.82102
    543.99  -0.46551  1.53802 0.810312 0.895431 -3.78284  9.80066
   543.995  -0.477501   1.55428  0.800187 0.816423  -3.7577  9.76834
       544  -0.483629   1.58145  0.804983  0.70629 -3.69066  9.73482
   544.005  -0.479366   1.62196  0.820438 0.586579 -3.65116  9.72405
    544.01  -0.467375   1.66726  0.836692 0.454898 -3.64757  9.73602
   544.015  -0.455118   1.70962  0.850815 0.308852 -3.69545  9.71088
    544.02  -0.450855   1.75146  0.864138 0.190339 -3.76728  9.63666
   544.025  -0.455384   1.79089  0.871865 0.126893 -3.81995  9.58638
    544.03  -0.459648    1.8218  0.875596 0.071826 -3.81995  9.58758
   544.035  -0.457516   1.83779  0.880925 0.0011971  -3.78882   9.60793
    544.04  -0.450855   1.84046  0.886254 -0.0526724   -3.76608    9.61631
   544.045  -0.440462    1.8322  0.888119 -0.0957681   -3.69665     9.5816
    544.05  -0.424208   1.81727  0.887054 -0.152032  -3.59729   9.55167
   544.055  -0.403957   1.80049  0.883057 -0.201113  -3.54581   9.51456
    544.06  -0.383706   1.77757  0.872931 -0.199916  -3.57694   9.73004
   544.065  -0.366652   1.74586  0.847084 -0.197522  -3.65595   9.29429
    544.07  -0.361856   1.71069   0.80072 -0.222661  -3.77566    9.4966
   544.075  -0.365587   1.67632  0.733305 -0.250194   -3.7972   9.14705
    544.08  -0.367452   1.63821  0.686141 -0.286107  -3.56975   9.13508
   544.085  -0.361856   1.59691  0.681345 -0.371101  -3.35308   9.13148
    544.09  -0.350132   1.56174  0.678946 -0.480037  -3.37463   9.11592
   544.095  -0.334943   1.53562  0.654165 -0.624887  -3.47399   9.05248
     544.1  -0.320821    1.5215   0.62219 -0.786495  -3.56497     9.001
   544.105  -0.313093    1.5199  0.596876 -0.93733 -3.62602  9.00938
    544.11  -0.310429   1.52417  0.583286 -1.09535 -3.65355  9.04769
   544.115  -0.304833   1.53029  0.574227 -1.24379 -3.65235  9.09797
    544.12  -0.293109   1.53402  0.571029 -1.38145 -3.64757  9.13986
   544.125  -0.276322   1.52976  0.575825 -1.51912 -3.37582  9.12909
    544.13  -0.258202   1.51937  0.588083 -1.65679 -3.72897  9.05248
   544.135  -0.240349   1.51084  0.605136  -1.7741 -3.77087  8.94953
    544.14  -0.225694   1.50951  0.622456 -1.87466 -3.76368  8.88129
   544.145  -0.216101   1.51431  0.640309 -1.97881 -3.73376  8.85855
    544.15  -0.206508    1.5183  0.656031 -2.03866 -3.68707    8.837
   544.155  -0.193985   1.51511  0.664025 -2.04465 -3.94086  8.76637
    544.16  -0.17773  1.50311 0.665357 -2.04824 -3.57813  8.63469
   544.165  -0.159345   1.49352  0.659228 -2.12485 -3.62602  8.64666
    544.17  -0.140692   1.48153  0.645106 -2.02669 -3.69186  8.65863
   544.175  -0.128968   1.43756  0.614995 -1.91776 -3.63919   8.5904
    544.18  -0.119375   1.37255  0.579822  -2.0231 -3.56257  8.49463
   544.185  -0.106319    1.3102  0.555841 -2.20147 -3.57095  8.41083
    544.19  -0.0913966    1.26463   0.536389 -2.31878 -3.57095  8.37252
   544.195  -0.077807   1.23639  0.517204 -2.44807 -3.57215  8.37611
     544.2  -0.0687473     1.2196   0.505746 -2.69827 -3.57694  8.41562
   544.205  -0.0610199    1.21267   0.498285 -2.50433 -3.54222  8.48146
    544.21  -0.0500949    1.21534    0.49642 -2.92093 -3.49913  8.54012
   544.215  -0.0365054    1.22892   0.497485 -2.98916 -3.44286  8.59399
    544.22  -0.0207841    1.25317   0.498018 -2.96881 -3.43329  8.66462
   544.225  -0.00159877     1.27982    0.493489 -2.91733 -3.43089  8.76038
    544.23  0.0210505   1.29927  0.481231 -2.90058 -3.42491  8.82503
   544.235  0.0471639   1.31473  0.464977 -2.90896 -3.43688  8.81425
    544.24  0.074343  1.33897 0.440995 -2.95085 -3.44047  8.77595
   544.245  0.0964594   1.38028  0.405556 -3.00712 -3.43089  8.74003
    544.25  0.114579   1.4317  0.36159 -3.05141  -3.3854   8.7113
   544.255  0.132432  1.47993 0.314959  -3.0969 -3.32076  8.69574
    544.26  0.155081  1.51404 0.272325 -3.15675 -3.28604  8.66821
   544.265  0.185991  1.53056 0.231023  -3.2609 -3.26569  8.60237
    544.27  0.221164  1.53243 0.193985 -3.37463 -3.28963  8.48744
   544.275  0.258469   1.5263 0.197449 -3.46202 -3.35907   8.2983
    544.28   0.290178    1.5215 0.0988576 -3.56257 -3.39019  8.10916
   544.285   0.309629   1.52496 0.0703461  -3.6763 -3.40216  8.00861
    544.29  0.318956  1.53349 0.112447 -3.83312 -3.33632  7.98466
   544.295   0.325617   1.53855 0.0327749 -3.99233 -3.28844  7.95593
     544.3   0.337075   1.54149 0.0279786 -4.09887 -3.28245   7.8865
   544.305   0.349332   1.55055 0.0253139 -4.16831 -3.25252  7.82425
   544.308  0.358392   1.5684 0.017853 -4.17788 -3.22379  7.79313
   544.315    0.367185    1.58812 0.00319755 -4.1707 -3.1795 7.78954
    544.32    0.377577    1.60064 -0.0154548 -4.18028 -3.15197  7.78954
   544.325    0.393565    1.59957 -0.0343737 -4.22217 -3.18189  7.72968
    544.33    0.414083    1.58705 -0.0559571 -4.28203 -3.24175  7.60758
   544.335     0.43087    1.57373 -0.0812711 -4.35984 -3.27168  7.48427
    544.34  0.438597  1.56707 -0.10925 -4.46758 -3.27287  7.38611
   544.345   0.441262    1.5644 -0.134031 -4.58011 -3.28125  7.30351
    544.35   0.443394   1.55987 -0.153482 -4.66271 -3.30041  7.21134
   544.355   0.444193   1.53216 -0.170536 -4.72017 -3.29322  7.13352
    544.36   0.444193   1.51058 -0.190521  -4.7465 -3.26928  7.09163
   544.365   0.445259   1.55028 -0.216634 -4.77883 -3.19626  7.06649
    544.37   0.449522   1.44529 -0.248077 -4.80157  -3.1376  7.06529
   544.375   0.458582   1.46315 -0.284049 -4.85065 -3.10169  7.07965
    544.38   0.471905   1.40239 -0.310962  -4.9967 -3.07775  7.06888
   544.385   0.490557   1.34643 -0.324551 -5.19542 -3.10648  7.00304
    544.39   0.510809   1.23985 -0.332279 -5.37379 -3.15316  6.90847
   544.395    0.52653   1.21987 -0.331213 -5.52821 -3.20584  6.81031
     544.4   0.536389   1.21454 -0.325884 -5.64792 -3.27048  6.68701
   544.405   0.536389   1.22146 -0.313626 -5.76643 -3.29322   6.5661
    544.41   0.524132   1.23798 -0.294175 -5.87896 -3.31717   6.4835
   544.415   0.503614    1.2569 -0.271792 -5.97473 -3.31118  6.45477
    544.42   0.478833   1.27183 -0.241948 -6.05015 -3.29801  6.44998
   544.425   0.454851   1.28168 -0.207841 -6.09803   -3.304  6.42963
    544.43    0.41808   1.28968 -0.179596 -6.12557 -3.31118  6.38773
   544.435   0.470839   1.29767 -0.157479 -6.15908 -3.30041  6.33506
    544.44   0.384772   1.30327 -0.140692 -6.17943 -3.28245  6.27281
   544.445   0.366652   1.30833 -0.128435 -6.18781 -3.27287  6.21295
    544.45  0.352263  1.31206 -0.12577 -6.20577 -3.24055  6.18542
   544.455   0.342404     1.307 -0.129234 -6.21774 -3.17711  6.17704
    544.46   0.402625   1.28675 -0.140692 -6.18303 -3.13521  6.16028
   544.465   0.329081   1.25211 -0.158012 -6.16268 -3.06937  6.13155
    544.47  0.331479  1.20734 -0.17773 -6.12317 -3.02627  6.11359
   544.475   0.341871   1.15352 -0.205976 -6.04536 -3.00472   6.1124
    544.48   0.355461    1.0925 -0.239816 -5.99987 -2.96282  6.11599
   544.485   0.373314   1.02881 -0.273657 -5.97473 -2.97599  6.13754
    544.49   0.392499  0.964861 -0.310162 -5.97712 -3.03824  6.14472
   544.495   0.407954  0.912101 -0.343737 -6.08127 -3.08373  6.13394
     544.5   0.419945  0.882524 -0.371715 -6.23091 -3.10767  6.13993
   544.505  0.431403 0.873997  -0.3917 -6.37097 -3.09211  6.17943
    544.51   0.444726   0.87906 -0.401825  -6.4835 -3.10767  6.22492
   544.515   0.455917  0.890518 -0.403424 -6.61159 -3.15197   6.2357
    544.52   0.461247  0.907838 -0.389035 -6.76242 -3.24414  6.21295
   544.525   0.460181   0.93555 -0.363188 -6.91326 -3.34111  6.17105
    544.53   0.454052  0.974986 -0.329881 -7.05571 -3.41054  6.13754
   544.535   0.444726   1.02641 -0.290178  -7.1838 -3.45364  6.11958
    544.54   0.434067    1.0869 -0.249942 -7.27478 -3.46561  6.10641
   544.545   0.426873   1.14979 -0.212637 -7.32267 -3.44526  6.09205
    544.55   0.425274   1.20361 -0.181461 -7.32745 -3.41174  6.05733
   544.555   0.427139   1.24118 -0.154282 -7.29513 -3.37702  5.96515
    544.56   0.424475    1.2625 -0.134031 -7.20894  -3.3878  5.80953
   544.565    0.41355   1.26836 -0.122839 -7.09641  -3.3842  5.63834
    544.57  0.397029  1.26117 -0.11751 -6.99825 -3.34231   5.4923
   544.575    0.37891   1.24225 -0.123106 -6.92283 -3.28006  5.37977
    544.58    0.36532   1.21613 -0.135096 -6.89171 -3.18788  5.28161
   544.585  0.355194  1.19215 -0.14762 -6.88094 -3.14239  5.18464
    544.59    0.34347    1.1719 -0.167871 -6.89051 -3.12922  5.12838
   544.595  0.329614  1.15352 -0.18759 -6.94917  -3.0957   5.1212
     544.6    0.31789   1.13726 -0.203311 -6.99705 -3.07775  5.15112
   544.605   0.314159   1.12261 -0.215302 -7.03776 -3.02268  5.23373
    544.61   0.323219   1.10742 -0.220364 -7.08444 -2.96761  5.34027
   544.615    0.33894    1.0917 -0.224095 -7.13592 -2.94726  5.42167
    544.62  0.353329  1.08024 -0.22223 -7.19577 -2.98318  5.44681
   544.625   0.366386   1.08397 -0.215302 -7.26161 -3.07416  5.42885
    544.63   0.376511   1.10635 -0.208907 -7.33224 -3.15316  5.43484
   544.635   0.385305   1.13726 -0.206775 -7.39808 -3.17471  5.50068
    544.64   0.399161   1.16391 -0.209173 -7.45435 -3.17351  5.57849
   544.645   0.421011   1.18656 -0.214769 -7.50223 -3.21781  5.58088
    544.65    0.44366   1.20921 -0.229424 -7.53216 -3.29203  5.50188
   544.655   0.466842   1.23052 -0.250475 -7.56807 -3.31717  5.43125
    544.66   0.494288   1.23958 -0.272325 -7.57885 -3.36266  5.40132
   544.665   0.523332   1.23026 -0.296306 -7.60159 -3.35787  5.35104
    544.67   0.557706   1.21081 -0.314959  -7.6794 -3.29322  5.26485
   544.675   0.595277   1.18549 -0.338141 -7.65187 -3.30639  5.15831
    544.68   0.628052   1.15112 -0.370116 -7.58244 -3.32914  5.00628
   544.685   0.654698   1.11328 -0.400493 -7.56687 -3.32674   4.8315
    544.69   0.673351   1.07971 -0.429271 -7.56448 -3.33871  4.67109
   544.695   0.680279   1.05572 -0.455651 -7.59441 -3.31238  4.54419
     544.7  0.678946   1.0432  -0.4783 -7.67342 -3.26449  4.48075
   544.705   0.678946   1.04373 -0.493755 -7.77517 -3.18429  4.47476
    544.71   0.686674   1.05066 -0.500683 -7.83383 -3.12922  4.52265
   544.715   0.699997   1.05413 -0.503881 -7.87094 -3.12443  4.55138
    544.72    0.71332   1.05413 -0.499351 -7.92241 -3.16154  4.52384
   544.725  0.722113  1.05519 -0.49109 -7.98586 -3.23696    4.458
    544.73   0.726377   1.05732 -0.479366  -8.0517 -3.33153  4.41251
   544.735   0.725044   1.05732 -0.462312 -8.12712 -3.41653  4.38019
    544.74   0.722646   1.05945 -0.442594 -8.21211 -3.47997  4.34188
   544.745   0.720248   1.06905 -0.423409 -8.27915 -3.52067  4.29879
    544.75  0.715718  1.08264 -0.40822 -8.27676 -3.55419  4.24731
   544.755    0.70879    1.0925 -0.400493 -8.23845 -3.54222   4.2138
    544.76   0.705859   1.09223 -0.399161 -8.19535 -3.49553  4.21739
   544.765   0.709856   1.07837 -0.404757 -8.14388 -3.44765  4.24851
    544.77   0.721047   1.05173 -0.415948  -8.0924 -3.39498  4.29041
   544.775   0.742098   1.01576 -0.436998 -8.03255 -3.35667  4.31794
    544.78   0.773274  0.974187 -0.471106 -7.98107 -3.28963  4.34188
   544.785   0.814576  0.926224 -0.510009 -7.96671 -3.19387  4.38737
    544.79   0.868135  0.871332 -0.554775 -7.95234 -3.13281   4.4604
   544.795   0.932619  0.807914 -0.602472 -7.93319 -3.09929  4.55976
     544.8     1.0059  0.736769 -0.653099 -7.89967 -3.12204  4.66031
   544.805     1.0893  0.663225 -0.708257 -7.93079 -3.13401  4.72735
    544.81    1.18816  0.597675 -0.758885 -8.03614  -3.1388  4.75249
   544.815    1.29128  0.542518 -0.801519 -8.10198 -3.22858  4.71777
    544.82    1.38294  0.497219 -0.839357 -8.13669 -3.33512  4.61722
   544.825    1.45862  0.463911 -0.876129 -8.19056 -3.40815  4.48554
    544.83    1.52203  0.435933 -0.911302 -8.21211 -3.48596   4.4185
   544.835    1.57746  0.393032 -0.940613 -8.23965  -3.5518  4.43646
    544.84    1.62196  0.327482 -0.959265 -8.37133 -3.65714  4.39097
   544.845    1.64914  0.262998 -0.965127 -8.63469 -3.84509  4.15753
    544.85    1.64994  0.231822 -0.963262 -8.96629 -4.09289  3.73495
   544.855    1.62116  0.249942 -0.954735 -9.30147 -4.23415  3.27048
    544.86    1.56893  0.304034 -0.929421 -9.52773 -4.27006  2.94128
   544.865    1.50152  0.360257 -0.895047 -9.57681 -4.27604  2.79882
    544.87    1.42904  0.391966 -0.859874 -9.54688 -4.23175  2.78446
   544.875    1.36029  0.387969 -0.825501 -9.48583 -4.18626  2.85269
    544.88    1.29741  0.350931 -0.791127 -9.45829 -4.15993  2.92811
   544.885    1.23825  0.300037 -0.756753 -9.50498 -4.14436  2.92452
    544.89    1.18123  0.262199 -0.724778 -9.57681  -4.1276   2.8898
   544.895    1.12847  0.240882 -0.694668 -9.62828 -4.05219  2.92212
     544.9    1.08264   0.22143 -0.662426  -9.6223 -3.97078  3.04064
   544.905    1.04587  0.190521 -0.632315 -9.55646 -3.92769  3.20344
    544.91    1.01789  0.139893 -0.610732  -9.4547 -3.91093   3.3842
   544.915    1.00243 0.0724778  -0.60407 -9.35175 -3.89776  3.51828
    544.92    0.998168 0.00106585   -0.60407 -9.26317 -3.83671  3.57813
   544.925     1.00057 -0.0682144  -0.603271 -9.14944 -3.77446  3.63799
    544.93    1.00936 -0.143623 -0.602738 -9.02614 -3.72897  3.76847
   544.935    1.02721 -0.232089 -0.610466 -8.92199 -3.69066  3.93966
    544.94    1.05546 -0.332545 -0.627519 -8.82383 -3.66792  4.10246
   544.945    1.09596 -0.438331   -0.6523  -8.7556 -3.61165  4.22217
    544.95    1.14659 -0.539853 -0.677081 -8.72567 -3.56975  4.28921
   544.955    1.19988 -0.632848 -0.694668 -8.72447 -3.52666  4.32153
    544.96    1.25291 -0.714919 -0.698665 -8.72806 -3.48476  4.35026
   544.965     1.2998 -0.783666 -0.698398  -8.7137 -3.53384  4.38019
    544.97    1.34004 -0.842821 -0.690404 -8.75679 -3.44765  4.41012
   544.975    1.39147 -0.901176 -0.612064 -8.80348 -3.12563  4.46878
    544.98     1.4293 -0.954469 -0.504413 -8.78313 -3.48237  4.42209
   544.985    1.42824 -0.976585 -0.487626 -8.93277 -3.88579  4.24253
    544.99     1.3976 -0.965394 -0.501482 -9.14824 -3.93008  4.06655
   544.995    1.34723 -0.935816 -0.483629 -9.25838 -3.89896  3.96001
       545    1.28435 -0.898778 -0.448989  -9.2476 -3.91332  3.95642
   545.005    1.22519 -0.863072 -0.420478 -9.18775 -3.90135    4.045
    545.01     1.1751 -0.834827  -0.39543 -9.14705 -3.82474  4.17429
   545.015    1.13193 -0.812178 -0.373314 -9.11712 -3.75052  4.28682
    545.02    1.09196 -0.790328 -0.357859 -9.06325 -3.69066  4.38857
   545.025    1.06265 -0.770609 -0.357326 -8.95072 -3.62123  4.53941
    545.03     1.0456 -0.765813 -0.371982 -8.78313 -3.56377  4.74291
   545.035    1.04027 -0.786331 -0.403691 -8.56765 -3.48117  4.98114
    545.04    1.05199 -0.833495 -0.450588 -8.34379 -3.39258  5.20739
   545.045    1.07677 -0.899844 -0.508144 -8.17979 -3.25851  5.34146
    545.05    1.11301  -0.97392 -0.576092 -8.01938 -3.18309  5.43005
   545.055    1.16124  -1.05572 -0.671752 -7.79193 -3.16274  5.54737
    545.06    1.22306  -1.15352 -0.789528 -7.52737 -3.08972  5.66827
   545.065     1.3022  -1.26943 -0.914233 -7.28196 -3.00353  5.76643
    545.07    1.3952 -1.40426 -1.02988 -7.17063 -2.91614  5.87178
   545.075   1.48633 -1.56147 -1.11088 -7.19936 -2.93409  6.00466
    545.08    1.5636 -1.73121 -1.15751 -7.36696 -3.02867  6.10761
   545.085   1.62995 -1.88469 -1.17004 -7.69018 -3.10289  6.13754
    545.09   1.68538  -2.0014 -1.15511 -8.03015 -3.20703  6.14232
   545.095   1.72721 -2.08374 -1.13007 -8.34619 -3.31238  6.12916
     545.1   1.75519 -2.13703 -1.09783 -8.62152 -3.43089  6.08965
   545.105   1.77304 -2.16794 -1.07171 -8.79749 -3.52905  6.03219
    545.11   1.7829 -2.1778 -1.0496  -8.9591 -3.54581  5.91009
   545.115   1.78477 -2.15994 -1.02934 -9.05727  -3.5518  5.74489
    545.12   1.77944 -2.11704 -1.01522 -9.05008 -3.53384  5.61321
   545.125   1.77171 -2.07201  -1.0043 -8.90044 -3.48955  5.63715
    545.13   1.76745 -2.05496 -1.00057 -8.64666 -3.44526  5.78798
   545.135   1.76132   -2.084 -1.00829 -8.37971 -3.40815  5.97952
    545.14   1.73947 -2.15994 -1.02668 -8.16303 -3.41533  6.14232
   545.145   1.69976 -2.26626 -1.05892 -8.03255 -3.43688  6.23929
    545.15   1.66086 -2.37631 -1.11008 -7.97748 -3.41533  6.28837
   545.155   1.64327 -2.46638 -1.16977 -7.97987 -3.31836   6.3171
    545.16   1.64567 -2.53139 -1.20148 -8.01698 -3.19626    6.359
   545.165     1.651 -2.57243 -1.18416 -8.06726 -3.13281   6.4021
   545.171   1.64674 -2.57909 -1.12181   -8.175 -3.10648  6.33985
   545.176   1.63235 -2.52686 -1.02162 -8.32105 -3.08732  6.32428
   545.181    1.61769  -2.40296 -0.906505 -8.43836 -3.06578  6.40688
   545.186    1.60197  -2.22096 -0.787397 -8.49582 -3.00113  6.30393
   545.191    1.58092  -2.01153 -0.666956 -8.43836 -2.94128  6.58525
   545.196    1.54788  -1.81328 -0.550245 -8.25401 -2.90536  6.91326
   545.201    1.49965  -1.65606 -0.438331 -7.97389 -2.85987  7.24246
   545.205    1.44076  -1.55055 -0.341871 -7.65067 -2.80122    7.513
   545.211    1.37868  -1.49032 -0.265663 -7.36217 -2.69587  7.96671
   545.216    1.32085  -1.45489 -0.205176 -7.11078 -2.59891  7.98466
   545.221    1.2649 -1.42051 -0.15668  -6.8965 -2.53307  7.93798
   545.226   1.20681 -1.37441 -0.12124  -6.6882 -2.48758  7.89727
   545.231    1.14979  -1.31899 -0.102055 -6.46913  -2.4361  7.90685
   545.236     1.09436    -1.2657 -0.0988576 -6.22732  -2.3954  7.96671
   545.241     1.0376  -1.23106 -0.111381 -5.96994  -2.3535  8.06008
   545.246   0.977118  -1.22226 -0.138294 -5.73292 -2.29484  8.16782
   545.251   0.915565  -1.23958 -0.174266 -5.52941 -2.42652  8.28154
   545.256   0.860141  -1.27822 -0.221963 -5.34625    -1.98  8.38928
   545.261  0.818839 -1.33178 -0.27419 -5.17986 -1.86029  8.45273
   545.266   0.794858  -1.39387 -0.325351 -5.00628 -2.06141  8.46231
   545.271   0.784465  -1.45409 -0.371182 -4.9153 -1.6915 8.45991
   545.276   0.784465  -1.49965 -0.400493 -4.93086 -1.68312  8.45153
   545.281   0.793525  -1.52203 -0.415948 -5.02064  -1.6532  8.42759
   545.286   0.807381  -1.51511 -0.416214 -5.16429 -1.60052  8.41801
    545.29   0.819639  -1.48073 -0.394098 -5.26605 -1.54665  8.48864
   545.296   0.827366  -1.43943 -0.356527 -5.25288 -1.51792  8.58441
   545.301   0.831363  -1.41039 -0.313093 -5.26964 -1.56341  8.62631
   545.306   0.835093  -1.38854 -0.274456 -5.28041 -1.62087  8.60715
   545.308   0.838024  -1.36455 -0.244346 -5.25527 -1.62087  8.57244
   545.316    0.83909  -1.33311 -0.218499 -5.21457 -1.56222  8.55807
   545.321   0.836159  -1.29181 -0.194518 -5.20021 -1.49159   8.5868
   545.326   0.827899  -1.24251 -0.170536 -5.11162 -1.48321  8.62391
   545.331   0.814043  -1.19082 -0.153216 -5.05775 -1.49997  8.66222
   545.336   0.796723  -1.14099 -0.141225 -4.99909 -1.50835  8.69215
   545.341  0.777804 -1.09996  -0.1311  -4.9141 -1.49159  8.68976
   545.346  0.757286 -1.07171 -0.12124 -5.08169 -1.45448  8.68018
   545.351    0.73517  -1.05972 -0.107651 -4.60884  -1.4042  8.66342
   545.356    0.713853   -1.06398 -0.0940613 -4.77883 -1.33237  8.62511
   545.361    0.695201   -1.08077 -0.0810046 -4.35266  -1.2797  8.57962
   545.366    0.680545   -1.10422 -0.0692802 -4.22936 -1.21506  8.54969
   545.371    0.669087   -1.13087 -0.0634181 -4.09768 -1.10133  8.54491
   545.376    0.659761   -1.15885 -0.0596876  -3.93846 -0.994791   8.55807
   545.381    0.653632   -1.19082 -0.0596876  -3.79122 -0.878672   8.59638
   545.386    0.650168   -1.22573 -0.0644839 -3.66911 -0.78051  8.63948
   545.391     0.64857   -1.26277 -0.0671485    -3.553 -0.718261   8.65624
   545.396   0.647237  -1.30007 -0.074876   -3.4668 -0.645237   8.64786
   545.401    0.645639   -1.33418 -0.0866003  -3.36146 -0.612916   8.65504
   545.406   0.639243  -1.36562 -0.105519  -3.21781 -0.630872   8.69813
   545.411   0.628851  -1.40053 -0.124172  -3.07535 -0.661997   8.74841
   545.416   0.621657  -1.44183 -0.077807  -2.95564 -0.616507   8.82263
   545.421   0.619525  -1.48659 -0.158279  -2.87544 -0.539892   8.91002
   545.426   0.625654  -1.53296 -0.163608  -2.84431 -0.493206   8.97945
   545.431   0.637645  -1.57453 -0.168138  -2.84431 -0.505177   9.02614
   545.436   0.648836   -1.6057 -0.176665  -2.84431 -0.549469   9.07043
   545.441   0.655231  -1.62515 -0.187323  -2.83952 -0.593762    9.1243
   545.446   0.659495  -1.64061 -0.192652  -2.86825 -0.617704   9.15423
   545.451    0.66136  -1.65606 -0.190254  -2.92093 -0.640449    9.1267
   545.456   0.657629  -1.66486 -0.179596  -2.98318 -0.638055   9.02853
   545.461  0.646172 -1.65526 -0.16121  -3.01789 -0.642843    8.9196
   545.466  0.628319 -1.61929 -0.14309  -3.02268 -0.645237   8.86932
   545.471   0.603271  -1.56413 -0.118842  -3.02507 -0.609324   8.91361
   545.476    0.575293   -1.50365 -0.0812711  -3.00592 -0.580594   8.99502
   545.481    0.550511   -1.46421 -0.0325084 -2.99036 -0.53271  9.04769
   545.486   0.527596  -1.41092 0.0258469  -2.95923 -0.476446   9.09078
   545.491   0.504946  -1.36002 0.0831363  -2.88262 -0.452504   9.15662
   545.496  0.484429 -1.24998 0.134564  -2.76889 -0.416591   9.21768
   545.501  0.468974 -1.29154  0.18226  -2.58574 -0.361524   9.27155
   545.506  0.462312 -1.21267 0.222763  -2.41096 -0.295684    9.2895
   545.511  0.463378  -1.2124 0.260334 -2.26252  -0.2478  9.28112
   545.516  0.467908 -1.21427 0.291243  -2.11528 -0.244209    9.2476
   545.521  0.473504 -1.21267 0.315758  -1.98719 -0.214281   9.21049
   545.526  0.479366 -1.21187 0.334943  -1.86389 -0.142455   9.20331
   545.531  0.488159  -1.2212 0.349599  -1.72981 -0.071826   9.21289
   545.536  0.499884 -1.24411 0.358392   -1.59574 -0.0191536    9.17937
   545.541  0.511075 -1.27609 0.363988  -1.47603 0.0143652   9.09677
   545.546   0.51827 -1.31046 0.368518  -1.37427 0.0371101   8.99023
   545.551  0.515871 -1.34617 0.367452  -1.25935 0.0622492   8.89446
   545.556  0.499884 -1.38321 0.362123 -1.18034 0.137667  8.80827
   545.561  0.446325 -1.41705 0.359191  -1.0726 0.167594  8.74482
   545.566  0.419412 -1.44716 0.351997 -0.949301  0.148441   8.69574
   545.571  0.462579 -1.46901 0.344536 -0.872687  0.159214   8.64307
   545.576  0.368251 -1.47753 0.336542 -0.80086 0.183156  8.59758
   545.581  0.407155 -1.47354 0.323752 -0.730232  0.220267   8.59399
   545.586  0.310695 -1.46741 0.316291 -0.636858  0.272939    8.6706
   545.591  0.285648 -1.46688 0.315758  -0.4956 0.289698  8.79151
   545.596  0.264064 -1.47114 0.316291 -0.372298    0.3304   8.90164
   545.601  0.247277 -1.47274 0.320288 -0.270545  0.411803   8.99262
   545.606   0.23502 -1.46474 0.324818 -0.185551  0.500388   9.05367
   545.611   0.22596 -1.44343 0.330946 -0.104148  0.555455   9.09198
   545.616  0.218233 -1.41145 0.332279 -0.0023942   0.550666    9.13388
   545.621  0.214769 -1.37681 0.328282 0.0993594  0.539892   9.19014
   545.626  0.217167  -1.3483 0.324018 0.205901 0.527921  9.22845
   545.631  0.223296 -1.32885 0.322686  0.32202 0.526724  9.23803
   545.636  0.232089 -1.31846 0.322153 0.424971 0.527921  9.23803
   545.641  0.242481 -1.31473 0.320021 0.503979 0.526724  9.22366
   545.646  0.251274 -1.31766 0.318956 0.573411 0.553061  9.20331
   545.651  0.257403 -1.33231 0.318689 0.682347 0.566229  9.20211
   545.656  0.259801 -1.35923 0.316291 0.786495 0.579397   9.2069
   545.661  0.258735 -1.38667 0.315225 0.845153 0.603339  9.17338
   545.666  0.254205 -1.40133 0.310962 0.884658 0.626084   9.0824
   545.671  0.245145 -1.40079   0.3051 0.944513 0.656011  8.98783
   545.676  0.231822 -1.39227 0.296839  1.05704 0.630872  8.92798
   545.681  0.213969 -1.38214 0.282717  1.17316 0.593762  8.88967
   545.686  0.191587 -1.37361 0.272058  1.26174 0.604536  8.86812
   545.691  0.166273 -1.37202 0.261933  1.38624 0.587777  8.86333
   545.696  0.139893 -1.38054 0.245945  1.51194 0.590171   8.8777
   545.701   0.11751 -1.40053 0.229957    1.652 0.605733  8.91481
   545.706  0.102322 -1.42691 0.213436  1.76692 0.616507  8.92439
   545.711  0.0929954  -1.44902  0.198515  1.83635 0.632069  8.88488
   545.716  0.0866003  -1.46048  0.181994   1.8998 0.621295    8.837
   545.721  0.0802052  -1.46634  0.162276  1.98479 0.616507  8.85855
   545.726  0.0772741  -1.47674  0.141492  2.08176 0.638055  8.96269
   545.731  0.0826034  -1.49139  0.128701 2.11767 0.68953 9.07881
   545.736  0.0980582  -1.50152  0.127902  2.10929 0.723049  9.16141
   545.741  0.0980582  -1.50152  0.127902  2.10929 0.723049  8.90643
   545.746  0.120974 -1.50178 0.133231  2.09971 0.719458  9.21289
   545.751   0.14389 -1.49326  0.13856  2.09253 0.708684  9.23444
   545.756   0.16041 -1.47674 0.147087  2.07936 0.663194  9.19254
   545.761  0.165473 -1.45169 0.153216  2.09971 0.562637  9.11233
   545.766  0.158012 -1.42424 0.156946  2.16556 0.493206  9.05248
   545.771  0.143623 -1.39893 0.159611  2.25175 0.474052  9.01178
   545.776   0.12577 -1.37521 0.162809  2.32716 0.520739  8.97347
   545.781  0.107917 -1.35203 0.166806  2.42174 0.543484  8.94474
   545.786  0.0916631  -1.33151  0.166539  2.53546 0.507571  8.93995
   545.791  0.0746095  -1.31766  0.166273  2.62644 0.471658  8.94474
   545.796  0.0578224    -1.311  0.168404  2.71263 0.451307   8.9615
   545.801  0.0447657  -1.31126  0.168404  2.79762 0.454898  9.00459
   545.806  0.0397029  -1.31819  0.171335  2.87783 0.445322  9.05248
   545.811  0.0410352  -1.32698  0.172934  2.92691 0.397437  9.08001
   545.816  0.0439663  -1.33178  0.174533  2.91494 0.333991  9.07762
   545.821  0.0415681  -1.32458  0.177464  2.87304 0.253785  9.02853
   545.826  0.0309096   -1.2998  0.184126  2.82755 0.211887  8.96629
   545.831  0.0175865  -1.26063  0.200646  2.79643 0.220267  8.94354
   545.836  0.0114579   -1.2156  0.227292  2.80241 0.262165  8.99023
   545.841  0.0189188  -1.17457  0.257136  2.86825 0.305261  9.09438
   545.846  0.0373047  -1.14366  0.285914  2.94487 0.331597  9.19852
   545.851  0.0612864  -1.12154  0.315225  3.00353 0.343568  9.25957
   545.856  0.0860674  -1.10848  0.345069  3.09211 0.319626  9.27873
   545.861   0.10845 -1.10582 0.371715   3.1807 0.277727  9.25957
   545.866  0.124172 -1.10822 0.394364  3.24773 0.232238  9.18536
   545.871  0.129767 -1.10768  0.40902  3.31358 0.162806  9.07522
   545.876  0.126303 -1.10182 0.421544  3.36864 0.150835  8.98544
   545.881  0.120441  -1.0877 0.440462  3.42131 0.177171  8.93157
   545.886  0.116977 -1.06265 0.461247  3.45962 0.190339  8.90044
   545.891   0.11751 -1.02695  0.48283  3.48117 0.201113  8.87052
   545.896   0.119908 -0.985112  0.507345  3.53145 0.226252  8.83341
   545.901   0.128435 -0.946208  0.539587  3.63679 0.326809   8.8789
   545.906   0.145755 -0.920628  0.577691  3.76847 0.302867   8.9591
   545.911   0.152417 -0.896113  0.595277   3.82713 0.0742203   8.89207
   545.916   0.130567 -0.850815  0.590214    3.80439 -0.0873884    8.72447
   545.921  0.0871332 -0.794058  0.578224   3.84269 -0.101754   8.63469
   545.926  0.0423675 -0.751158  0.570496    3.94924 -0.0586579    8.64307
   545.931  0.0101256 -0.734904  0.572628    4.05099 -0.0251391    8.70651
   545.936  -0.00239816   -0.741565    0.580888    4.0869 0.0323217   8.77116
   545.941  0.0021317 -0.763948  0.591014   4.10007 0.0766145    8.7963
   545.946  0.0119908 -0.789262  0.601406   4.12521 0.0550666   8.74362
   545.951  0.0154548 -0.806315    0.6094    4.18028 -0.0035913      8.673
   545.956  0.0127902 -0.814309  0.615262    4.25689 -0.0502782    8.64905
   545.961  -0.000532925    -0.822037     0.611265   4.40653 -0.192733   8.59399
   545.966  -0.0402358  -0.831896   0.591547   4.49511 -0.335188   8.49702
   545.971  -0.0903308  -0.832429   0.575559   4.41611 -0.302867   8.52815
   545.976  -0.128168 -0.823902   0.56943 4.35505 -0.1652 8.68138
   545.981  -0.14842 -0.81804 0.573427     4.3778 -0.0311246    8.83101
   545.986  -0.153749 -0.814576  0.578224   4.44124 0.0371101   8.87052
   545.991  -0.148153 -0.803384  0.581155   4.49152 0.0790087   8.81545
   545.996  -0.135629 -0.779669  0.581688   4.5406 0.101754  8.77236
   546.001  -0.117243 -0.749292  0.572628  4.60046 0.108936  8.76876
   546.006  -0.0929954  -0.720515   0.559305   4.6675 0.113725  8.77595
   546.011  -0.0658162  -0.697332   0.543583   4.73693 0.0849942   8.72806
   546.016  -0.0418346  -0.679213   0.527596   4.78362 0.0550666   8.61793
   546.021  -0.0242481  -0.664025   0.516671    4.79559 -0.0059855    8.49343
   546.026  -0.0130567  -0.650168   0.507611   4.77763 -0.101754   8.37492
   546.031  -0.00399694   -0.637911    0.502548   4.75848 -0.199916   8.29232
   546.036  0.00666156  -0.632582   0.502282   4.76207 -0.283713   8.29351
   546.041  0.0202511 -0.639776  0.508943   4.79559 -0.360327   8.37252
   546.046  0.0375712 -0.657096  0.519069   4.84347 -0.409408   8.45991
   546.051  0.0572894 -0.674683  0.528129    4.8734 -0.408211   8.51378
   546.056   0.077807 -0.679746  0.537721  4.86382 -0.37589  8.54131
   546.061  0.096193 -0.66589 0.548646    4.8303 -0.368707   8.54491
   546.066   0.108983 -0.632315  0.560904   4.77045 -0.381875   8.53294
   546.071   0.114579 -0.582753  0.575825 4.72376  -0.413 8.53533
   546.076   0.112181 -0.520934  0.593145 4.59687  -0.413 8.52336
   546.081   0.100723 -0.434334  0.627786    4.2533 -0.393846   8.42639
   546.086    0.07834 -0.310962  0.680545   3.90015 -0.445322   8.28873
   546.091  0.0463645 -0.167871  0.736502   3.77685 -0.529119   8.20134
   546.096  0.00799387 -0.0362389   0.789262   3.85586 -0.585382   8.15465
   546.101  -0.0309096  0.0671485   0.840423  3.92051 -0.60693  8.08642
   546.106  -0.0660827   0.145222   0.897179   3.95762 -0.635661     8.011
   546.111  -0.0975253   0.198515   0.951005   4.04859 -0.701501   7.93917
   546.116  -0.128435   0.23049  0.997902   4.12042 -0.760159    7.8458
   546.121  -0.160144  0.249409   1.03334   4.15035 -0.840365   7.75123
   546.126  -0.195317  0.257936   1.05572   4.26766 -0.931344   7.67821
   546.131  -0.233954   0.23955   1.08317     4.458 -0.957681   7.66025
   546.136  -0.267528   0.18759   1.11808   4.55617 -0.964863   7.69496
   546.141  -0.295507  0.116444   1.15991  4.57771 -1.06781  7.68778
   546.146  -0.326949 0.0506279   1.19642  4.59567 -1.17555  7.63272
   546.151   -0.362655 0.00452986    1.22786 4.63996 -1.1576 7.64588
   546.156   -0.391433 -0.0253139     1.2649   4.7082 -1.06662  7.78954
   546.161   -0.403957 -0.0436998    1.30567   4.78122 -0.999579   8.02896
   546.166    -0.40076 -0.0538254     1.3459   4.83629 -0.951695    8.2983
   546.171    -0.38717 -0.0551577    1.37761   4.88417 -0.938527   8.53653
   546.176   -0.367718 -0.0474303     1.3952   4.92128 -0.949301   8.70532
   546.181   -0.345602 -0.0303767    1.40452   4.97515 -0.988805   8.82982
   546.186   -0.325084 -0.0042634    1.40959   5.0386 -1.06422  8.90164
   546.191  -0.306432 0.0394364   1.41598 5.03141 -1.1157 8.88488
   546.196  -0.297106  0.113513    1.4293  4.94881 -1.17196  8.77834
   546.201  -0.305366   0.22223   1.44529  4.86143 -1.31322  8.59279
   546.206  -0.337874  0.356793   1.45648  4.81594 -1.50116  8.37611
   546.211  -0.393032  0.497752   1.46021  4.83629 -1.67235  8.20493
   546.216  -0.462046  0.624855   1.46474  4.86981 -1.72263  8.15944
   546.221  -0.527862  0.723979    1.4834  4.92008 -1.68073  8.24443
   546.226  -0.578224   0.78713   1.51058  5.00388 -1.62925  8.38569
   546.231  -0.608867  0.817507   1.53536  5.10085 -1.63404  8.50061
   546.236  -0.624588  0.823369   1.54975  5.18824 -1.69629  8.57244
   546.241  -0.63045 0.810579  1.55667  5.2457 -1.7741 8.61913
   546.246  -0.627519  0.787663   1.55854  5.23253 -1.82438  8.64307
   546.251  -0.615262   0.76528   1.55854  5.17387 -1.84354  8.66342
   546.256  -0.595011  0.747161   1.56174  5.10683 -1.84832  8.69813
   546.261  -0.567299  0.730107   1.56653  5.06852 -1.88424   8.7556
   546.266  -0.533458   0.70879   1.56866  5.05416 -1.95846  8.82742
   546.271  -0.496153  0.681877    1.5676 5.05057 -2.0662 8.90882
   546.276  -0.459115  0.649902   1.56094  5.02304 -2.18471  8.96629
   546.281  -0.421544  0.621124   1.55214  4.97994 -2.28167  8.99502
   546.286  -0.383972  0.605136   1.53349 4.94762 -2.3523 8.99502
   546.291  -0.350398  0.608067   1.51297  4.89734 -2.34991  8.99861
   546.296  -0.318423  0.627253   1.50578  4.81833 -2.33914  9.04529
   546.301  -0.284582  0.656564   1.50391  4.77883 -2.43131  9.10036
   546.306  -0.254472  0.699198   1.49672  4.68066 -2.59412  9.14585
   546.308  -0.247544  0.798588   1.47167  4.03064 -3.05979  8.38928
   546.316  -0.287513   1.06585   1.40266  3.24773 -3.66433  7.83981
   546.321  -0.359991   1.40772   1.30407  3.72657 -3.82474  7.83024
   546.326  -0.435666   1.63821    1.2228  4.49272 -3.33393   8.5066
   546.331  -0.480698   1.71069   1.20947  4.76805 -2.71024  8.92798
   546.336  -0.493489   1.66459   1.25104  4.68426 -2.50912  9.55526
   546.341  -0.500683   1.56973     1.299  4.49272 -2.74974  9.60554
   546.346  -0.520668   1.49858   1.30407  4.27365 -3.17711  9.02734
   546.351  -0.554775   1.48819   1.25557 4.06057 -3.5099 8.87052
   546.356  -0.594478   1.53189   1.18389 3.87262 -3.5937 8.77236
   546.361  -0.627519   1.60943   1.13353  3.67151 -3.48596  8.78433
   546.366  -0.647237   1.70989   1.11941  3.51708 -3.34111  8.95192
   546.371  -0.656564   1.80768   1.13326  3.43329 -3.23457  9.19254
   546.376  -0.658429   1.87776   1.15698  3.35069 -3.15197   9.4128
   546.381  -0.657363   1.90094   1.17323  3.31956 -3.29682  9.59357
   546.386  -0.672551   1.86097   1.15511  3.33512 -3.28724  9.72525
   546.391  -0.691204   1.76851   1.15378  3.40575 -3.13042   9.7037
   546.396  -0.678946    1.6534   1.20974  3.39019 -3.33991  9.54329
   546.401  -0.633115   1.55268   1.30647  3.29203 -2.78087  9.35534
   546.406  -0.573427   1.48846   1.40133  3.19865 -3.25492  9.23204
   546.411  -0.520135   1.45302   1.46847   3.2214 -3.11246  9.18655
   546.416  -0.483629   1.42344   1.50178  3.32195 -3.52905  9.23444
   546.421  -0.45725  1.38481  1.50924  3.40455 -3.55898  9.38288
   546.426  -0.435933   1.32618   1.51031  3.40575 -3.54581  9.56843
   546.431  -0.414349   1.24198   1.51884  3.34709 -3.53264  9.66659
   546.436  -0.387969   1.14792   1.53109 3.22858 -3.5506 9.65222
   546.441  -0.357593   1.06798   1.54175  3.07894 -3.62243  9.58399
   546.446  -0.322953   1.01549   1.53935  2.94487 -3.71101  9.53012
   546.451  -0.288312   0.99124    1.5215  2.82636 -3.75171  9.51695
   546.456  -0.257936  0.984845   1.49352  2.70665 -3.75052   9.5385
   546.461  -0.232622  0.982714   1.46794  2.52828 -3.74932  9.55646
   546.466  -0.212637  0.975786   1.45515  2.71383 -3.73855  9.56005
   546.471  -0.193985  0.967259   1.46128  2.26731 -3.73615  9.50737
   546.476  -0.173201  0.965394    1.4786  2.38582 -3.74693  9.40682
   546.481  -0.154015  0.980315   1.49858  1.93451 -3.81157  9.31704
   546.486  -0.142824   1.01442   1.51697  1.84354 -3.88579   9.2476
   546.491  -0.146288   1.05706   1.52816  2.09493 -3.91452  9.18057
   546.496  -0.163075   1.10236   1.53296  1.79326 -3.98275  9.11113
   546.501  -0.18679  1.14579  1.52363  1.79805 -4.05219  9.04649
   546.506  -0.218766   1.18656   1.48819  1.82678 -3.98754  9.04889
   546.511  -0.250208   1.21987   1.44103  1.87586 -3.85706  9.12311
   546.516  -0.274723   1.23345   1.40879    1.901 -3.74812  9.24042
   546.521  -0.28698  1.22146  1.39733  1.88783 -3.74812  9.35654
   546.526  -0.284315   1.18682    1.3928  1.80044 -3.80439  9.40921
   546.531  -0.271525   1.14446   1.38534  1.67594 -3.87741  9.42597
   546.536  -0.253939   1.10955   1.43064  1.52391 -3.94325  9.45949
   546.541  -0.233688   1.08983    1.3499  1.35272 -3.98994  9.50259
   546.546  -0.210239    1.0845   1.34377  1.16478 -3.99233  9.55885
   546.551  -0.183859   1.09036   1.35123 0.963666 -3.96719  9.63068
   546.556  -0.156147   1.10236    1.3038 0.778116 -3.95402  9.69412
   546.561  -0.129501   1.11834   1.40319 0.582988 -3.93966  9.71567
   546.566  -0.101789   1.14312   1.37708 0.387861 -3.95762  9.69412
   546.571  -0.0735436    1.18096    1.48739 0.240617 -4.02226  9.61871
   546.576  -0.0508943    1.23239     1.5231  0.15682 -4.05578  9.51216
   546.581  -0.0399694    1.29394    1.54895 0.167594 -4.06655  9.41879
   546.586  -0.0415681    1.35629    1.55827 0.245406 -4.05099  9.34577
   546.591  -0.0474303    1.40586    1.55321  0.32202 -4.01388  9.27274
   546.596  -0.0522266    1.43437    1.53216 0.391452 -4.01268  9.18536
   546.601  -0.05649  1.44289  1.49885 0.457293 -3.97797  9.11832
   546.606  -0.0583553    1.43304    1.46101  0.52433 -3.93008  9.08001
   546.611  -0.0540919    1.40692    1.41891 0.539892 -3.84269  9.05607
   546.616  -0.0455651    1.40612    1.37788 0.492008 -3.72897  9.04649
   546.621  -0.0338407     1.3078    1.33498 0.427365 -3.64996   9.0417
   546.626  -0.0189188    1.34803    1.29208 0.357933 -3.58412  9.06684
   546.631  -0.00106585     1.24918     1.25371  0.28491 -3.53145   9.1243
   546.636  0.0186524   1.28355   1.21853 0.178368 -3.46561  9.19852
   546.641  0.0407688   1.18096   1.18496 0.0490811   -3.3842      9.25
   546.646  0.0668821   1.21907   1.15511 -0.059855  -3.31477   9.26556
   546.651  0.0940613   1.12474   1.13007 -0.134075  -3.29203   9.25838
   546.656  0.119109  1.10315  1.10875 -0.160412  -3.32555   9.22486
   546.661  0.13856  1.0885 1.08663 -0.135272  -3.38061   9.13388
   546.666  0.151884  1.08663  1.06159 -0.0730232   -3.46441    9.01297
   546.671  0.155614  1.09116  1.02775 0.0047884   -3.5506   8.98065
   546.676  0.14842 1.08957 0.98751 0.0107739  -3.55659   9.08001
   546.681  0.136429   1.0813 0.947807 -0.0658405     -3.553     9.2081
   546.686  0.126836  1.07944 0.906772 -0.219069    -3.553   9.27155
   546.691  0.119109  1.09303 0.877461 -0.399832  -3.55898   9.31464
   546.696  0.121507  1.11994 0.862806 -0.560243  -3.62003   9.37091
   546.701  0.124438  1.15725 0.858009 -0.741005   -3.6344   9.44034
   546.706  0.127902  1.20867 0.869201 -0.938527  -3.62482   9.51695
   546.711  0.132165  1.28462 0.889452 -1.12767 -3.61046  9.56005
   546.716  0.135363  1.38747  0.91823 -1.29407 -3.58651  9.59237
   546.721  0.132698  1.50525 0.950472 -1.40061 -3.60327  9.61871
   546.726  0.124172  1.62489 0.977651 -1.44729 -3.61884   9.6223
   546.731  0.114312  1.73414 0.999767 -1.44131 -3.62841  9.58758
   546.736  0.103387  1.82687  1.01576 -1.41737 -3.62841  9.49421
   546.741  0.0879326   1.90254   1.02615 -1.41856  -3.6356  9.34218
   546.746  0.0671485   1.96809   1.03068 -1.44011 -3.65475  9.14226
   546.751  0.03917 2.02858 1.02535 -1.45208 -3.64637  8.95791
   546.756  0.00932619    2.07974    1.00643 -1.45807 -3.58412  8.84418
   546.761  -0.0149219    2.11518   0.972855 -1.48321 -3.49314  8.78911
   546.766  -0.0295773    2.12744   0.932885 -1.51792 -3.38899  8.81545
   546.771  -0.0327749    2.10399   0.892116 -1.54426 -3.28006  8.94354
   546.776  -0.0223828    2.04803   0.853213   -1.652 -3.16753  9.05008
   546.781  0.000266462     1.98301    0.820438 -1.83396 -3.14718  9.06205
   546.786  0.021317  1.93319 0.787663 -2.05662  -3.1795  8.98304
   546.791  0.0381041      1.91  0.759685 -2.26731 -3.18788  8.88847
   546.796  0.0551577   1.90707  0.737835 -2.39181  -3.2226  8.85735
   546.801  0.0722113   1.90627  0.715985 -2.46842 -3.23696  8.90763
   546.806  0.0916631   1.89908  0.699464 -2.58095   -3.219  8.98424
   546.811  0.118576  1.89215 0.687207 -2.71024 -3.20703  9.06325
   546.816  0.156413  1.89375 0.676015 -2.82875 -3.17232  9.14226
   546.821  0.205443  1.90148  0.66136 -2.87544 -3.15197  9.22606
   546.826  0.262998  1.90467 0.636845 -2.8479 -3.1388 9.31344
   546.831  0.328815  1.89215 0.599274 -2.77847 -3.11246  9.39724
   546.836  0.402891  1.86364 0.545182 -2.75573 -3.07296  9.43076
   546.841  0.480432  1.83006 0.479632 -2.80241 -3.02867  9.36612
   546.846  0.558505  1.80289 0.405289 -2.86227 -2.99275  9.21409
   546.851  0.631783  1.78183 0.321087 -2.89459 -2.95205  9.02853
   546.856  0.697332  1.75945 0.231556 -2.93649 -2.90417  8.85017
   546.861  0.757819  1.73201 0.136695 -3.02507 -2.86825  8.65863
   546.866   0.811112    1.6995 0.0421011 -3.16274 -2.83114  8.45153
   546.871    0.854812    1.66139 -0.0506279 -3.30639 -2.78326  8.27316
   546.876   0.892649   1.61316 -0.140426 -3.44645 -2.68031  8.14388
   546.881   0.933418   1.55001 -0.216368 -3.59968 -2.62165  8.02776
   546.886    0.97472   1.46954 -0.274723 -3.78523 -2.68989  7.90925
   546.891   1.0027 1.37974 -0.3043 -4.03303 -2.84431  7.72489
   546.896     1.0059   1.31126 -0.305366 -4.34787 -2.99874  7.44477
   546.901   0.981381   1.29234 -0.294175 -4.66989 -3.06218  7.17782
   546.906   0.938481   1.31979 -0.270459 -4.94163 -3.01789  7.05452
   546.911   0.886521   1.36749 -0.237152 -5.09007  -3.0143  7.05212
   546.916   0.829231   1.41705 -0.203577 -5.17746 -3.03106  7.06409
   546.921   0.775939   1.46474 -0.172135 -5.23373 -3.03345   7.1012
   546.926   0.733305   1.50205 -0.144956 -5.25527 -2.99874  7.20296
   546.931   0.701862    1.5183 -0.117243  -5.2433 -2.95325  7.33583
   546.936    0.680279    1.51591 -0.0932619 -5.23133 -2.92332  7.42083
   546.941    0.666689    1.50978 -0.0788729  -5.2421 -2.91853   7.4328
   546.946   0.656564   1.51031 -0.074876 -5.26964 -2.91853  7.40048
   546.951   0.645905   1.51724 -0.077807 -5.31034 -2.89938  7.34781
   546.956    0.631516     1.5271 -0.0796723 -5.34266 -2.88621   7.2688
   546.961    0.605669    1.54202 -0.0826034 -5.38456 -2.85509  7.14909
   546.966    0.569963    1.56866 -0.0834028 -5.47913 -2.75453  7.03895
   546.971     0.53026    1.60224 -0.0810046 -5.58567 -2.65397  6.99346
   546.976    0.493489    1.63048 -0.0788729 -5.68264 -2.55701  6.99586
   546.981    0.462046    1.64327 -0.0695467 -5.76284 -2.48279  7.01022
   546.986    0.433268    1.64274 -0.0596876 -5.80714 -2.45645  6.96593
   546.991    0.403158    1.63954 -0.0538254 -5.84065 -2.41455  6.85819
   546.996    0.375446    1.63928 -0.0498285 -5.84185  -2.3966  6.72651
   547.001   0.350931   1.63928 -0.053026 -5.80354 -2.42892  6.58405
   547.006     0.32242    1.63821 -0.0575559 -5.80115 -2.44807  6.43442
   547.011    0.286447    1.63954 -0.0626187 -5.82868 -2.46124  6.32428
   547.016    0.246211    1.64541 -0.0711455 -5.89572 -2.42892  6.27879
   547.021    0.209173    1.65553 -0.0796723 -5.99388 -2.37026  6.30034
   547.026    0.182793    1.66486 -0.0895314 -6.10641 -2.30083  6.37456
   547.031    0.167338    1.66619 -0.0919296 -6.24049 -2.26132  6.45237
   547.036    0.158812      1.659 -0.0881991 -6.36379 -2.28167  6.47153
   547.041    0.155881    1.65127 -0.0804717 -6.47272 -2.34153  6.45477
   547.046    0.156946    1.64434 -0.0692802  -6.5673 -2.41216  6.45956
   547.051   0.159611   1.63555 -0.053559 -6.65588 -2.45286  6.50026
   547.056     0.16574    1.62649 -0.0341072 -6.74686 -2.43251  6.55532
   547.061    0.176665    1.61929 -0.0170536 -6.80073  -2.3942  6.60081
   547.066    0.190787    1.61156 -0.0042634 -6.81749 -2.34991  6.62835
   547.071    0.208374    1.59931 0.00559571 -6.80073 -2.34871  6.64511
   547.076    0.229957    1.58279 0.00932619 -6.78038 -2.37146  6.63194
   547.081    0.253939    1.56387 0.00985911 -6.76841  -2.3942  6.58166
   547.086    0.279519    1.54681 0.00373047 -6.73489 -2.43371  6.50744
   547.091     0.303501     1.53243 -0.00772741 -6.73489 -2.46722   6.3985
   547.096    0.320021    1.52496 -0.0175865 -6.79355 -2.52349  6.22014
   547.101    0.320554    1.53722 -0.0285115 -6.87615 -2.62883  5.94121
   547.106    0.301636    1.57586 -0.0378377 -6.94917 -2.67432  5.63475
   547.111    0.267795    1.63022 -0.0431669 -6.98987 -2.64799  5.45279
   547.116    0.229691    1.67738 -0.0455651 -7.03416 -2.54982  5.45279
   547.121     0.20038    1.70429 -0.0383706 -7.10838 -2.42054  5.55694
   547.126    0.185991    1.71762 -0.0271792 -7.21253 -2.28886  5.62398
   547.131     0.18759    1.72961 -0.0141225 -7.29872 -2.17394  5.62997
   547.136     0.199847      1.7368 -0.00506279 -7.29872 -2.12605  5.60243
   547.141       0.2177     1.72481 -0.00506279 -7.21852  -2.1452  5.55096
   547.146   0.235553   1.68804 -0.014389 -7.12514 -2.20626  5.46477
   547.151    0.251274    1.63475 -0.0319755 -7.06529 -2.26252  5.35104
   547.156     0.26513    1.57692 -0.0554242 -7.07247 -2.27689  5.24689
   547.161    0.278187    1.51857 -0.0807381 -7.11198 -2.28646  5.17746
   547.166   0.289378   1.46128 -0.105786 -7.16944 -2.28886  5.14275
   547.171   0.301902   1.40745 -0.130567 -7.24366 -2.29125  5.15591
   547.176   0.318423   1.35976 -0.157213 -7.34182 -2.30322  5.18824
   547.181   0.338407   1.32139 -0.175865 -7.46392 -2.33435  5.20021
   547.186   0.358392     1.299 -0.189455 -7.60877 -2.41216   5.1631
   547.191   0.371715   1.29581 -0.199847 -7.76559 -2.44448  5.10204
   547.196   0.380508   1.30753 -0.202511 -7.87333 -2.44448   5.0781
   547.201   0.390368   1.32059 -0.202778 -7.89368 -2.47082  5.08169
   547.206   0.403424   1.33071 -0.200646 -7.89847 -2.50074  5.02663
   547.211   0.415149   1.34723 -0.196383 -7.89967 -2.56419  4.88058
   547.216    0.42181   1.37868 -0.195317 -7.88052 -2.59891  4.72256
   547.221   0.424208   1.41625 -0.200913 -7.81348 -2.57257  4.63637
   547.226   0.427139   1.44316 -0.217433 -7.69018 -2.49117  4.60166
   547.231   0.433801   1.45009 -0.239816 -7.58603  -2.3966  4.55018
   547.236   0.442061   1.44343 -0.264331 -7.56568 -2.32956   4.4616
   547.241   0.452453   1.43357 -0.285914 -7.63152 -2.29963  4.38977
   547.246   0.463645   1.42344 -0.303767 -7.74405 -2.29125  4.34787
   547.251   0.478034   1.41198 -0.314959 -7.85059 -2.27449   4.3359
   547.256   0.496953   1.39573 -0.319755 -7.94875  -2.2721  4.32393
   547.261   0.516138   1.38134 -0.325884 -8.06128 -2.34033   4.2533
   547.266   0.533724   1.37015 -0.333078 -8.12113 -2.39181  4.18866
   547.271   0.554242    1.3507 -0.338407 -8.11754 -2.41455  4.16831
   547.276    0.57849   1.31339 -0.347201 -8.08282 -2.43131  4.16112
   547.281   0.605669   1.26037 -0.357593 -8.04093 -2.41934  4.14556
   547.286   0.639776   1.19802 -0.372248 -7.95833 -2.41336  4.11922
   547.291   0.676815   1.13566 -0.398628 -7.89727 -2.44209  4.02346
   547.296   0.711721   1.08344 -0.431136 -7.86735 -2.44448  3.91332
   547.301   0.743164   1.03974 -0.462845 -7.87214 -2.44687  3.83192
   547.306  0.764214  1.00803 -0.48283 -7.99544 -2.43849  3.70982
   547.308   0.767145   1.00616 -0.486827 -8.19655 -2.48758  3.51948
   547.316   0.750358   1.04746 -0.485228 -8.43118 -2.57616  3.32315
   547.321   0.719715   1.12394 -0.479632 -8.64905 -2.66594  3.20105
   547.326    0.68774   1.20894 -0.469507 -8.77595 -2.73538  3.20703
   547.331   0.662959   1.27129 -0.453253 -8.83221 -2.78206  3.30759
   547.336   0.649103   1.29634 -0.434867 -8.83101  -2.8084  3.44166
   547.341   0.650168   1.28808 -0.417547 -8.80348 -2.81917  3.51708
   547.346   0.663492   1.26143 -0.402625 -8.78672 -2.84671   3.4692
   547.351   0.679213   1.23079 -0.390634 -8.7544 -2.8886 3.34111
   547.356   0.692003   1.20095 -0.382107 -8.67539 -2.89818  3.19626
   547.361   0.699997   1.17084 -0.379443 -8.55568 -2.85149  3.07655
   547.366    0.70506    1.1362 -0.384239 -8.43358 -2.71383  3.01669
   547.371   0.713587   1.09383 -0.393565 -8.32105 -2.55222  2.99515
   547.376   0.728508   1.04613 -0.409553 -8.22767 -2.43849  2.96282
   547.381  0.745829   1.0011 -0.43087 -8.18697 -2.36906  2.88262
   547.386   0.762616  0.967792 -0.458582 -8.16303 -2.35709  2.78206
   547.391    0.77807  0.943544 -0.494554 -8.15226 -2.36787  2.70186
   547.396   0.794058  0.915299 -0.529727 -8.17859 -2.38582  2.68629
   547.401   0.810845  0.875862 -0.560104 -8.23246 -2.46603  2.70186
   547.406   0.829498  0.830297 -0.586217 -8.35935 -2.52947  2.70305
   547.411    0.84815  0.789528 -0.590747 -8.56406 -2.60968  2.67313
   547.416   0.859075  0.770077 -0.577691 -8.82383 -2.76889  2.59292
   547.421  0.859342 0.783933 -0.55291 -9.09677 -2.89938  2.53067
   547.426   0.853479  0.825767 -0.518003 -9.29429 -3.01789  2.54025
   547.431   0.847084  0.879859 -0.479899 -9.41879 -3.09451  2.61806
   547.436   0.847084  0.933684 -0.444992 -9.50378 -3.15197  2.68151
   547.441   0.853479  0.983779 -0.417813 -9.58399 -3.27168  2.52229
   547.446   0.856144   1.03281 -0.401825 -9.60434  -3.4692  2.67552
   547.451   0.849482   1.07438 -0.394897 -9.55765 -3.61884  2.28287
   547.456   0.835626   1.09543 -0.389835 -9.50977 -3.64158   2.2314
   547.461  0.822303  1.09489 -0.38344 -9.46548 -3.54462  2.16556
   547.466   0.818306    1.0813 -0.380508 -9.40323  -3.3854  2.38822
   547.471   0.828965   1.06319 -0.386371 -9.31704 -3.23098  2.03148
   547.476   0.846551   1.03254 -0.398361 -9.19014 -3.12683     1.98
   547.481   0.866802  0.974986 -0.421277 -9.08839 -3.07056  1.88304
   547.486   0.888652   0.89558 -0.452453  -9.0417 -3.06697  1.73819
   547.491  0.910502 0.810579 -0.48283 -9.06445 -3.09451  1.58855
   547.496   0.927023  0.733571 -0.500949 -9.15902 -3.13281   1.4868
   547.501  0.932086 0.672818 -0.50841 -9.29429 -3.19147  1.42814
   547.506   0.926757  0.633115 -0.510809 -9.46548 -3.20344  1.39821
   547.511   0.917697  0.616594 -0.500683 -9.63307 -3.16154  1.38744
   547.516   0.909969  0.619792 -0.480698 -9.74201 -3.16035  1.38265
   547.521   0.902508  0.635247 -0.453253 -9.80066 -3.15795  1.39343
   547.526   0.893715  0.653899 -0.424475 -9.80785 -3.11964  1.41976
   547.531   0.887587  0.668288 -0.399161 -9.75996 -3.08972   1.4461
   547.536   0.885988  0.668554 -0.381308 -9.64744 -3.35787   1.4856
   547.541   0.891051  0.648836 -0.376511 -9.49181 -3.00113  1.51792
   547.546   0.910502  0.607801 -0.386104 -9.32302 -2.94966  1.52511
   547.551    0.94381  0.546781 -0.407688 -9.16141 -2.86107  1.55743
   547.556   0.989642  0.464444 -0.434067 -9.00459 -2.94726  1.63165
   547.561     1.0424  0.354395 -0.465243 -8.80947 -3.17711  1.72383
   547.566   1.09436 0.216368 -0.53479 -8.64427 -3.24893  1.83276
   547.571    1.15325 0.0602205 -0.631516 -8.64067 -3.17471  1.93811
   547.576     1.22733 -0.0988576  -0.712254 -8.77714  -3.1388  1.96444
   547.581     1.3046 -0.246744 -0.747161   -9.001 -3.20943  1.89142
   547.586    1.36882 -0.361856 -0.734371 -9.29309 -3.28006  1.78488
   547.591    1.41465 -0.429005 -0.684809 -9.51815 -3.49913  1.68911
   547.596    1.44076 -0.453519 -0.610998 -10.0305 -3.73855  1.62566
   547.601    1.44183 -0.444726 -0.559838 -9.92277 -3.85826  1.64242
   547.606    1.43037 -0.419412 -0.537988 -10.3872 -3.92649  1.72263
   547.611    1.41705 -0.396763 -0.529461 -10.1885 -4.01388  1.75734
   547.616    1.41065 -0.387969  -0.53559 -10.5716 -4.14197  1.72143
   547.621    1.40586 -0.394897 -0.551044 -10.5896 -4.27485  1.65439
   547.626    1.39413 -0.416481 -0.575293 -10.5572 -4.33351  1.60292
   547.631    1.38401 -0.450322 -0.608867 -10.4495 -4.38019   1.6101
   547.636    1.37681 -0.497752   -0.6523 -10.2855 -4.34188  1.69869
   547.641    1.37681 -0.563035 -0.716251 -10.0652 -4.20302  1.84713
   547.646    1.39546   -0.6523 -0.793259 -9.82221 -4.01029  2.02071
   547.651     1.4373 -0.769011 -0.872132 -9.68933 -3.86903  2.16675
   547.656    1.49752 -0.912634 -0.937681 -9.76595 -3.86544  2.18471
   547.661    1.55241  -1.07038 -0.964594 -10.0018 -3.98395  1.98599
   547.666    1.57266  -1.20628 -0.889985 -10.3465  -4.0881  1.62207
   547.671    1.54069  -1.27183 -0.939813 -10.7021   -3.881  1.35033
   547.676    1.46581  -1.24438 -0.767678 -10.9068 -3.14478  1.42694
   547.681    1.41492  -1.15725 -0.658695 -10.8254 -3.33512  1.63165
   547.686    1.36962  -1.06798 -0.382374 -10.7464 -3.79002    1.816
   547.691    1.29314 -0.988043 -0.213436 -10.726 -3.8798 2.00395
   547.696     1.2244 -0.919296 -0.259534 -10.6518 -3.80798   2.1464
   547.701    1.16737  -0.87453 -0.162809 -10.4651 -3.78643  2.20626
   547.706    1.10822 -0.852946 -0.142557 -10.1742 -3.77925  2.29724
   547.711    1.05492 -0.847084 -0.140426 -9.85214 -3.78523  2.42054
   547.716    1.01842 -0.853746 -0.159877 -9.54449 -3.75052  2.53307
   547.721    1.00003 -0.871332 -0.201179 -9.25598 -3.66073  2.65278
   547.726    1.00003 -0.897979 -0.264864  -8.9998 -3.51708  2.79762
   547.731    1.02135 -0.930753 -0.342937 -8.76637 -3.37582  2.97839
   547.736    1.06425 -0.974986 -0.436199 -8.53533 -3.25492  3.21062
   547.741    1.12447  -1.07278 -0.546781 -8.32464 -3.19267  3.49314
   547.746    1.19855  -1.14526 -0.673351 -8.15705 -3.20105  3.79002
   547.751    1.28355   -1.2569 -0.811378  -8.0505 -3.23816  4.06895
   547.756    1.38401  -1.46581 -0.930487  -8.0505 -3.24295  4.32153
   547.761   1.50418 -1.68964 -1.00057 -8.13669 -3.29442  4.50349
   547.766   1.63448 -1.90894 -1.01975 -8.32703 -3.42012  4.57173
   547.771   1.74746 -2.09599 -1.00217 -8.62511 -3.56497  4.55018
   547.776    1.82607  -2.29584 -0.968858 -8.96389 -3.70383  4.48075
   547.781     1.8719  -2.50155 -0.929954 -9.29788 -3.82593  4.39216
   547.786    1.88762  -2.50581 -0.901443 -9.60554 -3.90853  4.29041
   547.791    1.88416  -2.44666 -0.891051 -9.87608 -3.91811  4.18506
   547.796    1.88229  -2.34087 -0.880126  -10.094 -3.91452  4.09528
   547.801    1.88043   -2.2151 -0.866003 -10.1897 -3.99233  4.07852
   547.806    1.86577  -2.09733 -0.855878 -10.1849 -4.10845  4.13718
   547.811    1.83326  -2.00247 -0.851081 -10.1179 -4.25689  4.20901
   547.816    1.77944  -1.92439 -0.853213 -10.0724 -4.32393  4.26647
   547.821    1.72241  -1.84952 -0.857743 -10.0245 -4.27485  4.34188
   547.826    1.75332  -1.84952 -0.866536 -9.93354 -4.14197  4.46399
   547.831    1.68511  -1.77571 -0.866536 -9.93354 -4.14197  4.46399
   547.836    1.60277  -1.71042 -0.872931 -9.81383 -3.96719  4.62919
   547.841    1.59957  -1.66619 -0.873197 -9.63546 -3.82713  4.84347
   547.846    1.60117   -1.6526 -0.867868 -9.42478 -3.72179  5.08648
   547.851     1.6089  -1.66859 -0.860407  -9.2093 -3.62722  5.31752
   547.856    1.62462  -1.70616 -0.854012 -8.99741 -3.55419  5.50307
   547.861    1.57639  -1.75386 -0.845485 -8.80707 -3.49314  5.64433
   547.866    1.66059  -1.80528 -0.831896 -8.63828 -3.45842   5.7377
   547.871    1.67179  -1.85218 -0.814576 -8.51378 -3.40216  5.81432
   547.876    1.68164  -1.88735 -0.796989  -8.4252 -3.35308  5.88375
   547.881    1.68884   -1.9092 -0.785265 -8.35457 -3.32555  5.93642
   547.886    1.6947  -1.9148 -0.77434 -8.30908 -3.27048  5.98191
   547.891    1.69763  -1.90574 -0.761017 -8.23605 -3.21062  6.03937
   547.896    1.69923  -1.88735 -0.748227 -8.16543 -3.11964  6.09923
   547.901    1.69923   -1.8655 -0.730907 -8.09599 -3.03226  6.14711
   547.906    1.69337  -1.84525 -0.714652 -7.99544 -3.03944  6.17225
   547.911    1.67285  -1.82953 -0.704793 -7.92122 -3.11605  6.16746
   547.916    1.63395  -1.81647 -0.701862 -7.85777 -3.24893  6.13514
   547.921    1.57826  -1.80395 -0.712521 -7.81827 -3.36864  6.10162
   547.926    1.51191  -1.79223 -0.729841  -7.8039 -3.42371  6.10881
   547.931    1.44289  -1.79009 -0.751691 -7.73567 -3.43329  6.21654
   547.936    1.37441  -1.80662 -0.769277 -7.67701 -3.35547   6.2776
   547.941    1.30966    -1.825 -0.771409 -7.68299 -3.23457  6.28717
   547.946    1.25264  -1.83513 -0.760217 -7.71531 -3.12563  6.34344
   547.951    1.20468  -1.84712 -0.746628 -7.72729 -3.04303  6.47632
   547.956    1.16258  -1.87696 -0.732239 -7.70215  -2.9712  6.60919
   547.961    1.12181  -1.92732 -0.709856 -7.66983 -2.89818  6.66306
   547.966    1.07624  -1.98754 -0.677348 -7.64588 -2.86466  6.61877
   547.971    1.02055  -2.04164 -0.640309 -7.64109 -2.87783  6.51821
   547.976   0.953936  -2.08374 -0.600873 -7.61476 -2.89698  6.44878
   547.981   0.884922  -2.11678 -0.561969 -7.55251 -2.87544   6.4428
   547.986  0.823636 -2.14076 -0.51827 -7.46033 -2.79882  6.46434
   547.991   0.770876  -2.15248 -0.468175 -7.33703 -2.75573  6.47033
   547.996   0.718649  -2.14342 -0.418346 -7.23408 -2.76291   6.4404
   548.001   0.658429  -2.11145 -0.369583 -7.12275 -2.78446  6.41766
   548.006   0.584885  -2.06748 -0.326949 -6.94917 -2.83234  6.45716
   548.011   0.500417  -2.02538 -0.293375 -6.75763 -2.85269  6.57448
   548.016    0.41355  -1.99527 -0.265397 -6.53378 -2.85269  6.80312
   548.021   0.333877  -1.98594 -0.245412 -6.29795 -2.78087  7.12754
   548.026    0.26966  -1.99474 -0.221164  -6.0705 -2.61686  7.46392
   548.031   0.220364   -2.0062 -0.189188 -5.84903  -2.4349  7.72729
   548.036   0.184392  -1.99953 -0.154815 -5.66708 -2.27329  7.90805
   548.041   0.158545  -1.96543 -0.127369 -5.50906 -2.16077  8.05769
   548.046    0.13936     -1.91 -0.114579 -5.34146 -2.08415  8.20852
   548.051    0.12657  -1.84738 -0.117776 -5.15352 -2.05422  8.36055
   548.056   0.117243  -1.79249 -0.131899 -4.93445 -2.07338  8.49104
   548.061   0.107651  -1.75226 -0.151084 -4.72735 -2.09971  8.55209
   548.066  0.0940613  -1.72188 -0.170003  -4.543 -2.1464 8.51139
   548.071  0.0684809   -1.6939 -0.192919 -4.38857 -2.21823  8.36534
   548.076  0.0277121  -1.66273 -0.219565 -4.26527 -2.28407  8.19535
   548.081  -0.0218499   -1.64088  -0.254472 -4.09648 -2.32716  8.14867
   548.086  -0.0676815   -1.64461  -0.289645 -3.90494 -2.28646  8.23246
   548.091  -0.101522  -1.67525 -0.311228 -3.73974 -2.20626  8.33302
   548.096  -0.122573  -1.71522 -0.322686 -3.67271 -2.12366  8.35217
   548.101   -0.13856  -1.74053 -0.326417 -3.70263 -2.10331  8.28394
   548.106  -0.160144  -1.74107 -0.333877 -3.73495 -2.20626  8.17859
   548.111  -0.190521  -1.72108 -0.358126 -3.73735 -2.30801  8.11754
   548.116   -0.22223  -1.69603 -0.390101 -3.67271 -2.29484  8.18817
   548.121  -0.240616  -1.68404 -0.418613 -3.56138  -2.1464  8.39048
   548.126  -0.238484  -1.68671 -0.434067 -3.51708 -2.00155  8.56526
   548.131  -0.219832  -1.69017 -0.439397 -3.47878  -1.9417   8.7137
   548.136  -0.189188  -1.69257 -0.440196 -3.41293 -1.89381  8.84298
   548.141  -0.149485  -1.69497 -0.437531 -3.34709 -1.82079  8.94354
   548.146  -0.0983247   -1.70136  -0.431936 -3.25372 -1.74178  9.07043
   548.151  -0.031709  -1.72161 -0.430603 -3.09091 -1.65918  9.25957
   548.156  0.0591547  -1.76372 -0.433268 -2.90417 -1.54187  9.44991
   548.161   0.173467   -1.8266 -0.431136 -2.75692 -1.46286  9.53132
   548.166    0.29604  -1.90148 -0.423675 -2.63721 -1.49997  9.48224
   548.171   0.409819  -1.97902 -0.426074 -2.56658 -1.64482   9.3326
   548.176   0.502015  -2.04803 -0.439663 -2.55342 -1.80164  9.09677
   548.181   0.571562  -2.09733 -0.460181 -2.53067 -1.92733  8.82144
   548.186   0.620058  -2.12637 -0.483096 -2.45286 -2.01472  8.59758
   548.191    0.64857  -2.14715 -0.507878 -2.33794 -2.07936  8.47787
   548.196   0.659761  -2.16794 -0.532659 -2.26851 -2.09134   8.4252
   548.201   0.657896  -2.18819 -0.545182 -2.26611 -2.04225  8.41203
   548.206    0.64777  -2.20578 -0.539587 -2.25294 -2.01113  8.44914
   548.211   0.633648  -2.22363 -0.528662 -2.21703 -2.00874  8.54012
   548.216  0.620325 -2.24281 -0.51374 -2.18591 -2.00754   8.6694
   548.221     0.6094  -2.25854 -0.494021 -2.17633 -1.99557   8.7963
   548.226  0.601139 -2.26333 -0.46551 -2.17513 -1.94289   8.9196
   548.231   0.598208  -2.25187 -0.431403 -2.14281  -1.8998  9.03093
   548.236   0.598208  -2.21723 -0.397029 -2.11049 -1.85072   9.0848
   548.241   0.597942  -2.15408 -0.359191 -2.06021 -1.80643  9.09438
   548.246   0.596876  -2.07175 -0.322686 -1.92494 -1.76094  9.15782
   548.251   0.601939  -2.00433 -0.298704 -1.67834 -1.74657  9.36971
   548.256   0.620591  -1.98355 -0.291776 -1.38983 -1.74657   9.6223
   548.261   0.649369   -2.0054 -0.288046 -1.17316  -1.7334  9.71088
   548.266   0.678147   -2.0387 -0.277121 -1.02232 -1.76572  9.60434
   548.271   0.694934  -2.05869 -0.269394 -0.931344  -1.82438   9.41759
   548.276   0.697332  -2.05602 -0.264064 -0.890643  -1.81002   9.27035
   548.281   0.694401   -2.0403 -0.259801 -0.806846   -1.7322   9.25359
   548.286   0.702662  -2.02885 -0.254472 -0.705092  -1.59334   9.34816
   548.291    0.72611  -2.02805 -0.240349 -0.611719  -1.44849   9.42956
   548.296   0.753023  -2.02698 -0.218499 -0.56144 -1.34195  9.40203
   548.301   0.770609  -2.00859 -0.192119 -0.565032  -1.26174   9.27873
   548.306   0.773008  -1.97182 -0.167072 -0.526724  -1.24259   9.14585
   548.308   0.763415  -1.93718 -0.154282 -0.42138 -1.23541  9.09677
   548.316   0.753556  -1.93212 -0.147887 -0.246603  -1.21625   9.13268
   548.321  0.749825 -1.96516 -0.14389 -0.0418985   -1.22463    9.14824
   548.326   0.746628  -2.01739 -0.136695 0.0993594  -1.23062   9.05008
   548.331   0.735969  -2.05629 -0.126303 0.181959 -1.26294  8.84059
   548.336   0.712254  -2.05922 -0.118043 0.240617 -1.29646  8.62032
   548.341   0.679746  -2.02938 -0.108983 0.318429 -1.31083  8.53174
   548.346    0.649103   -1.99447 -0.0983247 0.448913 -1.30125  8.65863
   548.351    0.629384   -1.97982 -0.0842021 0.60693 -1.2785 8.91242
   548.356    0.622456   -1.98195 -0.0647504 0.723049 -1.22463   9.1243
   548.361   0.62219 -1.97689 -0.03917 0.770933 -1.14323  9.21409
   548.366    0.620325   -1.94464 -0.0042634 0.782904 -1.07978  9.19852
   548.371   0.611265  -1.88282 0.0335743 0.806846 -1.03908  9.16979
   548.376   0.601672  -1.81035 0.0738101  0.870292 -0.943315   9.23922
   548.381  0.598741 -1.74613 0.118309  0.987608 -0.842759    9.3326
   548.386  0.600873 -1.68697 0.165207   1.10373 -0.775721   9.31704
   548.391   0.60034 -1.61903  0.21317   1.21147 -0.769736   9.19493
   548.396  0.589415 -1.53642 0.250475  1.33477 -0.80086  9.03572
   548.401  0.565966 -1.44636 0.281118   1.46525 -0.784101   8.89566
   548.406  0.531859 -1.36269 0.312294   1.64601 -0.757765   8.81904
   548.411  0.495887 -1.29954 0.338674    1.8591 -0.727837   8.82503
   548.416  0.467375 -1.26357 0.361323     2.065 -0.676362   8.87291
   548.421  0.449789 -1.24944 0.377311   2.24576 -0.640449   8.90643
   548.426  0.440995 -1.24331 0.385305   2.37625 -0.604536   8.90882
   548.431  0.434867 -1.23372 0.389035    2.4768 -0.600945   8.88369
   548.436  0.426074 -1.21267 0.386903   2.53905 -0.602142   8.81545
   548.441  0.414349 -1.17803 0.384772   2.58813 -0.577003    8.7556
   548.446   0.40449 -1.14259 0.383706   2.65038 -0.523133   8.80228
   548.451  0.404757 -1.12447 0.382374   2.73777 -0.469264   8.93037
   548.456  0.414349 -1.13007 0.377044   2.82875 -0.416591   9.03452
   548.461  0.431669 -1.15112 0.371449   2.88262 -0.350751   9.08121
   548.466  0.454319 -1.17563 0.371182   2.89459 -0.282516   9.04769
   548.471  0.470573 -1.19402 0.367985   2.89938 -0.253785   8.93516
   548.476  0.479366 -1.20654 0.355194    2.9317 -0.238223   8.81784
   548.481   0.48736 -1.22546 0.327482   3.04782 -0.282516   8.74722
   548.486  0.495354 -1.26357 0.293375   3.18189 -0.215478   8.75919
   548.491  0.519069 -1.32752 0.268594   3.35308 -0.226252   8.76158
   548.496  0.528395 -1.40346  0.22596 3.48117  -0.413 8.64427
   548.501  0.507611 -1.47274 0.176931   3.53743 -0.483629   8.52456
   548.506  0.487093 -1.53323 0.145755   3.62602 -0.415394   8.54012
   548.511  0.493222 -1.59451 0.126836    3.7589 -0.356736   8.64067
   548.516  0.522533 -1.65633 0.110049  3.83551 -0.31364  8.73405
   548.521    0.55744  -1.70989 0.0900643   3.85466 -0.326809   8.76757
   548.526   0.582487  -1.73947 0.0690138   3.81755 -0.345962    8.5868
   548.531    0.59208  -1.72961 0.0559571  3.76608 -0.36751  8.77236
   548.536   0.587816  -1.67418 0.0508943   3.70144 -0.345962    8.4228
   548.541   0.577424  -1.57986 0.0580888    3.6344 -0.269348   8.47547
   548.546   0.568364  -1.46821 0.0759418  3.62482 -0.20231  8.57962
   548.551   0.564368  -1.36482 0.0999234   3.67869 -0.190339   8.33661
   548.556  0.562502 -1.28302 0.124971   3.75531 -0.225055    8.6311
   548.561  0.558505 -1.22253  0.14842   3.83671 -0.287304    8.8789
   548.566  0.550511  -1.1807 0.172668   3.91452 -0.343568    8.5042
   548.571  0.539587 -1.15538 0.195583   4.01388 -0.402226   8.46111
   548.576  0.530527 -1.14712 0.215835    4.1288 -0.438139   8.46829
   548.581  0.529194 -1.15565 0.236352   4.26168 -0.442927   8.48864
   548.586  0.538787  -1.1791 0.255804   4.36702 -0.389058   8.47188
   548.591  0.556907 -1.20681 0.277121   4.41012 -0.325611   8.40485
   548.596  0.573694 -1.22493 0.293642   4.42448 -0.289698   8.31626
   548.601  0.583286 -1.22919 0.303767   4.42688 -0.220267   8.23486
   548.606  0.587017  -1.2236 0.315492  4.44843 -0.11133  8.16543
   548.611  0.587816 -1.21773 0.326683    4.48434 -0.0885855    8.11994
   548.616  0.591014 -1.22093  0.33441    4.52025 -0.0933739    8.04452
   548.621  0.598208 -1.23612 0.338674    4.56814 -0.0909797    7.90446
   548.626   0.60407 -1.25317 0.341338   4.58968 -0.113725   7.72848
   548.631  0.602205 -1.26063 0.349599   4.59926 -0.174777   7.56927
   548.636  0.590747 -1.25237 0.358658   4.63517 -0.203507   7.49864
   548.641  0.573427 -1.23319  0.36985   4.69742 -0.179565   7.54413
   548.646  0.555308 -1.21613 0.380508   4.78362 -0.120907   7.66983
   548.651  0.542518 -1.21214 0.391167    4.88417 -0.0466869    7.80989
   548.656  0.540386 -1.22173 0.403957  4.97755 0.011971  7.88291
   548.661  0.547314 -1.23825 0.418346   5.05296 0.0347159   7.83143
   548.666  0.554775 -1.24918 0.434867    5.07451 -0.0167594    7.69736
   548.671  0.554508 -1.24704 0.450322    5.08169 -0.0957681    7.58363
   548.676  0.546248 -1.23692 0.462312   5.13077 -0.155623   7.53695
   548.681  0.535323 -1.23239 0.471905   5.32351 -0.153229   7.52378
   548.686  0.527063 -1.23878 0.482031   5.39054 -0.110133   7.49265
   548.691  0.522533 -1.25024 0.498551   5.47315 -0.102951   7.44956
   548.696  0.518802  -1.2585 0.517204    5.25527 -0.0885855    7.41245
   548.701   0.51374  -1.2617 0.530793     5.6575 -0.0562637      7.434
   548.706  0.510009  -1.2625 0.545449    5.81073 -0.0574608    7.50702
   548.711  0.512407 -1.26943  0.55744    5.65271 -0.0454898    7.54413
   548.716  0.521201 -1.28089 0.567565     6.0693 -0.0526724    7.49146
   548.721   0.53026 -1.28248 0.579556    6.13514 -0.0383072    7.42322
   548.726  0.535057 -1.26143 0.590481   6.21894 0.0059855   7.44716
   548.731  0.543583 -1.22706 0.601672   6.33625 0.0347159   7.53096
   548.736  0.562769 -1.19668 0.607268   6.42963 0.0658405     7.598
   548.741   0.59128 -1.17323 0.609666   6.48709 0.0742203   7.62074
   548.746  0.622989 -1.15112 0.612864   6.48948 0.0897826   7.58004
   548.751  0.650968 -1.12341 0.616594  6.45597 0.094571   7.4735
   548.756  0.670686 -1.08797 0.620058   6.43083 0.0454898   7.33823
   548.761  0.681345 -1.05119 0.625654     6.4416 -0.0263362    7.19817
   548.766  0.682677 -1.02535 0.628851    6.47871 -0.0921768    7.06529
   548.771  0.675482 -1.01416 0.635247   6.51343 -0.116119   6.94318
   548.776  0.662426 -1.01229 0.648037   6.55772 -0.134075   6.82826
   548.781  0.647237 -1.01149 0.658695   6.59603 -0.149638   6.71574
   548.786  0.629917 -1.00376  0.67042    6.6068 -0.112527   6.64391
   548.791   0.610732 -0.983247  0.615795    6.66426 -0.0766145    6.67144
   548.796   0.598208 -0.960331  0.694401    6.77799 -0.0562637    6.76961
   548.801   0.598208 -0.951538  0.703461    6.90368 -0.0466869    6.86657
   548.806   0.606202 -0.960064  0.712254     7.021 -0.059855   6.91445
   548.811   0.616328 -0.974453  0.719182    7.07487 -0.0610521    6.90967
   548.816   0.626453 -0.978717  0.727443    7.10479 -0.0849942    6.88932
   548.821  0.637112 -0.96566 0.734371   7.13831 -0.112527   6.89051
   548.826    0.64777 -0.939547  0.743164   7.16704 -0.114922   6.92762
   548.831   0.660827 -0.905706   0.75249   7.21253 -0.129287   6.98628
   548.836    0.67868 -0.823636   0.76155   7.24964 -0.129287   7.02698
   548.841   0.702662 -0.840156  0.774873    7.2652 -0.124498   7.01501
   548.846   0.73064  -0.7826 0.791927   7.27358 -0.149638   6.96114
   548.851   0.759152 -0.725577  0.809247   7.28077 -0.196325   6.90488
   548.856   0.783666 -0.676815  0.828165   7.29154 -0.215478   6.83784
   548.861   0.799654 -0.568098  0.855078   7.28675 -0.190339   6.73489
   548.866   0.809779 -0.600074  0.890518   7.28436 -0.204704   6.58405
   548.871   0.814309 -0.493222  0.925158    7.2652 -0.262165    6.3985
   548.876   0.810579 -0.452453  0.960597   7.24964 -0.324414   6.24049
   548.881   0.800453 -0.417547  0.995237   7.25802 -0.371101   6.18183
   548.886   0.788462 -0.394631   1.03681   7.24246 -0.373495   6.20577
   548.891  0.780469 -0.37438  1.08823   7.19458 -0.384269   6.24049
   548.896   0.778603 -0.340006   1.14286   7.09881 -0.384269   6.22373
   548.901   0.777271 -0.285381   1.20574   6.99705 -0.371101   6.19021
   548.906   0.773807 -0.223562   1.27049   6.99346 -0.426168   6.17943
   548.911  0.76981  -0.174 1.32911   7.05332 -0.489614   6.17225
   548.916   0.761283 -0.145222   1.38454   7.13831 -0.521936   6.15908
   548.921   0.757286 -0.131899   1.43357   7.21732 -0.518345   6.14232
   548.926   0.752757 -0.121507    1.4802   7.26042 -0.490811   6.09923
   548.931   0.811378 -0.102322   1.52363   7.29394 -0.500388    5.9867
   548.936    0.725577 -0.0650168    1.55881   7.34062 -0.536301   5.85741
   548.941    0.699997 -0.0154548    1.58812   7.42322 -0.547075   5.81671
   548.946   0.738368 0.0314426   1.61583   7.51061 -0.544681   5.88615
   548.951   0.640576 0.0668821   1.64487   7.59201 -0.571017   6.01184
   548.956   0.613663 0.0972588   1.67179  7.63631 -0.59855  6.11359
   548.961  0.589149  0.13483  1.69683   7.65307 -0.591368   6.17824
   548.966  0.567032 0.182527  1.72108  7.69137 -0.59855  6.24528
   548.971  0.551844 0.232355   1.7408   7.75602 -0.608127   6.33266
   548.976  0.544116 0.277387  1.75998   7.83502 -0.593762   6.42364
   548.981  0.542251 0.320021  1.77651   7.91523 -0.594959    6.4811
   548.986  0.542518 0.367185  1.78823   7.93438 -0.587777   6.49188
   548.991  0.539587 0.421277  1.79516  7.96431 -0.64404  6.45956
   548.996  0.527862 0.479366  1.79383   8.02536 -0.737414   6.41646
   549.001  0.507345  0.53932  1.79329   8.06487 -0.808043   6.37815
   549.006  0.476701 0.603804  1.79303  8.09719 -0.90022  6.32069
   549.011  0.438331 0.676282  1.78743   8.11036 -0.978031   6.25365
   549.016  0.395963 0.756753   1.7821  8.10437 -1.04986  6.22014
   549.021   0.35253 0.841755  1.77437  8.06607 -1.09774  6.24767
   549.026  0.313893 0.923559  1.77144 8.00262 -1.1133 6.33985
   549.031  0.284582 0.994971  1.77304 7.95234 -1.1552 6.47033
   549.036  0.266196  1.05199  1.77837  7.89847 -1.18274  6.62116
   549.041  0.257936  1.09783  1.78823 7.81827 -1.1995 6.74686
   549.046  0.258469    1.137  1.80342   7.7225 -1.21147   6.8115
   549.051  0.266729   1.1711  1.82047  7.65187 -1.24738  6.82707
   549.056  0.279786  1.19642  1.83433  7.62912 -1.34554   6.8139
   549.061  0.291776  1.21001  1.84179  7.60279 -1.49039  6.77439
   549.066  0.303501  1.21027  1.84765  7.60638 -1.53708   6.8127
   549.071  0.320821  1.19295  1.85698  7.58004 -1.51314  6.89171
   549.076  0.341605  1.16551  1.87217   7.5154 -1.51314  6.95994
   549.081  0.36532   1.137 1.88336  7.45914 -1.60651  6.99107
   549.086  0.389835  1.11328  1.88442  7.36935 -1.68791  7.00065
   549.091  0.409553  1.09569  1.88575   7.2664 -1.71784  7.00304
   549.096  0.420744   1.0845  1.88735  7.17542 -1.73939  6.99705
   549.101  0.42634 1.08184 1.89108  7.07846 -1.75375  6.99227
   549.106  0.42634 1.08957 1.89801 7.00663 -1.8184 6.98748
   549.111  0.419412  1.10822  1.90308   6.9372 -1.89022  6.98269
   549.116  0.406355  1.14126   1.9084   6.8534 -1.95247   6.9767
   549.121  0.386104  1.19349     1.91  6.76123 -1.99796  6.97072
   549.126  0.35706 1.26357 1.91373  6.67743 -2.01472    7.021
   549.131  0.323485  1.33311  1.91933  6.69778 -2.07817  7.18141
   549.136  0.292842  1.38081  1.92146 6.72172 -2.1045 7.39329
   549.141  0.272058  1.40532  1.92572  6.69419 -2.10929  7.57885
   549.146  0.260067  1.41971  1.93079  6.63912 -2.13922  7.68658
   549.151  0.249942  1.43623  1.92919  6.59363 -2.19069   7.7225
   549.156  0.237685  1.45942  1.91666   6.5649 -2.23499   7.7201
   549.161  0.223562  1.48633  1.89135  6.55652 -2.27449  7.70694
   549.166  0.211038  1.50951  1.85538  6.50265 -2.29365  7.71053
   549.171  0.203577   1.5271  1.81621  6.43561 -2.33554  7.78116
   549.176  0.196116  1.52523  1.77757  6.51821 -2.42892  7.89368
   549.181  0.184925  1.49805   1.7344  6.54814 -2.49476  7.97389
   549.186    0.174 1.45888 1.68751  6.45118 -2.48758  8.02896
   549.191  0.166006  1.41172  1.64514  6.34344 -2.44807  8.11515
   549.196  0.166273  1.35816  1.60624   6.2333 -2.42772  8.19176
   549.201  0.176665  1.31179  1.57319  6.05613 -2.41455  8.21451
   549.206  0.19132 1.28701 1.54975  5.83946 -2.45047  8.22408
   549.211  0.205976  1.28968  1.52763  5.62877 -2.52349  8.24563
   549.216  0.217966  1.31712  1.51244  5.41808 -2.56299  8.28633
   549.221  0.224095  1.36509  1.50818  5.2445 -2.5594 8.34379
   549.226  0.225427  1.42877  1.51431  5.11641 -2.53067  8.39527
   549.231  0.225427  1.50578  1.52283  5.03261 -2.57257   8.4228
   549.236  0.221697  1.58892   1.5223  4.97276 -2.66235  8.44794
   549.241  0.20864 1.66646  1.5175  4.91171 -2.73178  8.48026
   549.246  0.184925  1.73387  1.50844  4.85544 -2.81917   8.5078
   549.251  0.151617  1.78876  1.49032   4.7908 -2.86586  8.53772
   549.256  0.123639   1.8306   1.4762    4.707 -2.78206    8.588
   549.261  0.109783  1.85778  1.47354  4.65792 -2.74854  8.65145
   549.266  0.104453  1.86843  1.46608  4.63398 -2.79284  8.70053
   549.271  0.101522   1.8647  1.44289  4.61363 -2.83952  8.71729
   549.276  0.0988576   1.84792   1.41145    4.543 -2.84431  8.70651
   549.281  0.0945942   1.82021   1.37948  4.44364 -2.84431  8.68976
   549.286  0.0903308   1.78104    1.3467  4.34188 -2.84431   8.6694
   549.291  0.0858009   1.72934   1.32006  4.22696 -2.81798  8.64666
   549.296  0.0844686   1.66832    1.3062  4.09768 -2.78805   8.6311
   549.301  0.0855345   1.60837   1.30274  3.90135 -2.78685  8.56765
   549.306  0.0855345   1.56387    1.3022  3.77206 -2.82157  8.53772
   549.311  0.0842021    1.5263   1.29421  3.76129 -2.83354  8.57723
   549.316  0.0831363   1.48953   1.28382   3.7158 -2.81917  8.64067
   549.321  0.0863338   1.45622   1.27316  3.65954 -2.87544  8.73405
   549.326  0.0943277   1.42957   1.26037  3.60208 -2.90776   8.8765
   549.331  0.110582  1.40372  1.24971  3.55539 -2.88621  9.10874
   549.336  0.140692  1.37468  1.23825  3.51589 -2.82516  9.36612
   549.341  0.185191  1.34777  1.22892  3.45364 -2.77967  9.53371
   549.346  0.233421  1.33471    1.218  3.36744 -2.81558   9.5816
   549.351  0.274456  1.34031  1.20308  3.27527 -2.91255  9.55646
   549.356  0.303501  1.36136  1.18256  3.18429 -2.99155  9.48942
   549.361  0.323485  1.38934  1.15698  3.12084 -3.02268  9.42358
   549.366  0.337342  1.41305  1.13273  3.06937 -3.03106  9.39006
   549.371  0.347734  1.42398  1.11062 3.02148 -3.0562 9.40083
   549.376  0.358126  1.42051  1.09063  2.92571 -3.07775  9.43196
   549.381  0.369317  1.41145  1.07304 2.77249 -3.0969  9.4128
   549.386  0.377577  1.40772  1.06025  2.59531 -3.07894  9.35175
   549.391  0.38264 1.41172 1.05919 2.44209 -3.0574 9.30746
   549.396  0.384772  1.41758  1.06398  2.32597 -3.05979  9.28591
   549.401  0.384505  1.42504  1.07624  2.19788 -3.04662  9.26077
   549.406  0.381841  1.43677  1.10236  2.05782 -3.03226  9.24641
   549.411  0.375979  1.45915  1.13247  1.93092 -3.02867  9.24401
   549.416  0.367185  1.49912  1.16071  1.82917 -2.99275  9.23922
   549.421  0.356527  1.55587  1.18123 1.84354 -2.9736 9.25359
   549.426  0.345069  1.61716  1.18656 1.94289 -2.9317 9.30746
   549.431  0.331479  1.66832  1.17936  2.07458 -2.88741  9.40323
   549.436  0.317623  1.70243  1.15511   2.1883 -2.85868  9.52174
   549.441  0.306165  1.72028  1.11994   2.2278 -2.81558  9.65462
   549.446  0.303501  1.73014  1.07704  2.1871 -2.7653 9.77553
   549.451  0.310162     1.74  1.02988  2.08296 -2.74735  9.84855
   549.456  0.322686  1.75625 0.983779  1.93212 -2.75692  9.87249
   549.461  0.336809  1.78104 0.940346  1.75615 -2.76411  9.85693
   549.466  0.349865  1.81088 0.904374 1.55503 -2.7653  9.7851
   549.471  0.357326  1.84499 0.878793   1.3611 -2.81917   9.6606
   549.476  0.35626 1.88096 0.86174  1.17675 -2.87903  9.51575
   549.481  0.344536  1.91347 0.852147  1.02951 -2.92332  9.38407
   549.486  0.326417  1.93345 0.846285 0.956484 -2.94247  9.30028
   549.491  0.306165  1.93319 0.842554 0.930147 -2.92093  9.26556
   549.496  0.286447  1.91293 0.834561 0.918176 -2.90177  9.25479
   549.501  0.268594  1.87883 0.822303 0.88346 -2.8491 9.25119
   549.506  0.255005  1.84072 0.808447 0.824802  -2.7653  9.25718
   549.511  0.247011  1.80582 0.786864 0.792481 -2.69587  9.28591
   549.516  0.244879  1.77464 0.758086 0.761356 -2.62524  9.31823
   549.521  0.247011  1.74853 0.725577 0.730232 -2.59053  9.36851
   549.526  0.249942  1.72721 0.688539 0.687136 -2.56778  9.43914
   549.531  0.253406  1.71069 0.649902 0.633266 -2.55701  9.51336
   549.536  0.257936  1.69843 0.605936 0.579397 -2.56658  9.58519
   549.541  0.265397  1.68991 0.558505 0.489614 -2.57257  9.65821
   549.546  0.276322  1.68458 0.515072 0.385466 -2.58694  9.75039
   549.551  0.293109  1.67898 0.478034 0.295684 -2.61926  9.85094
   549.556  0.314959  1.67472 0.445259 0.191536 -2.66116  9.90242
   549.561  0.336276  1.68298  0.41728 0.0203507  -2.70545   9.86172
   549.566  0.349865  1.71469 0.395697 -0.209493  -2.74615   9.74799
   549.571  0.355461  1.76505 0.379443 -0.391452  -2.78805   9.64384
   549.576  0.356527  1.81701 0.367718 -0.468066  -2.79044   9.59237
   549.581  0.356527  1.85698  0.35706 -0.480037  -2.78685   9.56364
   549.586  0.355461  1.88043 0.340539 -0.518345  -2.77847   9.52413
   549.591  0.35253 1.88762 0.32242 -0.620098  -2.74854   9.47026
   549.596  0.350132  1.88123 0.303501 -0.703895  -2.72819    9.4128
   549.601  0.349066  1.86017 0.280585 -0.738611  -2.66116   9.37569
   549.606   0.35173  1.82607 0.261666 -0.737414  -2.55102   9.34816
   549.611  0.355461  1.79036 0.239816 -0.750582  -2.49476   9.28711
   549.616   0.35706  1.77171 0.211038 -0.870292  -2.44687   9.47146
   549.621  0.356793  1.77597  0.18226 -1.03908 -2.42652  8.89805
   549.626  0.357859  1.79143 0.153482 -1.20548 -2.40498  9.31823
   549.631  0.366919  1.80102  0.13483 -1.34913 -2.37984  9.40802
   549.636  0.383972  1.79702 0.130567 -1.47004 -2.42892  9.39006
   549.641  0.403424  1.78903 0.138827 -1.62207  -2.5199  9.30866
   549.646  0.421277  1.79036 0.154015 -1.78009 -2.61806  9.21049
   549.651    0.4346  1.80342 0.171069 -1.92853 -2.67791  9.41759
   549.656   0.43993  1.82287 0.188389 -2.05901 -2.70305  9.01776
   549.661  0.437531  1.84365 0.204643 -2.14999 -2.71981  8.94833
   549.666  0.43007 1.86044  0.2169 -2.19907 -2.69587  8.93037
   549.671  0.424741  1.86843  0.22223 -2.19309 -2.62045  8.95671
   549.676  0.425541  1.86257 0.219032  -2.1476 -2.49356  8.99262
   549.681   0.43087  1.84046 0.205976 -2.10809 -2.35949  9.03332
   549.686  0.440729  1.80528  0.18226  -2.1045 -2.25055  9.07522
   549.691  0.455118  1.75892 0.156413 -2.16795 -2.15358  9.05487
   549.696  0.471905  1.71122 0.129234 -2.24935 -2.05782  8.94474
   549.701  0.488159  1.67791  0.09566 -2.32118 -2.00036  8.81425
   549.706   0.500683   1.66646 0.0596876  -2.3954 -1.97881  8.69574
   549.711   0.507345   1.67259 0.0202511 -2.45406 -1.95247   8.5892
   549.716    0.505479    1.69124 -0.0221164 -2.56658 -1.93811  8.48744
   549.721    0.496953    1.72055 -0.0572894 -2.73298 -1.93571  8.37731
   549.726    0.483896    1.76052 -0.0858009 -2.91494 -1.93811  8.28154
   549.731   0.466576   1.80555 -0.102322  -3.0957 -1.97641  8.22289
   549.736   0.447391   1.84792 -0.110582 -3.22619 -2.01113  8.22049
   549.741   0.428738   1.87723 -0.113779 -3.32195 -2.04465     8.26
   549.746   0.412484   1.88522 -0.113779 -3.37702 -2.04704  8.30788
   549.751   0.400493   1.87057 -0.114845 -3.41892 -2.02669  8.33302
   549.756   0.395697   1.84206 -0.116977 -3.50152 -1.98479  8.33182
   549.761   0.397296   1.81381 -0.119375 -3.61405 -1.91656  8.31506
   549.766  0.403691  1.79276 -0.12124 -3.71341 -1.88783   8.3426
   549.771   0.414349   1.79276 -0.119908 -3.80678 -1.87466  8.40485
   549.776   0.414349   1.77544 -0.119908 -3.80678 -1.87466  8.40485
   549.781   0.427939   1.75652 -0.116178 -3.87142 -1.86149  8.46231
   549.786   0.443127    1.7424 -0.111115  -3.9217 -1.86029  8.51139
   549.791    0.46098   1.74187 -0.112181 -3.96959 -1.81121   8.5473
   549.796   0.483096   1.75359 -0.122839 -3.68587 -1.76094  8.55807
   549.801   0.507345   1.77251 -0.140959 -4.28682 -1.70707  8.53892
   549.806   0.533991   1.79036 -0.168671 -3.96719 -1.66397  8.46709
   549.811   0.564368   1.80315 -0.200113 -3.95163 -1.69509  8.32105
   549.816   0.595277   1.81194 -0.237418 -3.96959 -1.74418  8.10557
   549.821   0.618992   1.81887 -0.288312 -4.06655 -1.77051  7.87094
   549.826   0.634181   1.82713 -0.343737 -4.20781 -1.79445   7.6375
   549.831   0.639243   1.83513 -0.396763 -4.35745 -1.75854  7.41125
   549.836   0.632582   1.83912 -0.442594  -4.4999 -1.70587  7.23169
   549.841   0.618726   1.83539 -0.479366  -4.6651 -1.66996  7.11437
   549.846   0.601939   1.81834 -0.503881 -4.85065 -1.69749  7.05571
   549.851   0.583819    1.7861 -0.511608 -5.02304 -1.74777  7.05092
   549.856   0.564101   1.74133 -0.486827 -5.18824 -1.77171  7.09641
   549.861   0.546515   1.69204 -0.528662   -5.369 -1.76333  7.15268
   549.866   0.533724   1.64807 -0.430337 -5.55694 -1.74058  7.14549
   549.871   0.527063   1.62196 -0.466842 -5.71137 -1.73699   7.1036
   549.876  0.525198  1.62196 -0.36985 -5.80235 -1.72861  7.10479
   549.881   0.526263   1.64194 -0.342138 -5.83467 -1.69749  7.16345
   549.886  0.530527  1.66592 -0.38717 -5.79517 -1.67235  7.22929
   549.891   0.536389   1.68271 -0.304034  -5.7401 -1.60771  7.24725
   549.896   0.544649   1.69017 -0.298971 -5.67306 -1.55264   7.2269
   549.901   0.557972    1.6915 -0.311228 -5.61201 -1.53827  7.17063
   549.906   0.574493   1.68538 -0.335743 -5.59405 -1.52152  7.07846
   549.911   0.592346   1.67152 -0.366119  -5.5749 -1.54067  6.97311
   549.916   0.609933   1.65153 -0.405556  -5.5318 -1.58496  6.89171
   549.921   0.625121   1.62462 -0.450055 -5.49948 -1.62327  6.84622
   549.926   0.640043   1.58945 -0.499084 -5.54018 -1.66397  6.80432
   549.931   0.655231   1.52656 -0.544383 -5.71855 -1.70946  6.72412
   549.936   0.669354    1.5247 -0.579023 -6.00226 -1.78607   6.5637
   549.941   0.676015   1.55321 -0.604603 -6.27281 -1.85192  6.36139
   549.946   0.669087   1.53029 -0.618459 -6.43921 -1.88184  6.24528
   549.951   0.650435   1.57133 -0.622723   -6.523 -1.88304  6.25126
   549.956   0.628319   1.66512 -0.624855 -6.60081  -1.8579  6.27999
   549.961  0.610732  1.67632 -0.62672 -6.69658 -1.80882  6.28239
   549.966   0.602472   1.67125 -0.629651 -6.76601 -1.75375   6.2764
   549.971    0.60407   1.64114 -0.631783 -6.79115 -1.73699  6.27281
   549.976    0.61766   1.58385 -0.629118  -6.8115 -1.75016  6.26802
   549.981   0.641642   1.50738 -0.619259 -6.87256 -1.78607  6.19619
   549.986    0.66962    1.4301 -0.607534 -6.97551 -1.83755   6.0286
   549.991   0.688273   1.36802 -0.597675 -7.09761 -1.84832  5.82868
   549.996   0.690937   1.32458 -0.584352 -7.2269 -1.8184 5.68743
   550.001   0.684809   1.29074 -0.567832 -7.31788 -1.82438  5.58448
   550.006   0.676015    1.2625 -0.548913 -7.41245 -1.86149  5.48512
   550.011    0.64404   1.24731 -0.528129 -7.48188 -1.94409  5.39054
   550.016   0.622723   1.25237 -0.514539 -7.53695 -1.99437  5.32111
   550.021   0.670686   1.27529 -0.505746 -7.61596 -1.96085  5.31393
   550.026  0.593945  1.30433 -0.50015 -7.68658 -1.91297  5.41329
   550.031   0.600873   1.32458 -0.499884 -7.72848 -1.90459  5.56293
   550.036   0.553443   1.32379 -0.501749 -7.73327 -1.96205  5.71137
   550.041   0.649902   1.30007 -0.502282 -7.7225 -2.0638 5.76045
   550.046   0.679746   1.26703 -0.498018 -7.74285 -2.16795  5.71257
   550.051   0.707724   1.24331 -0.494288 -7.81108 -2.22541  5.62398
   550.056   0.733838   1.23585 -0.495887 -7.89249 -2.21823    5.533
   550.061   0.754089   1.24092 -0.503081 -7.97149 -2.17992  5.42287
   550.066  0.764747  1.25584 -0.51294 -8.05649  -2.1895  5.24929
   550.071   0.764214   1.28542 -0.528395 -8.07804 -2.25294  5.09845
   550.076    0.76075   1.30487 -0.552643 -7.89727 -2.18112  5.19422
   550.081   0.767945   1.28915 -0.581688 -7.72968 -1.91895  5.38456
   550.086   0.793525   1.25024 -0.606202 -7.68778 -1.64003  5.45878
   550.091   0.829231    1.2156 -0.629651  -7.7632 -1.56581  5.35104
   550.096   0.859608   1.19668 -0.659761 -7.87094  -1.6939  5.19063
   550.101   0.883323   1.18149 -0.691204 -7.91643 -1.83875  5.08289
   550.106   0.907838   1.15218 -0.696799 -7.89847 -1.91776  5.02064
   550.111   0.917164   1.10742 -0.687207 -7.86854 -2.23618  4.92008
   550.116  0.902508  1.07065 -0.70879 -8.03015 -2.51032  4.76925
   550.121   0.875862   1.06665 -0.734637 -8.37372 -2.52588  4.61841
   550.126   0.849216   1.09809 -0.733305 -8.64786 -2.43969  4.56335
   550.131     0.8263   1.14046 -0.704793 -8.76038 -2.37984  4.63877
   550.136    0.80898    1.1711 -0.673351 -8.78433 -2.42174  4.76087
   550.141   0.801253   1.18469 -0.655498 -8.78552 -2.45885  4.85305
   550.146    0.80072   1.18389 -0.637645 -8.77714 -2.48159  4.88537
   550.151   0.803118    1.1783 -0.612864 -8.75679 -2.51271  4.85784
   550.156   0.807648   1.17936 -0.585685 -8.68736 -2.53067   4.8303
   550.161   0.815375   1.18682 -0.565167 -8.56047 -2.53187  4.85185
   550.166  0.828432  1.19508 -0.56117 -8.43597 -2.48039  4.91051
   550.172   0.849482   1.20281 -0.569697 -8.34978 -2.37265  4.96438
   550.177   0.878527   1.20921 -0.589149 -8.27436 -2.26491   4.9943
   550.182    0.91743   1.20974 -0.617127 -8.20253 -2.16196   4.9967
   550.187   0.964861   1.20175 -0.649369 -8.13789 -2.11528  4.96318
   550.191    1.01549   1.18229 -0.681877 -8.13071 -2.12485   4.8734
   550.197    1.06025   1.15352 -0.709856 -8.20134  -2.1895  4.72256
   550.202     1.0925   1.11914 -0.736769  -8.3007 -2.27449  4.53103
   550.207    1.12261   1.07784 -0.748493 -8.39527 -2.03747  4.39695
   550.212    1.17323   1.01016 -0.689605 -8.32584 -1.81361  4.36104
   550.217    1.19695  0.913966 -0.654698  -8.2564 -2.36308   4.2102
   550.222    1.18709  0.826034 -0.715452 -8.45991 -2.66834  4.03303
   550.227    1.17457  0.758619 -0.771409 -8.70412 -2.60729  3.87382
   550.232    1.16471  0.709856 -0.776472 -8.89326 -2.38822  3.73495
   550.237    1.15698  0.675749 -0.739433 -8.99023 -2.22421  3.69425
   550.242   1.15218 0.644839 -0.69973 -9.03691 -2.21703  3.75052
   550.247    1.15245  0.604337 -0.676015 -9.06924 -2.30921  3.87262
   550.252   1.15671 0.544383 -0.66136 -9.10874  -2.3966  3.96719
   550.257    1.15911  0.472438 -0.645372 -9.15902 -2.49356  3.98036
   550.262    1.16071  0.403957 -0.636046 -9.24162 -2.52349  3.94325
   550.267    1.17004  0.346401 -0.631516 -9.32422 -2.51152  3.89417
   550.272    1.18682  0.293908 -0.626453 -9.36851 -2.50912  3.85945
   550.276    1.20334  0.240882 -0.623789 -9.38288 -2.54743  3.83551
   550.282     1.218  0.18226 -0.62592 -9.39006 -2.63721  3.81037
   550.287    1.22573  0.114312 -0.633381 -9.40203 -2.81079  3.77326
   550.292    1.22493   0.03917 -0.646704 -9.44872 -2.92093  3.72059
   550.297     1.22146 -0.0375712  -0.654965 -9.46548 -2.92811  3.68827
   550.302     1.2196 -0.116711 -0.658695 -9.46069   -2.891  3.71939
   550.307    1.22626 -0.195051 -0.657096 -9.50737  -2.8072   3.7972
   550.312    1.23798 -0.266995  -0.64777 -9.57082 -2.78446  3.85586
   550.317    1.25024 -0.324818 -0.648303 -9.59476 -2.84072  3.85347
   550.322    1.26143 -0.365587 -0.665357 -9.61033 -2.87185   3.7996
   550.327    1.27449 -0.395164 -0.690138 -9.59476   -2.891  3.75411
   550.332    1.28621 -0.426606 -0.716251 -9.57322 -2.90896  3.75531
   550.337    1.29554 -0.466576 -0.734104 -9.61871 -2.90896  3.81875
   550.342    1.30567 -0.521734 -0.749292 -9.58399 -2.99395  3.95881
   550.347    1.32006 -0.597942 -0.766613 -9.61272 -3.05021  4.09289
   550.352    1.33897 -0.677881 -0.771675  -9.7863 -3.05021  4.16471
   550.357    1.35896 -0.745829 -0.766613 -10.0066 -3.05979  4.18985
   550.362    1.37575 -0.797789 -0.765813 -10.2352 -3.12443  4.18985
   550.367    1.39466 -0.835893 -0.771675 -10.404 -3.1364 4.17908
   550.372    1.41465 -0.868668 -0.771409 -10.4615 -3.14718  4.13359
   550.377    1.42557  -0.90464 -0.763681 -10.4315 -3.16633  4.07972
   550.382    1.42691 -0.947541 -0.751158 -10.3717 -3.16394  4.05338
   550.387    1.41945 -0.994971 -0.737568  -10.313 -3.15077  4.03782
   550.392    1.40559  -1.03787 -0.727975 -10.2675 -3.12563  4.01747
   550.397    1.38934  -1.06985 -0.721047 -10.2532 -3.05979   4.0043
   550.402    1.37521   -1.0893 -0.714919 -10.2556 -3.04064  3.99712
   550.407    1.35923  -1.09729 -0.706925 -10.2903 -3.00951  4.00191
   550.412    1.33551   -1.0925 -0.682144 -10.3597 -2.94966  4.00789
   550.417   1.30194 -1.07145 -0.64404 -10.3932 -2.87903  4.01268
   550.422     1.2633  -1.03494 -0.606469 -10.3477  -2.8072  4.06296
   550.427    1.22546 -0.996037 -0.575559 -10.2005 -2.76171  4.19225
   550.432    1.19215 -0.969657 -0.556107 -9.96826 -2.79164  4.35625
   550.437    1.16098 -0.959265 -0.553176 -9.72644 -2.85987   4.4987
   550.442    1.13859 -0.960597 -0.571029 -9.52174 -2.85868  4.65193
   550.447    1.13007 -0.976052 -0.610732 -9.34936 -2.81438  4.85784
   550.452    1.14339  -1.01549 -0.667755 -9.19254 -2.74615  5.10923
   550.457     1.1759  -1.08583 -0.731173 -9.02494 -2.70665  5.37857
   550.462    1.2244 -1.18762 -0.80072 -8.85855 -2.69228  5.61201
   550.467   1.28355 -1.31339 -0.87826 -8.69335 -2.70904  5.79277
   550.472    1.35549  -1.45568 -0.968325 -8.56286 -2.71502  5.93163
   550.477   1.43783 -1.61263 -1.06692 -8.45991 -2.75692  6.03937
   550.482    1.5167 -1.78663 -1.17243 -8.40006 -2.84072  6.13634
   550.487   1.58865 -1.97129 -1.26969 -8.43717 -2.87663  6.21176
   550.492   1.65686 -2.14582 -1.34084 -8.55089 -2.84671  6.21654
   550.497   1.71575 -2.28811 -1.37628 -8.69813 -2.76291  6.14711
   550.502   1.75332 -2.38591 -1.38427 -8.82383 -2.75573  6.03459
   550.507  1.76292 -2.4384 -1.3888 -8.93875  -2.8084  5.93403
   550.512   1.75066 -2.45359 -1.39493 -9.07762 -2.81917  5.90051
   550.517  1.72721 -2.4416  -1.396 -9.19373 -2.83713  5.91248
   550.522    1.6939 -2.41042 -1.39706 -9.27753 -2.90058   5.9053
   550.527   1.64727 -2.36299 -1.39573 -9.34696 -2.96522  5.88615
   550.532   1.59478  -2.3009 -1.38747 -9.40442 -2.90776  5.91009
   550.537   1.54921 -2.22709 -1.35869  -9.4547 -2.73418  5.98072
   550.542   1.51217 -2.14609 -1.30806 -9.45231 -2.58215  6.06092
   550.547   1.47807 -2.06109 -1.24225 -9.42478 -2.44568  6.12676
   550.552   1.44529 -1.96729 -1.16657 -9.40921  -2.3535  6.14831
   550.557   1.41172 -1.86071 -1.08397  -9.4152 -2.31998  6.12796
   550.562    1.37441  -1.74613 -0.995504 -9.42597 -2.32836  6.08606
   550.567    1.32911  -1.63315 -0.899044 -9.42956 -2.34991   6.0286
   550.572    1.27316  -1.53216 -0.796723 -9.39964 -2.36787  5.96635
   550.577    1.20654  -1.44876 -0.689871 -9.32302 -2.37625  5.91128
   550.582    1.12874  -1.38347 -0.589149 -9.19134 -2.37984  5.86101
   550.587    1.04453  -1.33471 -0.499884 -8.98903 -2.32357  5.84305
   550.592   0.959798  -1.30433 -0.424208 -8.69574 -2.25414  5.85502
   550.597   0.875862  -1.29101 -0.363721 -8.37492 -2.16556  5.87896
   550.602   0.794058  -1.29314 -0.319489 -8.06966 -2.07817  5.91966
   550.607   0.714119  -1.31366 -0.294175  -7.8027 -1.95726  6.00107
   550.612   0.644306  -1.35549 -0.271259 -7.56448 -1.73699  6.13275
   550.617    0.59128  -1.41705 -0.240616 -7.31788 -1.55982  6.26084
   550.622   0.551844  -1.49139 -0.213436 -7.08684 -1.49039  6.33625
   550.627   0.523332   -1.5684 -0.194251 -6.91326 -1.45328  6.33865
   550.632   0.499084  -1.63901 -0.184392 -6.77799 -1.46405  6.28239
   550.637   0.468175  -1.69683 -0.188389  -6.6894 -1.48201  6.19021
   550.642    0.43087   -1.7416 -0.203311 -6.61159 -1.46645  6.11719
   550.647   0.390368   -1.7781 -0.226493 -6.52659 -1.45807  6.09324
   550.652   0.349332  -1.81434 -0.251807 -6.42963 -1.41856  6.13394
   550.657  0.310962 -1.85751 -0.27872 -6.30274 -1.38624  6.22612
   550.662  0.277654 -1.91427 -0.30883  -6.1124 -1.26414  6.39132
   550.667   0.257669  -1.99314 -0.330147 -5.84664 -1.07619  6.63553
   550.672   0.252073  -2.09919 -0.342404  -5.54976 -0.958878   6.90129
   550.677   0.258469  -2.22416 -0.352263   -5.2864 -0.968455   7.12634
   550.682   0.268061    -2.355 -0.367185 -5.09127 -1.05943  7.26999
   550.687   0.271259  -2.47357 -0.385571 -5.00747 -1.15041   7.3502
   550.692    0.26966  -2.56337 -0.406355 -5.00867 -1.20548  7.41604
   550.697   0.266995   -2.6156 -0.429005 -5.06972  -1.2402  7.50343
   550.702   0.259801  -2.63025 -0.453253 -5.13556 -1.29047  7.62912
   550.707   0.255005  -2.61426 -0.479366  -5.1212 -1.33477  7.80031
   550.712   0.258202  -2.58122 -0.505213 -5.01346 -1.32519  8.00621
   550.717   0.271792  -2.54525 -0.523865 -4.84826  -1.2797  8.23007
   550.722   0.290444  -2.51141 -0.540119 -4.69862 -1.23182  8.40125
   550.727    0.31336  -2.47783 -0.549446 -4.58609 -1.14203  8.47906
   550.732   0.337075  -2.44426 -0.550245  -4.4616 -1.09415  8.47428
   550.737   0.351997  -2.41468 -0.550245 -4.34787 -1.09176  8.44674
   550.742   0.359191   -2.3923 -0.551311  -4.2545 -1.11809  8.41921
   550.747   0.357859  -2.37311 -0.559305  -4.2126 -1.17076  8.35935
   550.752   0.351198   -2.3518 -0.567032 -4.21978 -1.15281  8.57842
   550.757   0.346401  -2.33208 -0.563835 -4.23534 -1.08936  8.00142
   550.762   0.346401  -2.32435 -0.553443 -4.23534 -1.04627  8.37971
   550.767   0.350132  -2.33847 -0.548113 -4.19225   -1.075  8.44674
   550.772   0.358126  -2.37605 -0.555308 -4.12282 -1.12288  8.47787
   550.777   0.373314    -2.432 -0.564101 -4.03782 -1.08098  8.46231
   550.782   0.391167  -2.50128 -0.563302 -3.87382  -1.0331  8.47906
   550.787   0.409819  -2.58255 -0.553709  -3.59849 -0.956484   8.56526
   550.792   0.429538  -2.67821 -0.538254  -3.18189 -0.884658   8.67898
   550.797    0.44819  -2.78267 -0.520401  -2.69228 -0.828394   8.76637
   550.802   0.459648    -2.877 -0.501216  -2.29245 -0.796072   8.86094
   550.807   0.459648  -2.94148 -0.490025  -2.04465 -0.836774   9.02614
   550.812   0.451654  -2.96892 -0.496686  -1.95247 -0.913388   9.26317
   550.817   0.446325    -2.962 -0.514539  -1.90578 -0.958878   9.54449
   550.822   0.452453  -2.93402 -0.537988  -1.78607 -0.990002   9.82221
   550.827   0.467109  -2.89991 -0.561703 -1.60771 -1.00197  10.0161
   550.832   0.482564  -2.86394 -0.585685 -1.44011 -1.00556    10.07
   550.837   0.494021  -2.81544 -0.610998 -1.36589 -1.01634  10.0018
   550.842   0.497485  -2.73604 -0.633381 -1.37068  -1.0343  9.86651
   550.847    0.49109  -2.61773 -0.653632 -1.39941 -1.02951   9.7444
   550.852   0.475103  -2.46638 -0.669087 -1.41617 -1.00078  9.69771
   550.857   0.453519  -2.30463 -0.673617  -1.40061 -0.978031   9.72644
   550.862   0.431669  -2.16048 -0.666689 -1.32998 -1.21865  9.80186
   550.867   0.413816  -2.05309 -0.654698   -1.2378 -0.815226   9.85573
   550.872   0.407688  -1.98674 -0.632848  -1.17076 -0.794875    9.7456
   550.877   0.406622  -1.94811 -0.602472  -1.16358 -0.842759   9.45949
   550.882   0.394631   -1.9156 -0.573694  -1.19112 -0.848745   9.13986
   550.887   0.366119  -1.88016 -0.547847  -1.19351 -0.751779   8.92678
   550.892   0.328548  -1.85271 -0.519335 -1.12767 -0.61531  8.82144
   550.897   0.292842  -1.84552 -0.483629 -1.00676 -0.54109  8.76398
   550.902   0.262732  -1.85858 -0.438597 -0.858321 -0.549469   8.77475
   550.907   0.238217  -1.88842 -0.394364 -0.830788 -0.566229   8.84538
   550.912     0.2169  -1.93105 -0.361057 -0.379481 -0.550666   8.95791
   550.917  0.203044 -1.98008 -0.33441 -0.480037 -0.593762   9.09677
   550.922   0.197982  -2.03018 -0.315225 -0.235829 -0.693121   9.23324
   550.927   0.197182  -2.07894 -0.306165  0.258574 -0.769736   9.32422
   550.932   0.196916  -2.11944 -0.309363 0.0203507 -0.754174   9.32542
   550.937    0.19132  -2.13756 -0.314959  0.335188 -0.703895   9.26915
   550.942   0.177464  -2.12024 -0.312827  0.380678 -0.645237   9.25119
   550.947   0.162809  -2.07068 -0.308564  0.508768 -0.582988   9.35295
   550.952   0.156946  -2.01392 -0.304567  0.719458 -0.529119   9.54449
   550.957   0.167871  -1.98115 -0.302968  0.932542 -0.480037   9.69412
   550.962   0.192386  -1.98355 -0.299504   1.03789 -0.426168   9.72525
   550.967   0.220364  -2.00513 -0.290711   1.07021 -0.392649   9.66898
   550.972  0.247011 -2.02085 -0.27792   1.11929 -0.398635   9.59716
   550.977   0.266196  -2.02165 -0.266729   1.21865 -0.470461   9.51456
   550.982   0.275256  -2.01073 -0.256603   1.32758 -0.567426   9.39604
   550.987   0.272058  -1.99047 -0.252873   1.41258 -0.622492   9.25479
   550.992   0.258202   -1.9601 -0.245945   1.49039 -0.602142   9.13148
   550.997   0.236086  -1.91853 -0.228092   1.59933 -0.529119   9.06804
   551.002   0.212637  -1.87243 -0.205976   1.75256 -0.509965   9.07043
   551.007   0.195583  -1.83326 -0.257403  1.88663 -0.52433  9.08959
   551.012   0.180928  -1.80928 -0.175066   2.00514 -0.531513   9.11832
   551.017   0.165473  -1.79969 -0.167338   2.11647 -0.536301   9.15423
   551.022   0.150818  -1.79676 -0.163874   2.18112 -0.494403   9.18536
   551.027   0.137495  -1.79063 -0.160943 2.23379  -0.413 9.24042
   551.032   0.130567   -1.7781 -0.158545   2.29843 -0.329203   9.30866
   551.037   0.134564  -1.76611 -0.154815   2.35709 -0.277727   9.35055
   551.042   0.145489  -1.75679 -0.153482  2.3954 -0.2478 9.34218
   551.047   0.156147  -1.74453 -0.150285   2.40737 -0.245406   9.30267
   551.052   0.167871  -1.72161 -0.144156   2.45765 -0.287304    9.2488
   551.057   0.183593  -1.69337 -0.135896   2.53067 -0.351948   9.17578
   551.062   0.201179    -1.655 -0.126037    2.5606 -0.408211   9.06684
   551.067   0.211305  -1.70456 -0.110315   2.55701 -0.433351   8.93396
   551.072    0.212371   -1.61396 -0.0866003   2.57377 -0.440533   8.82862
   551.077    0.208374   -1.59531 -0.0610199    2.6432 -0.448913   8.79749
   551.082     0.20411   -1.58465 -0.0362389  2.73298 -0.42138  8.80827
   551.087     0.202245    -1.57506 -0.00879326  2.80122 -0.32202  8.82263
   551.092   0.205443  -1.62089 0.0245145   2.82516 -0.198719    8.7963
   551.097    0.21317  -1.50818 0.0652833    2.8096 -0.104148   8.72686
   551.102  0.224095 -1.44609 0.104453   2.84431 -0.101754   8.64786
   551.107  0.231556 -1.37974 0.136162    2.9305 -0.132878   8.58202
   551.112  0.229691 -1.31979 0.165473   3.04064 -0.110133   8.55927
   551.117  0.220364 -1.27049 0.194251   3.16394 -0.023942     8.588
   551.122  0.214769 -1.23345 0.227825   3.26449 0.0897826    8.6299
   551.127  0.225161 -1.20628 0.263798 3.36026  0.0826 8.57364
   551.132  0.244613  -1.1791 0.294708    3.42969 -0.0047884    8.37013
   551.137  0.247011 -1.14712  0.32242    3.51708 -0.0730232    8.16543
   551.142  0.237152 -1.12207 0.345602   3.67031 -0.104148   8.09958
   551.147  0.236086 -1.11968 0.365054   3.85347 -0.120907    8.1355
   551.152   0.24328 -1.13859 0.379176   4.01627 -0.159214   8.15585
   551.157  0.252873 -1.16391  0.38717    4.1312 -0.161609   8.14388
   551.162  0.262732 -1.18309 0.393299  4.20901 -0.11133  8.14627
   551.167   0.20491 -1.19535 0.399694     4.2928 -0.0490811    8.19775
   551.172   0.28698 -1.20494 0.406355   4.38378 0.0059855   8.28753
   551.177  0.303501  -1.2124 0.411418   4.47357 0.0454898   8.37611
   551.182  0.321887  -1.2132 0.411418   4.51427 0.0658405   8.41801
   551.187  0.336809 -1.19855  0.40822  4.48913 0.047884  8.36773
   551.192  0.344536 -1.16577 0.402358   4.48075 0.0251391   8.27915
   551.197  0.349332 -1.12714  0.39996   4.50948 0.0227449   8.21331
   551.202  0.353329 -1.09223  0.40076     4.56095 -0.00718261     8.17021
   551.207  0.354928 -1.06319 0.402358    4.61123 -0.0227449    8.12353
   551.212  0.353596 -1.03681 0.410086    4.63996 -0.0191536    8.04811
   551.217  0.348533 -1.01016 0.419945    4.67228 -0.0442927    7.93678
   551.222   0.339207 -0.982447  0.431669    4.67348 -0.0454898    7.79193
   551.227   0.328282 -0.959265  0.446325    4.72855 -0.0742203    7.68778
   551.232   0.316557 -0.949672  0.456717   4.84706 -0.124498   7.64229
   551.237  0.301902 -0.95287 0.466043 4.93804 -0.1652 7.58363
   551.242   0.280851 -0.955268  0.474303   4.98832 -0.196325   7.49265
   551.247   0.257936 -0.949139  0.482031   5.02543 -0.192733    7.4328
   551.252   0.242481 -0.945942  0.488159   5.10444 -0.189142   7.46991
   551.257   0.240083 -0.964328  0.490291   5.21936 -0.207098   7.57645
   551.262  0.247544 -1.00616 0.488692   5.31034 -0.225055   7.65666
   551.267  0.258469 -1.05386 0.484962   5.33787 -0.238223   7.64947
   551.272  0.266196 -1.08983 0.484695   5.28999 -0.197522   7.57765
   551.277  0.270459 -1.10768 0.495887   5.26006 -0.146046   7.51899
   551.282  0.272858 -1.11674  0.51294    5.2852 -0.126893   7.50582
   551.287  0.272858 -1.12447 0.530793    5.3259 -0.131681    7.5166
   551.292  0.271792 -1.13007 0.544116   5.38456 -0.167594   7.52498
   551.297  0.271792 -1.13113 0.551844   5.42526 -0.174777   7.53575
   551.302  0.274723 -1.12447 0.556374   5.47195 -0.175974   7.53455
   551.307  0.278986 -1.11062 0.559305    5.5318 -0.177171   7.53455
   551.312  0.285648 -1.09996   0.5649   5.64194 -0.185551   7.58962
   551.317  0.296839 -1.10289 0.569963   5.79157 -0.211887    7.6806
   551.322  0.313093 -1.11221 0.570763   5.88255 -0.219069    7.7225
   551.327  0.331479 -1.11035 0.571828   5.90769 -0.228646   7.67581
   551.332  0.346401 -1.08877 0.573161   5.90769 -0.248997   7.57645
   551.337  0.353862 -1.05253 0.580888   5.91488 -0.270545   7.47111
   551.342  0.353862 -1.01096 0.592613   5.94959 -0.310049   7.39449
   551.347   0.353063 -0.971789  0.606202   5.99628 -0.332794    7.3909
   551.352    0.35626 -0.941945  0.621391  6.05972 -0.33878  7.45435
   551.357   0.367718 -0.923825  0.637911   6.11838 -0.335188   7.54054
   551.362   0.388236 -0.911835  0.655498   6.14113 -0.325611    7.5992
   551.367   0.414083 -0.894515  0.678946  6.12676 -0.31364  7.58603
   551.372   0.436199 -0.862539  0.712521   6.09324 -0.339977   7.49146
   551.377   0.447923 -0.811645  0.755688   6.07529 -0.434548   7.38851
   551.382   0.450322 -0.746894  0.803384   6.06571 -0.514753   7.35618
   551.387   0.451654 -0.677614   0.85721   6.05494 -0.551863   7.39449
   551.392  0.460181  -0.6094   0.9129   6.07888 -0.584185   7.46991
   551.397  0.479366 -0.54838 0.969923   6.09444 -0.582988   7.52617
   551.402   0.506545 -0.494554   1.03121   6.09205 -0.622492   7.50941
   551.407   0.534257 -0.444726   1.09036   6.11958 -0.687136    7.4328
   551.412   0.557706 -0.398894   1.15085   6.16746 -0.738611   7.32745
   551.417   0.572894 -0.353862    1.2116   6.24408 -0.816423   7.22211
   551.422   0.581688 -0.303501   1.26357   6.33506 -0.849942   7.14071
   551.427   0.587283 -0.244879   1.30993  6.41766 -0.84635   7.0617
   551.432   0.590747 -0.178263   1.34883   6.49547 -0.858321   6.96832
   551.437   0.589149 -0.112714   1.38187   6.59004 -0.888249    6.8953
   551.442    0.588349 -0.0647504    1.41891   6.73489 -0.815226   6.94678
   551.447    0.598475 -0.0402358    1.43916   6.88572 -0.933739   6.95037
   551.452    0.585152 -0.0202511     1.4405  6.94558 -1.04866   6.8115
   551.457    0.55211 0.0127902   1.44902   6.9803 -1.04148  6.71574
   551.462   0.529461 0.0498285   1.46394   7.04973 -0.994791   6.78397
   551.467   0.527063 0.0754089   1.47567   7.11317 -0.955287   6.90488
   551.472   0.536389 0.0836692   1.48366  7.15866 -0.94571   6.9779
   551.477    0.54838 0.0804717   1.48846    7.1862 -0.993594   6.98748
   551.482   0.557706 0.0746095   1.49192  7.17303 -1.02831  6.96473
   551.487   0.564101 0.0730107   1.50365  7.10479 -1.03908  6.93002
   551.492   0.568098 0.0826034   1.52123  7.02818 -1.08338  6.90129
   551.497  0.567032 0.108717  1.54175 6.91086 -1.1157 6.85939
   551.502  0.557706 0.151884   1.5668  6.77679 -1.14203  6.79235
   551.507  0.540386 0.204377  1.59105  6.71454 -1.18513  6.73609
   551.512  0.519602 0.250208  1.61716  6.72651 -1.25217  6.73728
   551.517  0.499351 0.278453  1.64221  6.78397 -1.36709  6.78517
   551.522  0.480965 0.292043  1.65793  6.83664 -1.44131  6.84143
   551.527  0.468974 0.302701  1.67045  6.85101 -1.47603  6.89889
   551.532  0.466309 0.318156  1.67658  6.87256 -1.51194  6.96832
   551.537  0.475369 0.334677  1.67978  6.93121 -1.53468   7.0593
   551.542  0.495354 0.341871  1.67685  7.04254 -1.59933  7.17063
   551.547  0.518802 0.334943  1.66592 7.13831  -1.652  7.2664
   551.552  0.540652 0.323485  1.65367  7.17542 -1.71305  7.32027
   551.557  0.555841 0.324551  1.64247  7.11437 -1.76213  7.33344
   551.562  0.563035  0.35173  1.63661 6.95875 -1.7753 7.32865
   551.567  0.562236 0.407954  1.64034  6.76721 -1.79685   7.3071
   551.572  0.555308 0.487093  1.65633  6.58166 -1.80762  7.29034
   551.577  0.545449 0.578224  1.68591  6.43322 -1.79565  7.31548
   551.582  0.535323 0.667755  1.72508  6.33147 -1.79565  7.39329
   551.587  0.529727 0.748227  1.77064  6.24767 -1.81241  7.48787
   551.592  0.529194 0.820704  1.81807  6.18422 -1.82797  7.55969
   551.597  0.531326 0.888119  1.86231  6.13993 -1.83755  7.58483
   551.602  0.531593 0.950472  1.90254  6.12676 -1.87346  7.57047
   551.607  0.527329  1.00057  1.93478  6.17943 -1.93571  7.54174
   551.612  0.520668  1.02881   1.9593  6.23929 -1.98479  7.52258
   551.617  0.514006  1.03254  1.98088  6.29436 -2.05063  7.52019
   551.622  0.508144  1.01762  1.99287  6.34463 -2.13443  7.50702
   551.627  0.500417 0.997636  1.99607  6.37576 -2.20865  7.47111
   551.632  0.490025 0.981115  1.98834  6.42125 -2.28527  7.44716
   551.637  0.475103 0.966726  1.97049  6.46674 -2.30681  7.46991
   551.642  0.458582 0.949672  1.94544  6.51702 -2.33554  7.54413
   551.647  0.443394 0.928089   1.9124   6.5649 -2.37984  7.63032
   551.652  0.431669 0.903841  1.87536  6.59363 -2.42533  7.71172
   551.657  0.421544 0.880392  1.83379  6.57927 -2.45286  7.78594
   551.662  0.413816 0.861207  1.79329  6.51941 -2.47082  7.86615
   551.667  0.408487 0.847084  1.75865  6.42963 -2.50912  7.96072
   551.672  0.404224  0.83989  1.73174 6.29555 -2.5582 8.03614
   551.677  0.402625 0.846018  1.71149  6.12796 -2.61567  8.06846
   551.682  0.403158 0.865737  1.69763  5.96994 -2.63841  8.13191
   551.687  0.407688 0.890518  1.69657 5.84784 -2.6408 8.26718
   551.692  0.418346 0.912101  1.70403   5.7401 -2.66235  8.40604
   551.697  0.431936 0.938481  1.71682  5.59046 -2.65278  8.48026
   551.702  0.445525 0.980848   1.7368  5.43604 -2.65517  8.48744
   551.707  0.454319  1.04134  1.75892   5.3283 -2.71263  8.45153
   551.712  0.451387  1.11594  1.78183  5.25647 -2.77608  8.39048
   551.717   0.4346 1.20121 1.80209  5.23373 -2.83234  8.32703
   551.722  0.406089  1.29368  1.80928  5.26246 -2.91015  8.27556
   551.727  0.370916  1.38907  1.79622  5.33189 -3.01909   8.2564
   551.732  0.333078   1.4802  1.75625  5.42885 -3.18189   8.2588
   551.737  0.289911   1.5668  1.68564  5.46836 -3.22738  8.29112
   551.742  0.256603  1.64194  1.63874   5.4935 -2.95444  8.43358
   551.747  0.247011   1.6979  1.62409  5.47674 -2.84072  8.60596
   551.752  0.24781 1.76771 1.59345   5.0793 -3.03585  8.58441
   551.757  0.240349  1.90414  1.53323  4.62081 -3.23337  8.56526
   551.762  0.233954  2.06109  1.46421  4.82791 -3.16035   8.8346
   551.767  0.240083  2.15382  1.41865  5.22415 -2.90656  9.15303
   551.772  0.260334    2.169  1.41998  5.27203 -2.82995  9.30985
   551.777  0.275256  2.13809  1.44689 5.05775 -3.0143 9.28232
   551.782  0.279786  2.10026  1.47567  4.73813 -3.15077  9.15543
   551.787  0.29524 2.08027 1.50072  4.45561 -3.10049   9.0836
   551.792  0.334677  2.06482  1.52417  4.30956 -3.02388  9.15064
   551.797  0.390101  2.02272  1.54308  4.24971 -3.02268  9.28352
   551.802  0.445792  1.94358  1.55881 4.20781  -3.055 9.34936
   551.807  0.493222  1.84152  1.57213  4.15035 -3.03944  9.31823
   551.812  0.533458  1.73654  1.58465  4.02585 -2.94966  9.22965
   551.817  0.567832  1.64807   1.6033  3.82234 -2.85868  9.07163
   551.822  0.591813  1.59451  1.62276    3.632 -2.87185  8.84298
   551.827  0.596077  1.57799  1.64114  3.50152 -2.92093  8.60835
   551.832  0.576092  1.59051  1.65686  3.42012 -2.96522  8.41442
   551.837  0.532392  1.62409  1.66992  3.38181 -2.99395  8.26598
   551.842  0.471905  1.66832  1.67605   3.3878 -3.02388  8.19655
   551.847  0.404757  1.70643  1.66752 3.43927 -3.0131 8.27197
   551.852  0.342404  1.71788  1.64647  3.52307 -3.00353  8.49343
   551.857  0.287779  1.69737  1.59931  3.57095 -3.13042  8.72567
   551.862  0.287779  1.69737  1.57826  3.51349 -3.23457  8.87171
   551.867  0.237951  1.66699  1.51004  3.51349 -3.23457  8.87171
   551.872  0.20944 1.64594 1.43783 3.40455 -2.8479 9.03213
   551.877  0.215568  1.62915  1.43677   3.3842 -2.48398  9.23324
   551.882  0.237418  1.60863  1.45489   3.3878 -2.45645  9.45111
   551.887  0.253672  1.58119  1.45702  3.32674 -2.59292  9.63546
   551.892  0.258202  1.56307  1.45062  3.16513 -2.66116  9.65701
   551.897  0.258735     1.57  1.44982 3.02148 -2.6444 9.72525
   551.902  0.261666  1.59584  1.45169  2.91973 -2.59771  9.77792
   551.907  0.268861  1.63208  1.45275  2.83713 -2.55102  9.50378
   551.912  0.277387  1.67392  1.44849  2.83713 -2.56658  9.87608
   551.917  0.283783  1.71042  1.43597   2.8886 -2.57496  9.95509
   551.922  0.291243   1.7368  1.42051  2.89579 -2.56419  9.94911
   551.927  0.29977 1.76505 1.39866  2.84551 -2.60489  9.86651
   551.932   0.3043 1.81115 1.36882  2.75094 -2.65038  9.81383
   551.937  0.303234  1.87643  1.33258   2.6827 -2.68989  9.80306
   551.942  0.297905  1.94731  1.28728  2.63602 -2.68629  9.78031
   551.947  0.29151 2.01232 1.23772 2.58933 -2.6827 9.67377
   551.952  0.281917  2.07148  1.18149  2.43131 -2.74854  9.56484
   551.957  0.266729  2.13543   1.1282  2.23259 -2.80241  9.53371
   551.962  0.245945  2.18846  1.07997  2.16915 -2.80361  9.51935
   551.967  0.220631  2.21723  1.03228 2.10331 -2.7665 9.48583
   551.972  0.192386  2.22416 0.988576  1.96684 -3.03585  9.42358
   551.977  0.165207  2.22283 0.953403  1.75734 -2.69827  9.40682
   551.982  0.146288   2.2247 0.926224  1.54785 -2.66235  9.48463
   551.987  0.141758  2.22336 0.900643  1.42575 -2.62764  9.58758
   551.992  0.155881  2.20817 0.874263  1.36469 -2.66594  9.65222
   551.997  0.179596  2.17513 0.846818  1.34434 -2.74974  9.69771
   552.002  0.199847  2.12344 0.814842  1.36709 -2.82636  9.76236
   552.007  0.212371  2.05229 0.782334  1.34554 -2.90776  9.84496
   552.012   0.22223  1.96996 0.752224  1.23661 -2.92212  9.91559
   552.017  0.235819  1.89481 0.725844  1.01514 -2.90536   9.9527
   552.022  0.259002  1.84605  0.71332 0.715866 -2.97719  9.96467
   552.027  0.287779  1.83166 0.714119 0.471658 -3.03824  9.97784
   552.032  0.311761  1.84792 0.721847 0.280122 -3.02388  10.0269
   552.037   0.33068  1.89028 0.737835  0.11971 -2.94726  10.1179
   552.042  0.351997  1.95424  0.76075 -0.0993594   -2.88501    10.2065
   552.047  0.382907  2.03258 0.788729 -0.146046  -2.90536   10.2113
   552.052  0.419412  2.11998 0.812178 -0.205901  -2.98437   10.0413
   552.057  0.446325  2.21803 0.825234 -0.305261  -3.03824   9.75039
   552.062  0.449256  2.33075   0.8263 -0.102951  -3.02148   9.50857
   552.067  0.432202  2.44959 0.823636 -0.466869  -2.98916   9.36971
   552.072  0.406888  2.55191 0.818573 -0.469264  -2.95564   9.30985
   552.077  0.380242  2.62066  0.80898 -0.518345  -2.85269   9.32422
   552.082  0.358658   2.6505 0.795923 -0.64404 -2.70425  9.34936
   552.087  0.348533  2.64944 0.783133 -0.814029  -2.54623   9.34218
   552.092  0.349332  2.62865 0.773008 -0.984017  -2.42413   9.27514
   552.097  0.355994  2.59828 0.769011 -1.08816 -2.40258  9.13747
   552.102  0.360524  2.56603 0.765014 -1.17914 -2.40976  8.97347
   552.107  0.354662  2.53752 0.756487 -1.28329 -2.41934  8.86812
   552.112  0.335476  2.51247 0.744763 -1.38505 -2.36906  8.81665
   552.117  0.306165  2.48689 0.710123 -1.49278 -2.22302   8.7939
   552.122  0.275522  2.46078 0.692802 -1.58257 -2.07098  8.80109
   552.127  0.251541  2.43707 0.739433 -1.62806 -1.94529   8.8382
   552.132  0.237152  2.41735 0.642974 -1.64362 -1.87227  8.89566
   552.137  0.234221  2.40056 0.672551 -1.64362 -1.83396   9.0022
   552.142   0.24328  2.38004 0.561436 -1.63763 -1.80403  9.13627
   552.147  0.262998  2.34833 0.580355 -1.65439 -1.80283  9.23324
   552.152  0.293908  2.31023 0.522533 -1.73101 -1.79685  9.25598
   552.157  0.333611  2.27799 0.392233 -1.84832 -1.82678  9.20211
   552.162  0.375179  2.25827 0.329614 -2.00754 -1.88065   9.0824
   552.167  0.409286  2.25134 0.269127 -2.19548 -1.94289  8.90882
   552.172  0.431403  2.25667 0.213436 -2.38462 -1.97163  8.73644
   552.177  0.442861  2.27026 0.166806 -2.60968 -1.94529  8.60835
   552.182  0.447923  2.28252 0.132165  -2.8491 -1.90818  8.49343
   552.187  0.450588  2.28838 0.106319  -3.0562 -1.86628  8.35576
   552.192   0.453253   2.28598 0.0897979  -3.1795 -1.85431  8.18937
   552.197   0.452986   2.25454 0.0727443  -3.2214 -1.88065  8.04452
   552.202   0.442594   2.29211 0.0484962 -3.27527 -1.84473  7.97748
   552.207  0.423675  2.18526 0.017853 -3.36026 -1.75734  8.01459
   552.212    0.409286    2.20791 -0.0215835 -3.44645  -1.6532  8.10198
   552.217    0.411951    2.15621 -0.0612864 -3.56018 -1.56461  8.14148
   552.222   0.432202   2.10825 -0.101256 -3.67869 -1.56701  8.11156
   552.227   0.460447   2.00433 -0.145489 -3.79242 -1.57898  8.04931
   552.232  0.491357  1.97475 -0.18759 -3.92051 -1.58736  8.02297
   552.237   0.524665   1.94384 -0.224894 -4.08331 -1.61489  8.03255
   552.242    0.56117   1.91107 -0.245145 -4.31196 -1.65559  8.02896
   552.247  0.597942  1.88575 -0.24408 -4.55856 -1.72143  8.00501
   552.252    0.63578    1.8735 -0.229424 -4.77404 -1.77769  7.97628
   552.257   0.671485    1.8711 -0.208907  -4.9141 -1.79445  7.94875
   552.262    0.70506   1.87323 -0.184925 -5.03381 -1.74657  7.89967
   552.267   0.739433    1.8751 -0.162009 -5.07331 -1.74178  7.81587
   552.272   0.803651   1.87643 -0.150285 -5.07451 -1.79565  7.61835
   552.277   0.753556   1.88549 -0.152949 -5.10204 -1.86508  7.28196
   552.282  0.819639  1.90254 -0.16947 -5.13915 -1.93571  6.89171
   552.287    0.86547    1.9156 -0.196649 -5.20021 -1.94768  6.56849
   552.292   0.767678   1.90867 -0.219299 -5.31393 -1.86269  6.36738
   552.297   0.807381   1.87163 -0.226227 -5.46716 -1.74777  6.22014
   552.302   0.706392   1.81115 -0.218766 -5.62518 -1.63883  5.99029
   552.307   0.732239   1.74746 -0.204643 -5.74848  -1.5694   5.6551
   552.312   0.607268   1.69497 -0.189188 -5.84305  -1.5287  5.30914
   552.317   0.531326   1.65233 -0.170536 -5.93163 -1.50356  5.02064
   552.322   0.437265   1.61556 -0.151351 -6.02022 -1.47483  4.85903
   552.327   0.340273   1.57852 -0.141758 -6.08606 -1.38744  4.88058
   552.332   0.257403    1.5279 -0.139893    -6.11 -1.25097  5.10204
   552.337   0.200646   1.44716 -0.146554  -6.0717 -1.14682  5.46237
   552.342   0.172934   1.33285 -0.155081 -6.04656 -1.12408   5.8203
   552.347   0.166539   1.20628 -0.160144 -6.07888 -1.21625  6.05254
   552.352   0.172668   1.10635 -0.168937 -6.18901 -1.30604  6.16268
   552.357    0.18759   1.05359 -0.178796 -6.34224 -1.34075  6.23809
   552.362   0.207041   1.03974 -0.183326 -6.47512 -1.37068  6.35062
   552.367   0.228092   1.04746 -0.182527 -6.57089 -1.38983  6.47751
   552.372   0.249675   1.06851 -0.177198 -6.63553 -1.38744  6.56251
   552.377   0.272058   1.09809 -0.172135 -6.63792 -1.38744  6.58166
   552.382   0.293642    1.1282 -0.170802 -6.57328 -1.40659   6.5661
   552.387   0.313093   1.15138 -0.179063 -6.44878  -1.4054  6.53976
   552.392   0.331479   1.16391 -0.198781 -6.32309 -1.33477  6.52181
   552.397  0.353329  1.16844 -0.22676 -6.24647 -1.24977  6.51941
   552.402   0.377311   1.16497 -0.255804 -6.24288 -1.20309  6.52181
   552.407   0.398361   1.15991 -0.281384 -6.29675 -1.20428  6.51582
   552.412   0.417547   1.16577 -0.310429 -6.38294 -1.19112  6.49427
   552.417   0.443127   1.19242 -0.341605  -6.4847 -1.12647  6.45118
   552.422  0.475902  1.23639 -0.36985 -6.55652 -1.11211  6.36498
   552.427  0.506545  1.28568 -0.39996 -6.59363 -1.17795  6.21654
   552.432    0.52653   1.33391 -0.422077 -6.66905 -1.24139  6.01543
   552.437   0.535057   1.38108 -0.429271 -6.76242 -1.31681  5.78559
   552.442    0.53106   1.43224 -0.422343 -6.86178 -1.35632  5.55694
   552.447  0.518003  1.49006 -0.40822   -6.936 -1.34913  5.37498
   552.452    0.50015   1.54975 -0.398095 -6.95156 -1.28928  5.26365
   552.457   0.486294   1.59877 -0.394364 -6.91805 -1.21027  5.19901
   552.462   0.481231   1.62436 -0.400493 -6.85939 -1.16238  5.14753
   552.467   0.480432   1.62142 -0.414616  -6.8115 -1.17795  5.08768
   552.472    0.48283   1.59398 -0.431669 -6.8127 -1.2402 5.01705
   552.477   0.488426   1.55747 -0.451387 -6.88572 -1.31202  4.94044
   552.482   0.494821    1.5247 -0.472438 -7.00424  -1.3623  4.87579
   552.487   0.503614   1.49912 -0.495087 -7.14071 -1.35871  4.86981
   552.492   0.517204   1.47594 -0.510809 -7.31189  -1.3216  4.90811
   552.497   0.532925   1.45542 -0.514539 -7.49744 -1.32998  4.92487
   552.502   0.546515   1.44796 -0.510009 -7.69018 -1.38026  4.86861
   552.507   0.558505   1.46394 -0.496153 -7.87932 -1.45448  4.78002
   552.512   0.567565   1.50525 -0.477234 -8.02656 -1.54187  4.67468
   552.517   0.570763   1.56787 -0.456717 -8.14627 -1.56102  4.55497
   552.522   0.571562   1.64301 -0.431669 -8.24922 -1.56341  4.43885
   552.527  0.567565  1.71868 -0.40902 -8.31387 -1.62087  4.32513
   552.532   0.560637   1.78743 -0.387703 -8.35098 -1.67355  4.19823
   552.537   0.553709   1.84659 -0.369317 -8.33302  -1.7753  4.06176
   552.542   0.542784   1.89402 -0.355461 -8.30908 -1.83755  3.97557
   552.547   0.534257   1.93319 -0.344003 -8.34499 -1.79206  3.94086
   552.552   0.535856   1.96729 -0.338141 -8.37492 -1.68432  3.93008
   552.557   0.551044   1.98834 -0.341338 -8.33781 -1.58257  3.90614
   552.562  0.576092  1.98568 -0.36159 -8.22648 -1.55743  3.83072
   552.567   0.606469   1.95557 -0.398095 -8.10198 -1.55982  3.72418
   552.572    0.63951   1.89934 -0.445792 -8.01818  -1.5682  3.61405
   552.577   0.668821   1.82207 -0.501216 -7.99783 -1.58257  3.49673
   552.582   0.698931      1.74 -0.558505 -8.06128 -1.58736  3.36026
   552.587   0.734637   1.66353 -0.615528 -8.16303 -1.59574  3.23457
   552.592   0.773274   1.58918 -0.667755 -8.29591 -1.60292  3.13281
   552.597   0.801253   1.51404 -0.711721 -8.43956 -1.67115  3.03106
   552.602   0.814842   1.43996 -0.751158 -8.59159 -1.72263  2.94846
   552.607   0.829498   1.36988 -0.773807 -8.73165 -1.83276  2.89339
   552.612   0.838557    1.3062 -0.781801 -8.90763 -2.04944  2.82875
   552.617   0.834561    1.2609 -0.777271 -9.18057 -2.16077  2.76171
   552.622   0.82177  1.24891 -0.75702 -9.47625 -2.15957  2.69228
   552.627    0.80898   1.26996 -0.728508  -9.6606 -2.15837  2.65876
   552.632   0.799654   1.30647 -0.695201 -9.74081 -2.19069  2.63602
   552.637   0.790594    1.3475 -0.662159 -9.75996 -2.25414  2.59412
   552.642   0.782334    1.3888 -0.632315  -9.7456 -2.28167  2.53187
   552.647   0.775672   1.42797 -0.608334 -9.72525 -2.28646  2.44927
   552.652    0.76981   1.45755 -0.595011 -9.66779 -2.27329  2.35829
   552.657   0.765547   1.46794 -0.593678 -9.55765 -2.26013   2.2721
   552.662   0.762616   1.44769 -0.605136 -9.42478 -2.25055  2.21942
   552.667    0.76608   1.39227 -0.626187 -9.30626 -2.24456  2.21224
   552.672   0.77887   1.3062 -0.65683 -9.22845 -2.27928  2.22421
   552.677   0.802851   1.20441 -0.695201 -9.23204 -2.31878  2.24816
   552.682   0.839357   1.10475 -0.734371 -9.34457 -2.33794  2.28527
   552.687   0.881991   1.01709 -0.772741 -9.50019 -2.40498  2.32477
   552.692   0.925691   0.94461 -0.803651 -9.68215 -2.46962  2.36308
   552.697   0.970723  0.890518 -0.820172 -9.85573 -2.55222  2.37385
   552.702    1.01282  0.855345 -0.826833 -9.96826 -2.61686  2.36547
   552.707    1.05519   0.83536 -0.822836 -10.0257 -2.64918  2.38103
   552.712    1.09569  0.824435 -0.813776 -10.0114 -2.70305  2.40737
   552.717    1.13113  0.821504 -0.802851   -9.991 -2.75692  2.38103
   552.722    1.16071  0.836159 -0.788196 -10.0461 -2.83713  2.25893
   552.727    1.1767 0.876129 -0.77807 -10.1203 -3.00233  2.04345
   552.732    1.17243  0.936083 -0.773541 -10.2161 -3.18668  1.78368
   552.737    1.14765   1.00483 -0.767145 -10.3178 -3.37463  1.56222
   552.742    1.10529   1.06985 -0.754089   -10.41 -3.49553   1.4461
   552.747    1.05866   1.12234 -0.727975 -10.4866 -3.54462  1.43173
   552.752    1.01789   1.16124 -0.695467 -10.5536 -3.53145  1.48201
   552.757   0.990708   1.18975 -0.658429 -10.6326 -3.46082  1.53708
   552.762   0.974986    1.2124 -0.620858 -10.6949 -3.39857  1.55025
   552.767   0.965927   1.22839 -0.587283 -10.7129 -3.33752  1.52511
   552.772   0.964861   1.23212 -0.557972 -10.6722 -3.28963  1.46525
   552.777   0.969657   1.22013 -0.536123 -10.5824 -3.27048  1.38864
   552.782   0.978983   1.19082 -0.523066 -10.4938 -3.25971  1.29646
   552.787    0.99204   1.14819 -0.517204 -10.4136 -3.23457  1.20189
   552.792    1.00989   1.09116 -0.519335 -10.3394 -3.16753  1.13485
   552.797    1.03734   1.01522 -0.527329 -10.2544 -3.10289  1.09295
   552.802    1.07198  0.913966 -0.545715 -10.1442 -3.06937  1.05943
   552.807    1.10742  0.790061 -0.569697 -10.0676 -3.04303  1.01155
   552.812    1.14046  0.655231 -0.599541 -10.0126  -3.0969 0.934936
   552.817    1.16977  0.520135 -0.641109  -9.9503 -3.19746 0.882263
   552.822    1.19642  0.386903 -0.684542 -9.93953 -3.26569  0.90022
   552.827   1.22493 0.258735 -0.72691 -9.97784 -3.33752  0.97444
   552.832    1.25504  0.140159 -0.764481 -10.1023 -3.37942   1.0307
   552.837    1.28009 0.0431669 -0.786597 -10.2783 -3.43688   1.0343
   552.842     1.29767 -0.0271792  -0.797522 -10.4375 -3.52426   1.0343
   552.847     1.30966 -0.0762083  -0.795657 -10.5872 -3.62362  1.04267
   552.852    1.31153 -0.114579   -0.7834 -10.7009 -3.75291  1.07859
   552.857    1.29874 -0.151884  -0.76075  -10.817 -3.84269   1.1169
   552.862    1.27502 -0.175599 -0.725577 -10.9583 -3.89417  1.08218
   552.867    1.24731  -0.16947 -0.681078 -11.0911 -3.92769  1.00916
   552.872     1.2164 -0.135096  -0.63498 -11.1821 -3.94325 0.973243
   552.877     1.18523 -0.0889985  -0.591813 -11.1857 -3.92051  1.00796
   552.882     1.15911 -0.0540919  -0.553709 -11.1127 -3.84748  1.09415
   552.887     1.14153 -0.0421011  -0.521734 -11.0014 -3.79242  1.15999
   552.892     1.13167 -0.0503614  -0.498285 -10.8984 -3.77925  1.17914
   552.897     1.12261 -0.0722113  -0.482031  -10.817 -3.83551  1.16119
   552.902     1.10955 -0.0999234  -0.476435 -10.7428 -3.90015  1.13006
   552.907    1.09862 -0.126037 -0.478567 -10.6901 -3.88818  1.13126
   552.912   1.09809 -0.15215 -0.48656 -10.6315 -3.80918  1.20907
   552.917    1.11541 -0.190521 -0.501216 -10.5405 -3.70622  1.35153
   552.922    1.14712 -0.252606 -0.519602 -10.4507 -3.63679  1.48081
   552.927    1.18309 -0.335743 -0.543583 -10.3609 -3.66313  1.54306
   552.932    1.21587 -0.427672 -0.579822 -10.2855 -3.73017  1.55863
   552.937    1.24784 -0.521201 -0.622723 -10.2352 -3.77206  1.58257
   552.942    1.28808 -0.616328  -0.67042 -10.2041 -3.77206  1.63883
   552.947    1.33817 -0.717583 -0.714119 -10.2256 -3.75052  1.68791
   552.952    1.38827  -0.82257 -0.745296 -10.3094 -3.77446  1.70946
   552.957    1.42637 -0.924092 -0.759418 -10.4651 -3.82234  1.70587
   552.962    1.44769  -1.00883 -0.758885 -10.6303 -3.87262  1.68791
   552.967    1.45595  -1.06905 -0.751691 -10.7392 -3.90135  1.68911
   552.972    1.45728  -1.10928 -0.742631 -10.7811 -3.90015  1.72861
   552.977   1.45515 -1.14286 -0.73517 -10.7679   -3.881   1.8148
   552.982   1.45222 -1.18309 -0.73064 -10.7296 -3.85227   1.9393
   552.987    1.45036  -1.23665 -0.727975 -10.6925  -3.8415  2.04585
   552.992    1.44956  -1.29821 -0.727975 -10.6745 -3.84868  2.09852
   552.997    1.44609  -1.35763 -0.730374 -10.6805 -3.87023  2.07458
   553.002    1.43703  -1.40293 -0.736236 -10.6745 -3.90135  2.00155
   553.007    1.42611   -1.4405 -0.746095 -10.6183 -3.89417  2.01951
   553.012    1.41918  -1.49032 -0.761816  -10.501 -3.86424  1.84713
   553.017    1.41785  -1.55694 -0.786331 -10.3394 -3.79481  2.23738
   553.022    1.42504  -1.63768 -0.820172 -10.1586 -3.73256  2.22541
   553.027     1.4349  -1.72828 -0.871865 -10.0269 -3.86783  2.29365
   553.032    1.43783   -1.8282 -0.938214 -9.92037 -3.88699  2.24935
   553.037    1.44742  -1.95743 -0.997636 -9.76355  -3.7182  2.56299
   553.042     1.473 -2.12797 -1.06079 -9.56124 -3.55539   2.7653
   553.047   1.51244 -2.32648  -1.1266 -9.47146 -3.46202  3.13162
   553.052   1.55454  -2.5178 -1.18203 -9.54568 -3.51469   3.0969
   553.057   1.58465 -2.66756   -1.222 -9.77912 -3.65235  3.03465
   553.062   1.59398 -2.75309 -1.23878 -10.0987  -3.7972  3.03824
   553.067   1.58039 -2.77414 -1.23372 -10.3681 -3.92051  3.16992
   553.072   1.55055 -2.75602 -1.21107 -10.4854 -3.98635  3.39258
   553.077   1.51537 -2.73257 -1.17297 -10.4842   -3.966  3.63799
   553.082    1.4818 -2.72405 -1.12127 -10.4028 -3.90015  3.82713
   553.087   1.45115 -2.73524 -1.06239 -10.2747 -3.87741  3.93367
   553.092   1.42131 -2.75416 -1.00536 -10.1394 -3.82115  3.99233
   553.097    1.39013  -2.76961 -0.947274 -10.0161 -3.83431   4.0462
   553.102    1.35336  -2.77547 -0.892916 -9.86531 -3.69545  4.17309
   553.107    1.32085  -2.77494 -0.841222 -9.69891 -3.75171  4.40653
   553.112     1.3062  -2.78054 -0.767145 -9.45351 -3.63919  4.69144
   553.117     1.3046  -2.80505 -0.674949 -9.11712 -3.26449  4.87579
   553.122    1.30087  -2.83916 -0.606735 -8.86932 -3.46202  4.96797
   553.127   1.27769 -2.85115 -0.60487 -8.81066 -3.74094  5.00987
   553.132    1.24251  -2.82743 -0.626986 -8.80707 -3.68228  5.04458
   553.137    1.19881  -2.77174 -0.636845 -8.70891 -3.62961  5.16908
   553.142    1.15138  -2.69847 -0.647504 -8.5054 -3.5518 5.37618
   553.147    1.11062  -2.62652 -0.664025 -8.29711 -3.52426  5.58088
   553.152    1.07757  -2.56577 -0.681345 -8.11874 -3.53743  5.72932
   553.157    1.04666  -2.51434 -0.703194 -7.97389 -3.50152  5.82868
   553.162    1.01282  -2.46851 -0.725311 -7.86615 -3.39019  5.93044
   553.167   0.981381  -2.42747 -0.742631 -7.96551 -3.27766  6.06092
   553.172   0.959265  -2.39363 -0.749292 -7.54054 -3.20703   6.1926
   553.177   0.943011  -2.37311 -0.746894 -7.45674 -3.15436  6.26682
   553.182   0.927556  -2.36485 -0.740499 -7.41604 -3.13042  6.22971
   553.187   0.908637  -2.35633 -0.729841 -7.35738 -3.12802  6.13993
   553.192   0.880392  -2.33768 -0.719449 -7.56328 -3.10887  6.10881
   553.197   0.840956  -2.31556 -0.707191 -7.12275  -3.0969  6.16507
   553.202   0.794325   -2.2993 -0.690671 -7.31668 -3.05859  6.26682
   553.207   0.747161  -2.28705 -0.673084 -6.94079 -2.99993  6.37456
   553.212   0.706126  -2.26893 -0.649369 -6.86657 -2.96761  6.48948
   553.217   0.671485  -2.23935 -0.623789  -6.7708 -2.92811    6.608
   553.222   0.641642  -2.20205 -0.598475 -6.62356 -2.89459  6.72052
   553.227   0.615795  -2.16581 -0.572894 -6.42245 -2.86466  6.82826
   553.232   0.594211  -2.13916 -0.554242 -6.23929 -2.82276  6.92044
   553.237   0.577424  -2.12717 -0.541718 -6.07888 -2.81079  6.99586
   553.242   0.562236  -2.12824 -0.533991 -5.95438 -2.78924   7.0593
   553.247    0.54758  -2.13596 -0.529994 -5.84784 -2.75692  7.13951
   553.252    0.53479  -2.14289 -0.529461 -5.70658 -2.71383   7.2664
   553.257    0.52653  -2.15089 -0.527596 -5.51624 -2.66355   7.4328
   553.262   0.52573 -2.16607 -0.52573  -5.3247 -2.64918  7.60039
   553.267    0.53026  -2.18899 -0.526796 -5.18464 -2.66594  7.74165
   553.272   0.534524  -2.20817 -0.530527 -5.12479 -2.67672   7.8446
   553.277   0.537455  -2.21191 -0.534257 -5.07331 -2.65637  7.94875
   553.282    0.53932  -2.19405 -0.533191 -4.95959 -2.62644  8.07325
   553.287   0.542251  -2.16394 -0.528662 -4.79678 -2.61088  8.18578
   553.292   0.546248  -2.13596 -0.519069 -4.66151 -2.57975   8.2588
   553.297   0.549179  -2.11278 -0.507345 -4.55497 -2.58813  8.28394
   553.302   0.550511  -2.08507 -0.498018 -4.50828 -2.62165  8.25042
   553.307   0.548113  -2.04217 -0.488426 -4.51427   -2.642  8.18817
   553.312    0.53932  -1.97768 -0.481231 -4.48434 -2.64799  8.15824
   553.317  0.524931 -1.90094  -0.4783 -4.37062  -2.6025  8.17859
   553.322   0.510809  -1.80688 -0.479632 -4.19225  -2.5199  8.25162
   553.327   0.503881   -1.8242 -0.490291 -4.00071 -2.46603  8.33781
   553.332   0.507345  -1.81061 -0.505479  -3.8834 -2.41934  8.34858
   553.337   0.518003  -1.87749 -0.521201 -3.82474 -2.41814  8.24802
   553.342   0.531593  -1.94331 -0.540652 -3.75531 -2.43969  8.11994
   553.347   0.538254  -2.01126 -0.560104 -3.61524 -2.46363  8.07923
   553.352   0.535323  -2.08773 -0.580089  -3.4261 -2.48518  8.13909
   553.357   0.527862  -2.16208 -0.596876 -3.28365 -2.46004  8.23246
   553.362  0.519069 -2.28012  -0.6086 -3.19147 -2.40258  8.34379
   553.367   0.509743  -2.29211 -0.614995 -3.12084 -2.34751  8.50061
   553.372   0.499351  -2.27026 -0.616061 -3.04662 -2.28766  8.72567
   553.377   0.491357  -2.23109 -0.612864 -2.91614 -2.23738  9.02375
   553.382   0.492689  -2.19725 -0.605669 -2.74974 -2.21703  9.33499
   553.387   0.507611    -2.173 -0.598475  -2.6013 -2.23618  9.53012
   553.392    0.53106  -2.13969 -0.592879 -2.54384 -2.25414  9.55885
   553.397   0.557706  -2.08507 -0.586484 -2.54384  -2.2721  9.47505
   553.402   0.603804  -2.01472 -0.580888 -2.52469 -2.29245  9.36612
   553.407    0.54758  -1.94677 -0.572361  -2.4768 -2.28886  9.25838
   553.412   0.620858  -1.89668 -0.564101 -2.39061 -2.27449  9.15423
   553.417   0.621923   -1.8719 -0.557972 -2.29963 -2.21583  9.05966
   553.422   0.621923  -1.87083 -0.550778 -2.22421 -2.15478  8.97586
   553.427   0.620325  -1.88469 -0.545982 -2.16795 -2.10809  8.88728
   553.432   0.615528  -1.90308 -0.541185  -2.1452 -2.03627  8.77714
   553.437   0.608067  -1.91906 -0.535856 -2.10331 -1.99437  8.65624
   553.442  0.600074 -1.93638 -0.53559  -2.0219 -1.95726  8.57723
   553.447   0.592346  -1.96889 -0.535057 -1.91177 -1.92733   8.5868
   553.452   0.586484  -2.02032 -0.535057 -1.77769 -1.89621  8.67419
   553.457   0.587283  -2.08081 -0.530527 -1.67355 -1.84473  8.77834
   553.462   0.589681  -2.12717 -0.519069 -1.63285 -1.80044  8.83939
   553.467   0.591014  -2.14342 -0.499884 -1.62806 -1.75854  8.87052
   553.472   0.592879  -2.13676 -0.474037 -1.57898  -1.7358  8.95072
   553.477   0.596876  -2.13463 -0.443926  -1.4437 -1.75375  9.10395
   553.482   0.603005  -2.15089 -0.409819 -1.30963 -1.75974  9.23444
   553.487   0.609933  -2.17114 -0.372781 -1.21147 -1.76213  9.26436
   553.492   0.612864   -2.1738 -0.335743 -1.13246 -1.75974  9.20571
   553.497   0.607801  -2.14689 -0.297905 -1.06781 -1.76812  9.10156
   553.502   0.593145  -2.09653 -0.263531 -0.986411  -1.79086   9.01297
   553.507   0.573694  -2.04323 -0.235286 -0.828394  -1.80523   9.01297
   553.512   0.553176  -2.00566 -0.219565 -0.575805  -1.88304   9.10874
   553.517    0.53026  -1.98301 -0.229424 -0.369904  -1.87825   9.21409
   553.522   0.519602   -1.9633 -0.220631 -0.253785  -1.53349   9.28591
   553.527   0.525198  -1.94011 -0.176931 -0.0981623   -1.35512    9.29429
   553.532  0.529461  -1.9148 -0.14309 0.0490811  -1.40181   9.25838
   553.537    0.52573  -1.88762 -0.129501 0.169988 -1.46765  9.19373
   553.542  0.519069 -1.86257 -0.12657  0.27653 -1.41856  9.14705
   553.547   0.519868  -1.84952 -0.121773 0.384269 -1.32399  9.13986
   553.552   0.528662  -1.85298 -0.116711 0.476446 -1.27372  9.10395
   553.557   0.535323  -1.86337 -0.110315 0.514753 -1.24139  8.99621
   553.562   0.533991   -1.8663 -0.101522  0.51595 -1.22463  8.86812
   553.567    0.524665   -1.86417 -0.0945942 0.536301 -1.21985  8.76278
   553.572    0.511608    -1.8727 -0.0937948 0.633266  -1.2402  8.73285
   553.577    0.497752   -1.90654 -0.0993905  0.80086 -1.25696  8.78792
   553.582   0.485761  -1.96036 -0.104453 0.944513 -1.20907  8.86573
   553.587   0.477501  -2.00966 -0.104453  1.03789 -1.14084  8.89326
   553.592   0.468708  -2.03231 -0.100723 1.09176 -1.1133  8.8358
   553.597    0.454585   -2.02485 -0.0937948   1.1564 -1.13605    8.752
   553.602    0.437798   -2.00406 -0.0873997  1.28688 -1.15041   8.7544
   553.607    0.425541   -1.99341 -0.0786064  1.46405 -1.09894  8.87291
   553.612    0.423409    -1.9982 -0.0642175  1.66996 -1.04746  9.02614
   553.617    0.428205     -1.999 -0.0500949   1.82558 -0.978031   9.11592
   553.622    0.432202   -1.97209 -0.0338407   1.88903 -0.896629   9.09557
   553.627    0.428472    -1.9108 -0.0194518   1.94409 -0.877475   9.00459
   553.632    0.415149   -1.83753 -0.0114579   2.05422 -0.873884   8.94354
   553.637     0.396763    -1.78104 -0.00799387  2.24456 -0.89184  8.95671
   553.642    0.379975   -1.75172 -0.0117243   2.41695 -0.881066   8.97107
   553.647    0.369051   -1.73734 -0.0157213   2.49596 -0.806846   8.93636
   553.652    0.365587   -1.72108 -0.0181194   2.55342 -0.756568   8.86214
   553.657    0.366119   -1.69763 -0.0210505  2.60729 -0.72664  8.76637
   553.662    0.366919   -1.66992 -0.0261133   2.65397 -0.721852   8.66581
   553.667   0.366386  -1.64887 -0.031709   2.70545 -0.719458   8.60596
   553.672    0.363455   -1.64754 -0.0381041  2.80481 -0.70629  8.61673
   553.677    0.361856   -1.66779 -0.0452986   2.89579 -0.693121    8.6311
   553.682    0.359458   -1.69204 -0.0500949   2.91255 -0.667982   8.56645
   553.687    0.350665   -1.70163 -0.0522266   2.87663 -0.646434   8.44794
   553.692    0.337608   -1.69843 -0.0540919   2.88022 -0.611719   8.39287
   553.697    0.327749   -1.69976 -0.0522266   2.95444 -0.591368   8.42759
   553.702    0.320821   -1.71229 -0.0484962   3.04902 -0.600945   8.45871
   553.707   0.314159  -1.72455 -0.042634   3.10648 -0.584185   8.43238
   553.712    0.310162   -1.72348 -0.0314426   3.17112 -0.574608   8.39647
   553.717    0.312028   -1.71575 -0.0231822   3.29203 -0.593762   8.40485
   553.722    0.316824   -1.71415 -0.0157213   3.43568 -0.624887   8.42879
   553.727     0.322153    -1.72135 -0.00932619    3.5913 -0.700304   8.44794
   553.732     0.327216    -1.72961 -0.00772741   3.70024 -0.770933   8.42041
   553.737     0.328282    -1.73041 -0.00346401  3.74333 -0.85473  8.31865
   553.742  0.320821 -1.72081        0   3.77087 -0.930147     8.175
   553.747    0.308564   -1.70749 0.00879326   3.7972 -0.93733  8.06128
   553.752   0.298172  -1.69976 0.0245145   3.85347 -0.951695   8.02656
   553.757   0.292842  -1.69896 0.0439663   3.86544 -0.939724   8.00023
   553.762   0.289645  -1.69577 0.0722113   3.82593 -0.907402   7.92122
   553.767  0.283516 -1.68138 0.106052   3.78404 -0.866701   7.80989
   553.772  0.274723   -1.659 0.139893   3.78882 -0.841562   7.73207
   553.777  0.266729 -1.64008 0.172401   3.84748 -0.810437   7.71651
   553.782  0.261666 -1.63395 0.210772 3.93008 -0.7434 7.71651
   553.787  0.258469 -1.63981 0.258469   4.02705 -0.684742   7.69377
   553.792  0.255271  -1.6542 0.305632   4.13718 -0.641646   7.66863
   553.797  0.254472 -1.67045 0.347467   4.26527 -0.602142   7.65905
   553.802  0.257936 -1.68244  0.38344   4.45322 -0.614113   7.66983
   553.807  0.261133 -1.68617 0.412484   4.64715 -0.648829   7.68419
   553.812  0.255005 -1.67365 0.439663   4.79918 -0.673968   7.66504
   553.817  0.239283 -1.64114 0.463112   4.94044 -0.636858   7.64588
   553.822  0.224628 -1.59291 0.486028   5.10683 -0.549469   7.66743
   553.827  0.221164 -1.54282 0.510542   5.30435 -0.486023   7.73447
   553.832  0.229957 -1.50205 0.530527  5.49948 -0.45849  7.79791
   553.837  0.244879 -1.47061 0.546781   5.63595 -0.460884   7.77756
   553.842  0.256337 -1.43756 0.559571   5.71855 -0.507571   7.65785
   553.847  0.260867 -1.40079 0.571828   5.77601 -0.551863   7.49744
   553.852  0.260067 -1.36322 0.586217   5.84065 -0.612916    7.3502
   553.857  0.255005 -1.32698 0.600606   5.89812 -0.657208    7.2257
   553.862  0.247277 -1.29181 0.617394   5.94121 -0.694318   7.11317
   553.867  0.235819  -1.2561 0.634447  5.97353 -0.76375  6.98987
   553.872    0.2177 -1.22519 0.650435   5.99508 -0.853533   6.87136
   553.877  0.191853 -1.20654 0.666689   5.97952 -0.906205   6.75763
   553.882  0.191853 -1.20654 0.666689   5.97952 -0.906205   6.95037
   553.887  0.166006 -1.20494 0.688006   5.96037 -0.921768   6.64391
   553.892  0.145222 -1.22253 0.714386   6.01064 -0.963666   6.56011
   553.897  0.127902 -1.25877 0.736769  6.16028 -1.03549  6.54575
   553.902  0.116178 -1.31179 0.750625  6.33985 -1.06542  6.61159
   553.907  0.111381 -1.37042 0.757819  6.48829 -1.06662  6.69658
   553.912  0.110848 -1.41625 0.760484   6.5661 -1.04148  6.71454
   553.917  0.113779  -1.4317 0.765813  6.62595 -1.01634   6.6882
   553.922  0.118309 -1.41545 0.770876  6.71813 -1.01514  6.69658
   553.927  0.120441 -1.37761 0.775939   6.79594 -0.994791   6.75644
   553.932  0.119375 -1.32911   0.7826   6.86058 -0.980426   6.83305
   553.937  0.116178 -1.27769 0.784998   6.92164 -0.973243    6.8977
   553.942  0.114579 -1.22919  0.78713   6.94438 -0.952892    6.9384
   553.947  0.116444 -1.18523 0.790861   6.94917 -0.963666   6.92283
   553.952  0.119375 -1.14526 0.797789   6.92523 -0.986411   6.83545
   553.957  0.123106 -1.10609 0.809779  6.8953 -1.0331  6.7289
   553.962  0.127902 -1.06638 0.823369   6.8546 -1.06662  6.63433
   553.967  0.133498 -1.02748 0.842021  6.80672 -1.10492  6.52779
   553.972   0.137495 -0.990175  0.866536    6.772 -1.17076   6.3985
   553.977   0.137495 -0.957133  0.895314  6.77918 -1.24858  6.29795
   553.982   0.134031 -0.932885  0.925424 6.82467 -1.3216 6.26682
   553.987   0.130034 -0.918763  0.955002  6.87016 -1.36829  6.25126
   553.992   0.128435 -0.909436  0.986178  6.90009 -1.39582  6.22014
   553.997   0.132965 -0.902242   1.01549  6.93959 -1.44011  6.20577
   554.002    0.14389 -0.900377   1.04267  6.99586 -1.47842  6.24288
   554.007   0.156413 -0.904107   1.06772  7.08444 -1.51553  6.29914
   554.012   0.167338 -0.904374    1.0885  7.18021 -1.52032  6.34104
   554.017    0.17853 -0.888386   1.10822  7.25802 -1.50356  6.38773
   554.022  0.193185 -0.85641  1.12314  7.33943 -1.49877  6.46434
   554.027   0.213969 -0.815109    1.1354 7.42442 -1.4856 6.54814
   554.032   0.238217 -0.770876   1.14819  7.54174 -1.49997  6.64511
   554.037   0.264864 -0.726377   1.15511  7.67461 -1.55384  6.76003
   554.042   0.292842 -0.677348   1.16018  7.76559 -1.60771  6.86418
   554.047   0.321887 -0.616061   1.16417  7.81587 -1.68552  6.93361
   554.052   0.352796 -0.540919   1.16924  7.82186 -1.74657  6.98748
   554.057   0.389035 -0.458848   1.18149  7.81228 -1.81361  7.04973
   554.062   0.431669 -0.377577   1.19961   7.8027 -1.87586  7.14549
   554.067   0.480965 -0.300836   1.22493  7.75602 -1.92733  7.25323
   554.072   0.536922 -0.220098   1.25877  7.64349 -1.99078  7.28556
   554.077  0.592879  -0.1303  1.29874  7.50463 -2.07458  7.21972
   554.082     0.64324 -0.0359724    1.34244   7.3921 -2.15837  7.12754
   554.087   0.688273 0.0492956   1.38774  7.32745 -2.22661  7.05571
   554.092  0.728508 0.116711  1.43543  7.27358 -2.27689  6.96593
   554.097  0.762349 0.170536  1.48313  7.20056 -2.34153   6.8115
   554.102  0.785265 0.221697  1.52763  7.09522 -2.40258  6.59603
   554.107  0.793525 0.277387  1.56973  6.99825 -2.46603   6.3997
   554.112  0.786064 0.334144   1.6089  6.92403 -2.53187  5.89333
   554.117  0.763148  0.38264  1.64594  6.89291 -2.57257  6.05853
   554.122  0.728508 0.410619  1.67552  6.94558 -2.61207  5.66827
   554.127  0.687207 0.412484  1.69577  7.00663 -2.62285  5.65151
   554.132  0.645372 0.393032  1.71149    7.021 -2.61447  5.69102
   554.137  0.608067  0.36079  1.71922  7.02219 -2.59531  5.76165
   554.142  0.579822  0.32615  1.72455  6.99466 -2.54863  5.58567
   554.147  0.563835 0.293908  1.73147  6.97192 -2.54623  6.10162
   554.152  0.560371 0.263798  1.73813  6.98628 -2.55461  6.34583
   554.157  0.568364 0.236352  1.74506  7.03057 -2.55102  6.57568
   554.162  0.585418 0.216634  1.74799  7.09641 -2.53785  6.78636
   554.167  0.613663 0.208374  1.74879  7.15148 -2.54384   6.9384
   554.172  0.648836 0.213703  1.74666  7.18261 -2.58933  7.03895
   554.177  0.685075 0.237152  1.73947  7.20535 -2.63602  7.13113
   554.182  0.721314 0.270459  1.73041  7.25802 -2.66834   7.1443
   554.187  0.750358 0.309896  1.71948  7.21014 -2.48877  7.10719
   554.192  0.767412 0.362655  1.70962  7.08444 -2.81438  7.08923
   554.197   0.77434 0.429005  1.70216  6.95037 -2.77249  7.08923
   554.202  0.773541 0.503881   1.6979  6.75165 -3.02029   7.0617
   554.207  0.768744 0.588616  1.70056  6.53976 -2.69946  7.01262
   554.212  0.764747 0.681877  1.70829   6.3997 -2.73298  6.96593
   554.217  0.759951 0.771675  1.71682  6.31351 -2.48518  6.92283
   554.222  0.745029 0.846018  1.71655  6.28119 -2.78446  6.85221
   554.227  0.714386  0.90091  1.70829  6.22492 -2.74495  6.71334
   554.232  0.671752 0.946208  1.70403  6.08965 -2.79882  6.57089
   554.237  0.626187 0.992306  1.70403  5.95677 -2.87903  6.46674
   554.242  0.57849 1.03334 1.70216  5.87298 -2.94607  6.38414
   554.247  0.529461  1.05786   1.6995  5.8622 -2.9736 6.35301
   554.252  0.486028  1.05812  1.69817  5.88495 -3.01669  6.40928
   554.257  0.457516  1.03387  1.70349  5.89692 -3.16035  6.55892
   554.262  0.443127 0.986178  1.70509 5.93044 -3.2226 6.73489
   554.267  0.438864 0.915832   1.7027  5.84425 -3.23337  6.90248
   554.272  0.447391  0.83989  1.70856  6.07768 -3.28245  7.08444
   554.277  0.468974 0.770077  1.72108  5.70538 -3.34829  7.28795
   554.282  0.499884 0.711721   1.7376  5.65032 -3.41533  7.52498
   554.287   0.53559 0.666689  1.75839   5.5761 -3.45962   7.7632
   554.292  0.575293 0.636845  1.78423  5.80833 -3.51469   7.9691
   554.297  0.618459 0.629651  1.81354  5.42287 -3.54581  8.10916
   554.302  0.661626   0.6523  1.84312  5.34984 -3.59849    8.175
   554.307  0.701063  0.70506   1.8751  5.26964 -3.71341  8.15585
   554.312  0.733038 0.783133   1.9076  5.27562 -3.87741  8.14148
   554.317  0.754888 0.880392  1.94464  5.46237 -4.05099   8.1774
   554.322   0.76528 0.970456  1.98088  5.58448 -4.17788  8.17979
   554.327  0.767145   1.0456  2.00806  5.61081 -4.15514  8.20852
   554.332  0.758619  1.11168  2.03338  5.67426 -4.13359   8.2588
   554.337  0.757553  1.16338  2.06269  5.70658 -4.18626  8.19775
   554.342  0.769277  1.21454  2.06295  5.65032 -4.23654  8.02896
   554.347  0.777804  1.28035  2.06615  5.53539 -4.26647  7.85538
   554.352  0.767412  1.36136  2.08507  5.43005 -4.27844    7.762
   554.357  0.741832  1.44929  2.11278  5.32949 -4.30477  7.75721
   554.362  0.711455  1.53802  2.07175  5.26964 -4.25809  7.90685
   554.367  0.682144  1.62515  2.16394  5.25886 -4.11803  8.12712
   554.372  0.660294  1.69417  2.11571  5.18943 -3.99832  8.24802
   554.377  0.646172  1.74693  2.20178   5.0781 -3.99951     8.26
   554.382  0.632315  1.79915  2.20391  4.94642 -4.15753    8.175
   554.387  0.601139  1.86417  2.19352  4.81713 -4.16232  8.06607
   554.392  0.549979  1.95344  2.19192  4.85185 -4.08092  8.07444
   554.397  0.496153  2.05363  2.17993  4.97395 -4.05458  8.19056
   554.402  0.446591  2.13836  2.14662  5.04578 -4.07852  8.35576
   554.407  0.404757  2.19379  2.09892  5.04578 -4.09408  8.49582
   554.412  0.374113  2.21457  2.04856   4.9967 -4.06895   8.5868
   554.417  0.354395   2.2223  1.99207   4.9548 -4.02944  8.62631
   554.422  0.345868  2.15861  1.91933   4.9141 -3.98635  8.63948
   554.427  0.345069  2.08587  1.83646  4.81235 -3.90494  8.65863
   554.432  0.347467  2.01179  1.75839  4.68186 -3.76608  8.65504
   554.437  0.361856  1.94011  1.69657    4.543 -3.61165  8.61553
   554.442  0.396496  1.85991  1.64407  4.45561 -3.59011  8.59878
   554.447  0.444193  1.82367  1.58305   4.4173 -3.68348  8.62152
   554.452  0.493755  1.69204  1.51058  4.40294 -3.80678  8.63948
   554.457  0.537455  1.41252  1.42957  4.37899 -3.91931  8.64786
   554.462  0.573161  1.28488  1.34297   4.2545 -3.96121  8.65265
   554.467  0.601139  1.19588  1.25797  4.04381 -3.93966  8.65983
   554.472  0.623522  1.15032  1.18256  3.82234 -3.88459  8.72686
   554.477  0.639776  1.13513  1.11888 3.62243 -3.8391 8.87531
   554.482   0.6523 1.13939 1.06825 3.41772 -3.8415 9.01417
   554.487  0.661093  1.16844  1.02801  3.19865 -3.85945  9.06804
   554.492  0.664025  1.22946  0.99577  2.99993 -3.86185  9.07163
   554.497  0.649103  1.31313 0.969657  2.86466 -3.82474  9.09916
   554.502  0.635247  1.39999 0.947807   2.8096 -3.77566  9.14106
   554.507  0.621923  1.47567 0.922227 2.87663 -3.7972 9.14226
   554.512  0.676815  1.52763 0.885188 3.01909 -3.8391 9.14824
   554.517  0.598741  1.54602  0.83536  3.20344 -3.90853   9.2093
   554.522  0.595011  1.53323 0.769011  3.36864 -3.97437  9.27514
   554.527  0.598208  1.50551 0.693335  3.42491 -3.97318  9.32063
   554.532  0.610998   1.4778 0.613663   3.4261 -3.97198  9.39365
   554.537  0.635513  1.45062 0.533991  3.35069 -3.98874  9.47266
   554.542  0.66509 1.42771 0.46551  3.14239 -4.09289  9.48702
   554.547  0.685342  1.42238 0.411951    2.806 -4.26168  9.39006
   554.552  0.691204  1.44742 0.384505  2.39779 -4.41371  9.22127
   554.557  0.684809  1.49992 0.389835  2.01831 -4.55617  9.09797
   554.562  0.672818  1.56014 0.431136  1.67115 -4.61602  9.08959
   554.567  0.664557  1.61396 0.507078  1.38983 -4.63039  9.15423
   554.572  0.665357   1.6574 0.605669  1.18393 -4.58849  9.22965
   554.577  0.673351  1.69337 0.716251  1.05465 -4.51427  9.27753
   554.582  0.684009  1.72774 0.827899 0.999579 -4.42808  9.31584
   554.587  0.691204  1.76292 0.929688  1.01754 -4.33231  9.33619
   554.592  0.691204  1.80422  1.01629  1.09415 -4.26168  9.32182
   554.597  0.68321 1.85351 1.08104  1.18992 -4.17549  9.32901
   554.602  0.669087  1.90707  1.12634  1.28569 -4.08092  9.36851
   554.607   0.6523 1.95743 1.14899  1.40899 -4.02346  9.41759
   554.612  0.636579  1.99527  1.15005  1.53349 -3.90973   9.4966
   554.617  0.628052  2.01046   1.1354   1.6508 -3.76847  9.62469
   554.622  0.630717  2.00486  1.10529  1.74537 -3.62841  9.76715
   554.627  0.648037  1.99074  1.06505  1.78129 -3.49314   9.9084
   554.632  0.678413  1.98248  1.01895  1.78488 -3.39857  10.0449
   554.637  0.715985  1.99314  0.96193  1.72502 -3.28963  10.1107
   554.642  0.745829   2.0403 0.899577  1.53947 -3.25133  9.97784
   554.647  0.747161   2.1357 0.829764  1.30604 -3.33871  9.67856
   554.652  0.714652  2.26147 0.765547  1.08577 -3.39737  9.40921
   554.657  0.666156  2.38138 0.718116 0.940921 -3.40455  9.29549
   554.662  0.622456  2.46584 0.685075 0.831985 -3.36385  9.30985
   554.667  0.594744  2.50555 0.662692 0.699107  -3.3052  9.35175
   554.672   0.58302  2.51008 0.644573  0.54109 -3.24654  9.34337
   554.677  0.58302 2.49702 0.62592 0.383072 -3.20464  9.25957
   554.682  0.582753   2.4813 0.607268 0.201113 -3.19506  9.08001
   554.687  0.570496  2.47384 0.593945 -0.0143652   -3.19387    8.84179
   554.692  0.544383   2.4829 0.589149 -0.23942  -3.1364  8.65983
   554.697  0.512141  2.50581 0.589948 -0.440533  -2.99874   8.59997
   554.702  0.482031  2.53299 0.592879 -0.612916  -2.81558   8.62391
   554.707   0.45645  2.55351 0.593145 -0.729034  -2.66834   8.65863
   554.712  0.437798  2.55857 0.584086 -0.796072  -2.55342   8.66103
   554.717  0.425807  2.54312 0.567565 -0.824802  -2.48758   8.65983
   554.722  0.418613  2.50448 0.540119 -0.827197  -2.46722   8.65384
   554.727  0.415149  2.45119 0.503348 -0.885855  -2.43849     8.588
   554.732  0.412217  2.40456 0.459648 -1.01035 -2.45406  8.44555
   554.737  0.402891  2.37525 0.404757 -1.16238 -2.49476  8.26119
   554.742  0.383173  2.36139 0.346934 -1.35991 -2.50194  8.07804
   554.747  0.350931   2.3502 0.290711 -1.53349 -2.50194  7.95713
   554.752  0.316824  2.32329 0.245412 -1.68073  -2.4768  7.95474
   554.757  0.292309  2.26813 0.219032 -1.83516 -2.46722   8.0505
   554.762  0.280052  2.19352 0.206508  -2.0243 -2.41934  8.14867
   554.767  0.279786  2.11971 0.206775 -2.21823 -2.33554  8.20014
   554.772  0.285914  2.05869 0.212904 -2.35709  -2.2697  8.23605
   554.777  0.293109  2.01206 0.219832 -2.46244 -2.23259  8.27316
   554.782  0.299237  1.97822 0.228358 -2.57018 -2.21703  8.30429
   554.787  0.303234   1.9593 0.237152  -2.6851 -2.19668  8.33062
   554.792  0.304034  1.95903  0.24781 -2.79762 -2.16795  8.35816
   554.797  0.305366  1.97609 0.257669 -2.87903 -2.12485  8.40485
   554.802  0.311495  1.99927 0.263798 -2.93409 -2.07458  8.48625
   554.807  0.320554  2.01632 0.262199 -2.95085 -2.08176    8.588
   554.812  0.331479  2.02165 0.250208 -2.96163 -2.11887  8.68497
   554.817  0.345868  2.02458 0.229957 -3.04782 -2.12964  8.73046
   554.822  0.364787  2.04164 0.201446 -3.20224 -2.11767  8.70412
   554.827  0.385038  2.07867 0.169204 -3.38061 -2.09134  8.58561
   554.832  0.400227   2.1325 0.140692 -3.54102  -2.1045  8.41083
   554.837  0.405556  2.19325 0.110315 -3.66792 -2.13683  8.22887
   554.842   0.402625   2.25187 0.0799387 -3.78643  -2.1045  8.04931
   554.847   0.394897   2.30144 0.0487626 -3.85826 -2.04824  7.89727
   554.852   0.387969   2.32835 0.0159877 -3.86065 -1.96205  7.82186
   554.857    0.387703    2.32115 -0.0173201 -3.82234 -1.87227  7.82186
   554.862    0.39623   2.28039 -0.057023 -3.77925 -1.77291  7.84939
   554.867   0.415948    2.2207 -0.102322 -3.77925 -1.64721  7.86495
   554.872  0.446325  2.16048 -0.15668 -3.81396 -1.49757  7.85178
   554.877  0.486028  2.10665 -0.22143 -3.82593 -1.34195  7.86376
   554.882   0.536389   2.05043 -0.294974 -3.78882 -1.19471  7.92481
   554.887   0.597675   1.98674 -0.373847  -3.7565 -1.11929   7.9703
   554.892   0.666689   1.92546 -0.453519 -3.7972 -1.1133 7.94516
   554.897    0.73517   1.87989 -0.536123 -3.86544 -1.16598  7.90206
   554.902   0.801253   1.84818 -0.624855  -3.9241 -1.20428  7.90685
   554.907   0.869734   1.81861 -0.715452 -3.99113 -1.24139  7.96192
   554.912   0.943277    1.7821 -0.798055 -4.09768 -1.32399  8.00621
   554.917    1.01522    1.7448 -0.864671 -4.27724 -1.45687  7.98347
   554.922    1.08504   1.72215 -0.913433 -4.50948 -1.61369  7.89249
   554.927    1.14712   1.72854 -0.948873 -4.76925 -1.80643  7.67342
   554.932   1.18096  1.77437 -0.97392 -5.04339 -2.04106  7.28316
   554.937    1.17004   1.85991 -0.990708 -5.31393 -2.28167   6.8139
   554.942    1.11861   1.96836 -0.990441  -5.5737 -2.41575  6.45118
   554.947     1.0432   2.07628 -0.966193 -5.81073  -2.4373  6.24288
   554.952   0.958732   2.17247 -0.925424 -6.05254 -2.35829  6.07768
   554.957  0.875862   2.2604    -0.87  -6.2764 -2.26491  5.89931
   554.962   0.794591   2.33981 -0.810579 -6.42245 -2.22421  5.71017
   554.967  0.710389  2.40509 -0.75249 -6.50026 -2.19309  5.55455
   554.972   0.628585   2.44266 -0.700263 -6.50385 -2.13802   5.4911
   554.977   0.554508   2.44186 -0.655764 -6.49188 -2.09732  5.48512
   554.982   0.491357   2.40429 -0.615795 -6.52061 -2.06979  5.52821
   554.987   0.444726   2.34194 -0.577424 -6.58765 -2.06021  5.59525
   554.992   0.413017   2.27186 -0.540119 -6.69419 -2.04106  5.64912
   554.997   0.392766   2.20684 -0.508144 -6.78756  -2.0219  5.71257
   555.002  0.387703  2.14662 -0.48283  -6.8115 -1.97282  5.81552
   555.007   0.401559    2.0856 -0.464711 -6.76362 -1.92733  5.92804
   555.012    0.43007   2.02298 -0.461513 -6.69658 -1.93451  5.97234
   555.017   0.464178   1.96409 -0.473504 -6.65828 -1.95606   5.9448
   555.022   0.496686   1.90894 -0.499617 -6.61278 -2.00634   5.9041
   555.027   0.526263   1.85351 -0.537455 -6.59483 -2.03986  5.88136
   555.032  0.554508  1.80368 -0.57476 -6.70137 -2.07218  5.84065
   555.037   0.580888   1.77624 -0.605669 -6.90248 -2.18351  5.71137
   555.042   0.596876   1.78317 -0.627519 -7.15268 -2.28527  5.51863
   555.047   0.596343   1.81941 -0.634447 -7.39569 -2.34871  5.35703
   555.052    0.58302   1.87137 -0.626453 -7.60997  -2.3954  5.22774
   555.057  0.562236  1.92919 -0.60487 -7.78235 -2.47201   5.0805
   555.062    0.53559   1.98328 -0.575293 -7.85298 -2.57496  4.93684
   555.067   0.502282   2.02059 -0.540386 -7.86136  -2.6432  4.81474
   555.072   0.464711   2.03977 -0.507611 -7.89608 -2.65158  4.73573
   555.077   0.427939    2.0459 -0.475902 -7.99185 -2.58095  4.72376
   555.082    0.40076    2.0435 -0.442861 -8.11994   -2.478  4.72615
   555.087   0.386371   2.03657 -0.408753 -8.20852 -2.40976  4.69623
   555.092   0.382907   2.02565 -0.376245 -8.23486  -2.3547  4.63517
   555.097   0.387436   2.00726 -0.346934  -8.2157 -2.33674  4.55976
   555.102   0.396496   1.98062 -0.322153 -8.16902 -2.33315  4.47955
   555.107   0.406622   1.94757 -0.301103 -8.10078 -2.34751  4.39097
   555.112   0.415415   1.91267 -0.289645 -8.03255 -2.36188  4.30118
   555.117  0.424208  1.87909 -0.28698 -8.02417 -2.33315  4.23415
   555.122   0.435933   1.84499 -0.294708   -8.011 -2.30921  4.22936
   555.127  0.455651  1.80102 -0.31256 -7.97149 -2.27808  4.27006
   555.132    0.48656   1.74746 -0.332812 -7.94875 -2.23738  4.30717
   555.137   0.528662   1.69497 -0.355194 -7.94157 -2.23259  4.31914
   555.142    0.57849    1.6534 -0.382107 -7.95833 -2.20506  4.30118
   555.147   0.631783   1.62382 -0.410885 -7.96431 -2.19548   4.2545
   555.152   0.682677   1.60117 -0.443926 -7.91403 -2.22302  4.18267
   555.157   0.730907   1.58199 -0.483096 -7.83862 -2.26611  4.09648
   555.162   0.775672    1.5644 -0.533724 -7.75602 -2.30202  4.02226
   555.167   0.820438   1.53722 -0.592346 -7.65666 -2.30442  4.02106
   555.173  0.874796  1.48899 -0.66136 -7.54892  -2.3128  4.07373
   555.178  0.943544  1.42344  -0.7389 -7.50822 -2.32716  4.12042
   555.183    1.02322   1.35896 -0.812977 -7.61835 -2.36906  4.10845
   555.188    1.10049   1.31846 -0.872398 -7.87692 -2.43251  3.99592
   555.193    1.16258   1.31393 -0.912101 -8.18099 -2.54025  3.81157
   555.198    1.20468   1.34004 -0.938747 -8.41801 -2.70665  3.44885
   555.203    1.22892   1.38294 -0.960064 -8.5868  -2.891 3.58292
   555.208    1.23612   1.42424 -0.980315 -8.67898 -3.05261  3.11366
   555.213    1.23026   1.44636 -0.998968 -8.7544 -3.1364 3.28844
   555.218    1.2164  1.44209 -1.01123 -8.84538 -3.11605  2.89938
   555.223   1.20334  1.41039 -1.01762 -8.90763 -3.08014  2.83234
   555.228   1.19455  1.35416 -1.02561 -8.95551 -3.07056  3.04662
   555.233   1.18469  1.28328 -1.02961 -9.05248 -3.08253  2.62883
   555.238   1.17084  1.21187 -1.02721 -9.15423 -3.19147  2.54384
   555.243   1.14952  1.14979 -1.01762 -9.29908 -3.27886  2.50553
   555.248    1.12287   1.10689 -0.990708  -9.5385 -3.28604  2.50074
   555.253     1.0917   1.09036 -0.945409  -9.7863 -3.26928  2.48518
   555.258    1.05652   1.09969 -0.880659 -9.95988 -3.28484  2.44448
   555.262    1.01202   1.13247 -0.805516 -10.0341 -3.36505   2.3942
   555.268   0.96113  1.18496 -0.72611 -10.0676 -3.41054  2.35111
   555.273    0.90917   1.24811 -0.646438 -10.0233 -3.42969  2.33794
   555.278   0.858009    1.3054 -0.575559 -9.85573  -3.4261  2.32716
   555.283  0.808714  1.34484   -0.522 -9.63307 -3.65235  2.30681
   555.288   0.769011   1.36722 -0.488159 -9.43675 -3.28963  2.29604
   555.293    0.74423   1.37388 -0.472971 -9.26915 -3.29801  2.28167
   555.298   0.729574   1.36162 -0.469507 -9.14226 -3.32076  2.21224
   555.303   0.720781   1.34031 -0.471372 -9.12071 -3.33871  2.09253
   555.308   0.715452   1.32725 -0.476968 -9.20092 -3.08253  1.97402
   555.313   0.714119   1.32645 -0.488959 -9.27753 -3.45364  1.90339
   555.318   0.714386   1.32059 -0.506279 -9.29908 -3.52067  1.89022
   555.323   0.717051   1.28888 -0.525464 -9.29788  -3.5494  1.89022
   555.328   0.724512   1.22573 -0.546781 -9.35415 -3.53743  1.87107
   555.333   0.739966   1.14606 -0.562236  -9.4954 -3.59011  1.85431
   555.338   0.764214   1.06345 -0.572361 -9.60673 -3.66911  1.86149
   555.343   0.794325  0.980582 -0.585418 -9.65582 -3.76129  1.87346
   555.348  0.829764 0.896913 -0.59581 -9.71328   -3.881  1.84593
   555.353   0.865737  0.820704 -0.602472 -9.59237 -3.98275  1.77291
   555.358   0.896646   0.76528 -0.598741 -10.0221 -4.06416  1.69988
   555.363   0.917963  0.740766 -0.584086 -9.83658 -4.09408    1.652
   555.368   0.930487  0.747161 -0.562769 -10.2041 -4.13838  1.65439
   555.373   0.936616  0.773274 -0.537721 -10.2268 -4.17309  1.69629
   555.378  0.940346 0.804717 -0.51374  -10.258 -4.19464  1.71425
   555.383   0.947541  0.832429 -0.492156 -10.2735 -4.21978  1.67235
   555.388   0.959531  0.852413 -0.475369 -10.2627 -4.21739  1.60172
   555.393   0.975253  0.861473 -0.463378 -10.2125 -4.20901  1.53109
   555.398   0.993639  0.852946 -0.453786 -10.1059 -4.19704  1.44131
   555.403    1.01389  0.823103 -0.451121 -9.98981 -4.18387  1.32639
   555.408   1.03601 0.772208 -0.45725 -9.92516 -4.19105  1.20069
   555.413    1.06159  0.706925 -0.474836 -9.92875 -4.19704  1.07619
   555.418    1.08797  0.632049 -0.501482 -9.96826 -4.23175 0.961272
   555.423    1.11301  0.550778 -0.529994 -10.0149 -4.24133  0.89184
   555.428    1.13833  0.464444 -0.560637 -10.0736 -4.21619 0.885855
   555.433    1.16657  0.369317 -0.613663 -10.1382 -4.18985 0.910994
   555.438    1.19961  0.262998 -0.575293 -10.1849 -4.16352 0.940921
   555.443    1.23958  0.147354 -0.673617 -10.2328 -4.16352 0.972046
   555.448    1.28648 0.0250475 -0.636312 -10.2975 -4.21739  1.01275
   555.453    1.34084 -0.104187 -0.730374   -10.41 -4.29041   1.0331
   555.458    1.39973  -0.23955 -0.749026 -10.4734 -4.43286  1.03669
   555.463    1.45489 -0.376778 -0.702395 -10.4507  -4.6244  1.03669
   555.468    1.49992 -0.512674 -0.787397 -10.4555 -4.64355  1.10253
   555.473    1.54149 -0.642441 -0.799387 -10.4818 -4.57771  1.22463
   555.478    1.58998  -0.75702 -0.814043 -10.4698 -4.53222  1.36469
   555.483      1.647 -0.856144   -0.8271 -10.4722 -4.56335  1.43293
   555.488    1.70616 -0.945942 -0.830031 -10.5608 -4.68665  1.34075
   555.493    1.75119  -1.01895 -0.819905 -10.6901 -4.84946  1.18154
   555.498    1.76638  -1.05919 -0.806315 -10.7871 -4.95839  1.10373
   555.503    1.75146  -1.06612 -0.789262 -10.8254 -4.96557  1.15879
   555.508    1.72081  -1.04187 -0.768744 -10.7775 -4.92846  1.31202
   555.513    1.68831  -1.04027 -0.749292 -10.6853 -4.83988  1.51074
   555.518    1.66406  -1.04906 -0.733038 -10.5692 -4.73334  1.69988
   555.523   1.65287 -1.06452 -0.72691 -10.4291 -4.64475  1.83396
   555.528     1.6542   -1.0853 -0.730107 -10.2891 -4.56215  1.93811
   555.533    1.66139  -1.04746 -0.737568 -10.1586  -4.5406  2.04824
   555.538    1.67338  -1.09143 -0.753023 -10.0114 -4.60046   2.1488
   555.543    1.68751  -1.21187 -0.775139 -9.78989 -4.67947  2.20267
   555.548     1.7003   -1.2593 -0.805516 -9.60673 -4.69024  2.23858
   555.553    1.70909  -1.28861 -0.838291  -9.5804 -4.57891  2.34153
   555.558    1.72028   -1.3022 -0.863871 -9.62828 -4.46758  2.51271
   555.563    1.73574  -1.30806 -0.882524 -9.64384 -4.42089  2.70066
   555.568    1.75492  -1.30993 -0.893182 -9.64504 -4.40892  2.85868
   555.573     1.7781   -1.3062 -0.896113  -9.6606 -4.42688   2.9712
   555.578    1.80315  -1.29501 -0.891317 -9.71567 -4.46997  3.01071
   555.583    1.82047  -1.27316 -0.879326 -9.79348 -4.52744  2.99275
   555.588    1.81568  -1.24198 -0.861473 -9.84855 -4.57412  2.97599
   555.593    1.79676  -1.20894 -0.836426 -9.87369 -4.59687  3.01071
   555.598    1.84099  -1.18363 -0.805516 -9.87728 -4.60285  3.10049
   555.603    1.74959  -1.16604 -0.768478 -9.90601 -4.56814  3.16394
   555.608    1.72481  -1.14419 -0.727176 -9.97664 -4.53103  3.17112
   555.613   1.76451 -1.11142 -0.68321 -10.0676 -4.45202  3.14718
   555.618    1.66353  -1.06745 -0.630717 -10.1454 -4.35745  3.08732
   555.623    1.62196  -1.01949 -0.577957 -10.1203 -4.32153  3.00233
   555.628    1.56813 -0.978983 -0.529727 -10.0137 -4.28921  2.91374
   555.633    1.50445 -0.951271 -0.484162 -9.89404 -4.25569   2.8491
   555.638    1.43703 -0.936882 -0.446325 -9.79109 -4.20901   2.8503
   555.643    1.37308 -0.937149 -0.413017 -9.73842  -4.1312  2.90776
   555.648    1.31712 -0.951538 -0.385305 -9.68694 -4.08571  2.98916
   555.653    1.27183 -0.980049 -0.364521 -9.61871 -4.01268  3.08972
   555.658    1.24145  -1.02428 -0.344536  -9.5385 -3.93008  3.21661
   555.663    1.22306   -1.0853 -0.328815 -9.43675 -3.87262  3.35547
   555.668     1.2124  -1.15645 -0.314426 -9.35175 -3.83192  3.47997
   555.673    1.20787  -1.22866 -0.301902 -9.27993 -3.80798  3.60327
   555.678    1.20654  -1.29874 -0.290444 -9.22965 -3.77087  3.74214
   555.683    1.20761  -1.36855 -0.279253 -9.17817 -3.73017  3.90015
   555.688    1.21374  -1.44183 -0.271259 -9.07283 -3.70263  4.09408
   555.693    1.22839  -1.52097 -0.265397 -8.93636 -3.65714  4.31435
   555.698  1.25664 -1.6033 -0.2614 -8.80348 -3.60686  4.51307
   555.703    1.29687  -1.68218 -0.260067 -8.73046  -3.5494  4.65313
   555.708    1.34164  -1.75279 -0.259801 -8.70053  -3.5099  4.75369
   555.713    1.38507  -1.81701 -0.261133 -8.68736 -3.44765  4.83868
   555.718    1.42691  -1.87776 -0.258202 -8.67898 -3.36984   4.9129
   555.723   1.46421 -1.94011 -0.25607 -8.61553 -3.33871  4.97156
   555.728    1.49512  -2.00833 -0.259268  -8.5042 -3.29442  5.01346
   555.733     1.5215  -2.08693 -0.263531 -8.36773  -3.2226  5.05177
   555.738    1.54442   -2.1754 -0.277654  -8.2181 -3.15436  5.06015
   555.743    1.56413  -2.26999 -0.301636 -8.09599 -3.06697  5.05416
   555.748    1.57852  -2.37098 -0.332812 -7.99783 -3.00472  5.05177
   555.753    1.58572  -2.47943 -0.366386 -7.91523 -2.94966  5.04578
   555.758    1.58465  -2.58895 -0.394098 -7.86495  -2.9305   4.9955
   555.763     1.5692  -2.68568 -0.417014 -7.84819 -2.94846  4.90452
   555.768    1.53562  -2.76402 -0.431669  -7.8446 -2.96522  4.86143
   555.773    1.48633  -2.83276 -0.437265 -7.79552 -2.99155  4.94762
   555.778     1.4293  -2.90471 -0.431669 -7.68419 -3.00831   5.1631
   555.783    1.37681  -2.98065 -0.414349 -7.53336 -2.99395  5.48033
   555.788    1.33471  -3.04993 -0.387436 -7.37773 -2.97719  5.85023
   555.793    1.30247  -3.09709 -0.353329 -7.27358 -2.94008  6.22373
   555.798    1.27849  -3.10749 -0.314426 -7.19817 -2.86706  6.57807
   555.803    1.26357  -3.07338 -0.270992 -7.12514 -2.75453  6.88333
   555.808    1.25637  -2.99264 -0.222496   -7.021 -2.62764  7.15627
   555.813    1.26063  -2.87406 -0.171335 -6.88094 -2.48398  7.39329
   555.818    1.27342  -2.73257 -0.120175 -6.74087 -2.35829  7.57525
   555.823     1.28861   -2.58522 -0.0764747 -6.58166 -2.27808  7.71531
   555.828     1.28861   -2.58522 -0.0764747 -6.58166 -2.27808  7.79791
   555.833     1.30407   -2.45172 -0.0429005 -6.38653 -2.17513  7.79791
   555.838     1.32032   -2.34567 -0.0189188 -6.14831 -2.06979  7.80989
   555.843     1.33844   -2.27292 -0.0125237 -5.87896 -1.99437  7.75602
   555.848     1.35789   -2.24228 -0.0263798 -5.60363 -1.89022  7.68778
   555.853     1.37948    -2.2644 -0.0554242 -5.30675 -1.78368  7.60758
   555.858     1.39626   -2.33341 -0.0980582 -5.04219 -1.69988  7.43878
   555.863   1.40426 -2.42454 -0.14842  -4.8303 -1.66756   7.2676
   555.868    1.40293    -2.517 -0.210239 -4.64116 -1.69988  7.16225
   555.873     1.3936  -2.60121 -0.279253 -4.51307  -1.6915  7.16345
   555.878    1.37921  -2.67209 -0.342138 -4.48195 -1.64123  7.27119
   555.883    1.36589  -2.73097 -0.391167 -4.51427 -1.57299  7.49146
   555.888    1.35736   -2.7808 -0.421544 -4.56933 -1.50116  7.75721
   555.893     1.3515  -2.81944 -0.433002 -4.64715 -1.45089  7.95833
   555.898    1.34564  -2.83889 -0.425274 -4.73094 -1.45567  8.05888
   555.903   1.33364 -2.83543 -0.40076 -4.76686  -1.5275  8.11754
   555.908    1.31473  -2.80851 -0.362123 -4.78481 -1.55503  8.16543
   555.913    1.28728  -2.75069 -0.308564 -4.81354 -1.53827  8.16183
   555.918    1.24704   -2.6593 -0.246478 -4.82432  -1.4856  8.12353
   555.923    1.19722  -2.53912 -0.175332 -4.79559 -1.39343  8.08282
   555.928    1.14286  -2.40402 -0.099657 -4.68426 -1.32758  8.07325
   555.933      1.0861   -2.27586 -0.0277121 -4.52504 -1.25097  8.08522
   555.938    1.02988    -2.173 0.0466309 -4.33231 -1.17795  8.11994
   555.943  0.972055 -2.10266 0.114845 -4.09887  -1.1576  8.15226
   555.948  0.915565 -2.06055  0.16494  -3.8798 -1.09894    8.175
   555.953  0.866802 -2.03924 0.198248   -3.6763 -0.997185    8.2181
   555.958  0.827632 -2.03684 0.214769   -3.4704 -0.909797   8.25281
   555.963  0.798322 -2.05389 0.219832  -3.26928 -0.831985   8.27436
   555.968  0.780469  -2.0928 0.216368    -3.055 -0.766145   8.32224
   555.973  0.774606 -2.15302 0.206508  -2.85269 -0.703895   8.37971
   555.978  0.776205 -2.22336 0.192386 -2.67672 -0.68953  8.44076
   555.983  0.781268 -2.28598 0.171602  -2.56658 -0.672771   8.52096
   555.988   0.78713 -2.32862  0.14762  -2.50673 -0.611719   8.61913
   555.993  0.793792  -2.3502 0.128168  -2.43849 -0.525527    8.7556
   555.998  0.803651 -2.36006 0.117243 -2.33195 -0.42138   8.9208
   556.003  0.816707 -2.36112 0.114845  -2.20027 -0.343568   9.03931
   556.008  0.827366 -2.34753 0.115112 -2.07458 -0.28491  9.03213
   556.013  0.825501 -2.31023 0.119375  -1.96205 -0.258574   8.89566
   556.018  0.805516 -2.24548 0.123905  -1.84593 -0.253785   8.72567
   556.023  0.769544 -2.16421   0.1311  -1.74058 -0.175974   8.62272
   556.028   0.72611 -2.08027 0.143357   -1.63404 -0.0933739    8.59518
   556.033  0.681877 -2.00566 0.154282  -1.50356 -0.023942   8.60117
   556.038  0.640309 -1.95344 0.166806  -1.34554 0.0191536   8.62631
   556.043  0.598741 -1.93079 0.179329  -1.17436 0.0179565   8.65265
   556.048  0.559305 -1.93372 0.184392  -1.06542 0.0311246   8.68018
   556.053  0.525464 -1.94971 0.186257  -1.00437 0.0383072   8.71011
   556.058  0.496686 -1.96436 0.184658 -0.952892 0.0658405   8.74841
   556.063  0.475369 -1.96783 0.182793 -0.92895 0.152032  8.79031
   556.068  0.464977 -1.95717 0.179596 -0.913388  0.243011   8.83101
   556.073  0.466043 -1.93718 0.178796 -0.939724  0.361524    8.8789
   556.078  0.474836 -1.91906 0.187057 -0.96606 0.429759  8.90882
   556.083  0.484962 -1.91054 0.198515 -0.933739  0.422577    8.9196
   556.088  0.491623 -1.91507 0.209706 -0.848745  0.416591   8.92199
   556.093  0.493755 -1.92626 0.220631 -0.761356  0.423774   8.90284
   556.098  0.490291 -1.93425 0.229691 -0.694318  0.429759   8.85256
   556.103  0.481498 -1.93345 0.237152 -0.614113   0.42138   8.80707
   556.108  0.472171 -1.92892 0.242481 -0.493206  0.423774   8.78433
   556.113  0.464178 -1.93159 0.244613 -0.319626  0.444124   8.78074
   556.118  0.456717 -1.94784 0.240616 -0.106542  0.460884   8.78313
   556.123  0.450855 -1.97848 0.232888 0.0981623  0.468066    8.7556
   556.128  0.441795 -2.01765 0.223562 0.272939 0.418985  8.64666
   556.133  0.422077 -2.05443 0.209972  0.42138 0.363919  8.47906
   556.138    0.3909 -2.08587 0.196649 0.544681  0.37589  8.34978
   556.143  0.353862 -2.11571 0.185724 0.676362 0.414197  8.32344
   556.148  0.319222 -2.14769 0.172934 0.803255 0.463278  8.35098
   556.153  0.288845 -2.18046 0.161476 0.895431 0.494403  8.36773
   556.158  0.262199  -2.2151 0.145755 0.999579 0.499191  8.40963
   556.163  0.239816 -2.25267 0.128701  1.12288 0.526724  8.52096
   556.168  0.223029 -2.28705  0.11298  1.23541 0.580594  8.68018
   556.173  0.217966 -2.30757 0.100723  1.30364 0.695516  8.85376
   556.178   0.229424  -2.30623 0.0980582  1.40181 0.794875  9.03691
   556.183  0.253939 -2.28731 0.105519  1.55384 0.796072  9.18775
   556.188  0.278187 -2.25321 0.118309  1.69988 0.712275     9.25
   556.193  0.291776 -2.19672 0.135363  1.77171 0.627281  9.21409
   556.198  0.290711 -2.11651 0.161476   1.7753 0.575805  9.12909
   556.203  0.274989 -2.02378 0.199314  1.76692 0.483629  9.03093
   556.208  0.251807 -1.93398 0.242481  1.76572 0.439336  8.94953
   556.213  0.224894 -1.86604   0.3043  1.85431 0.363919  8.91361
   556.218  0.180662 -1.81807  0.35253  1.99437 0.234632  8.86693
   556.223  0.137761 -1.76691 0.389835  2.09971 0.333991  8.85615
   556.228  0.123372  -1.7003 0.432202   2.2302 0.555455  8.93756
   556.233  0.135096 -1.63368 0.472171  2.42413 0.713472  9.05607
   556.238  0.152417 -1.58519 0.508144 2.63841  0.7434 9.10635
   556.243  0.160677 -1.55641 0.533724  2.85628 0.636858  9.05607
   556.248  0.158545 -1.53829  0.54385  3.01669 0.550666  8.93636
   556.253  0.152949 -1.52097 0.551844   3.0538 0.544681  8.76038
   556.258  0.148153 -1.50152 0.560371  3.03106 0.539892  8.57244
   556.263  0.142291 -1.49379 0.571296  3.04303 0.538695  8.42759
   556.268  0.132165 -1.51164 0.586484  3.12204 0.514753  8.31506
   556.273  0.118842 -1.55161 0.601672  3.20703 0.457293  8.19056
   556.278  0.100989 -1.59664 0.615262  3.31597 0.373495   8.0948
   556.283  0.0794058  -1.63661  0.624055  3.44406 0.341174  8.10557
   556.288  0.0596876  -1.66832  0.628851  3.57215 0.349553   8.2157
   556.293  0.0444992  -1.69177  0.632049  3.68587 0.368707  8.49702
   556.298  0.0365054  -1.70563  0.634714  3.78523 0.383072  8.29591
   556.303  0.0354395  -1.71255  0.638444  3.90015 0.380678  8.67778
   556.308  0.0373047  -1.71335  0.641908  4.02346 0.356736   8.6718
   556.313  0.0370383  -1.70083  0.646971  4.08571 0.332794  8.88608
   556.318  0.0303767  -1.66486  0.656031  4.08092 0.311246   8.4635
   556.323  0.0205176  -1.61023  0.669887  4.07852 0.281319  8.39647
   556.328  0.0106585  -1.55694   0.68694  4.13479 0.215478   8.3809
   556.333  0.00293109    -1.5207    0.70426  4.23654 0.166397  8.37611
   556.338  -0.000266462     -1.50471     0.727443  4.34907 0.143652  8.35935
   556.343  -0.00266462    -1.50471    0.754089   4.50469 0.0586579   8.33422
   556.348  -0.00959265    -1.50791    0.770876     4.65792 -0.00718261     8.30549
   556.353  -0.0167871   -1.50125   0.783933   4.75848 0.0047884   8.26718
   556.358  -0.0218499   -1.47753   0.793259    4.85065 0.00837971    8.21211
   556.363  -0.0271792   -1.44236   0.800187    4.94881 -0.0191536    8.16303
   556.368  -0.0349066   -1.40293   0.805516   5.06015 -0.112527   8.15106
   556.373  -0.0455651   -1.36162   0.802052   5.14873 -0.122104   8.23127
   556.378  -0.0519602   -1.32139   0.799654    5.20619 -0.0742203    8.35098
   556.383  -0.0455651   -1.28994   0.801519   5.25288 -0.146046   8.44555
   556.388  -0.0269127   -1.27289   0.800986   5.31992 -0.232238    8.5066
   556.393  -0.00133231    -1.27183    0.792193   5.38695 -0.246603   8.56526
   556.398  0.0309096  -1.28488  0.781002   5.41209 -0.246603   8.62152
   556.403  0.0711455  -1.30886  0.775139    5.4109 -0.262165   8.61553
   556.408  0.116977 -1.33764 0.771409   5.40252 -0.265756   8.51019
   556.413  0.162542 -1.35763 0.772741  5.35583 -0.29329  8.32584
   556.418  0.199314 -1.35629 0.781002  5.30435 -0.33878  8.12831
   556.423  0.226493 -1.33578 0.792459   5.29597 -0.405817   7.99424
   556.428  0.247544 -1.31526 0.807648   5.35104 -0.470461   7.90087
   556.433  0.265663 -1.31286 0.821504   5.42287 -0.466869   7.80629
   556.438  0.281917 -1.33178 0.836692   5.48871 -0.432153   7.69856
   556.443  0.298704 -1.36455 0.860141   5.59525 -0.462081   7.46751
   556.448  0.309363  -1.3912 0.887054   5.75446 -0.542287   7.11437
   556.453  0.297905 -1.38108 0.915299   5.54617 -0.651223   6.88572
   556.458  0.261666 -1.33151 0.937149   6.06451 -0.696713   6.94438
   556.463  0.213969 -1.28009 0.945675   5.99269 -0.636858   7.16225
   556.468  0.171602  -1.2601 0.944343   6.42843 -0.521936   7.29513
   556.473  0.143623  -1.2657 0.935816   6.42963 -0.410606   7.28915
   556.478  0.128968 -1.26436 0.928622   6.38653 -0.356736   7.26161
   556.483  0.124971 -1.24172 0.923559   6.36977 -0.384269   7.24845
   556.488  0.127103 -1.20974 0.923825   6.39372 -0.456095   7.20176
   556.493  0.127369 -1.18602  0.93102   6.40808 -0.530316   7.10479
   556.498  0.119109  -1.1687 0.944343   6.37815 -0.568623   7.00783
   556.503   0.10392 -1.14872 0.962462    6.3602 -0.600945   6.93959
   556.508  0.0881991  -1.12634  0.981115   6.39731 -0.650026    6.8941
   556.513  0.0756753  -1.11062  0.999234   6.49427 -0.738611    6.8534
   556.518  0.0602205  -1.10609   1.01629   6.59004 -0.776918    6.8115
   556.523  0.0397029  -1.10742   1.02934    6.6499 -0.748188     6.772
   556.528  0.0197182  -1.09942   1.06239   6.71574 -0.723049   6.73728
   556.533  0.00506279   -1.07358    1.08557  6.76123 -0.72664  6.66665
   556.538  -0.00826034    -1.02775     1.04826   6.77918 -0.787692   6.57568
   556.543  -0.0290444  -0.962196    1.14659    6.8558 -0.894234   6.52779
   556.548  -0.0580888  -0.887054    1.10502    6.9779 -0.979228    6.5661
   556.553  -0.0868668   -0.82177    1.19402  7.11437 -1.05943  6.65947
   556.558  -0.106585 -0.779403   1.20654 7.21612 -1.1133 6.73609
   556.563  -0.116444 -0.754888   1.21613  7.27957 -1.13844  6.80312
   556.568  -0.119375  -0.73517   1.22226 7.34062 -1.1576 6.90488
   556.573  -0.115645 -0.713054   1.22786   7.3909 -1.17555  7.03776
   556.578   -0.10392 -0.685608   1.23319 7.43998 -1.1983 7.17901
   556.583  -0.0839357  -0.649369    1.23612  7.48427 -1.20787  7.32506
   556.588  -0.0562236  -0.605136    1.23798  7.49984 -1.20309  7.45195
   556.593  -0.0215835  -0.555308    1.24278  7.45076 -1.23062  7.49505
   556.598  0.017853 -0.49562  1.25344  7.34182 -1.28688  7.42921
   556.603  0.0554242 -0.409819   1.27023  7.24605 -1.38385  7.31309
   556.608   0.085268 -0.399427   1.29208  7.17782 -1.47603  7.19338
   556.613   0.104453 -0.260867   1.31846  7.12155 -1.55384  7.08444
   556.618   0.114312 -0.200913    1.3459 7.07487 -1.6089 6.98867
   556.623    0.119109 -0.0828698    1.37495  7.03416 -1.65559  6.90129
   556.628    0.12124 -0.109783   1.40106  7.02219 -1.72622  6.82467
   556.633     0.119908 -0.00959265     1.42477  7.01501 -1.78248  6.78277
   556.638   0.116711 -0.053559   1.45329  7.00424 -1.81959  6.78038
   556.643   0.112714 0.0359724   1.48047   7.0186 -1.86029   6.8127
   556.648   0.109783 0.0596876   1.50471  7.03656 -1.88903  6.87615
   556.653   0.110848 0.0866003    1.5271  7.08564 -1.94529  6.99705
   556.658  0.116178 0.117243  1.54628  7.12874 -1.97522  7.17542
   556.663  0.127103 0.157479  1.56946  7.12754 -1.95487  7.37055
   556.668  0.148686 0.214502  1.59371  7.10958 -1.95965   7.5561
   556.673  0.183593 0.287513  1.61983  7.08923 -1.99317  7.74405
   556.678  0.228625 0.368784  1.64754  7.11676 -2.05303  7.93678
   556.683  0.331746 0.451654  1.67498  7.17303 -2.13563  8.08642
   556.688  0.313093 0.541452  1.69843  7.18141 -2.20865  8.11275
   556.693  0.353329 0.647237  1.71655  7.15507 -2.26491  8.03135
   556.698  0.450855 0.764481  1.73147  7.13831 -2.32118  7.90087
   556.703  0.468708 0.878527  1.74053   7.1419 -2.41455  7.75482
   556.708  0.475103 0.976319    1.744  7.15507 -2.49835  7.61596
   556.713  0.471905  1.05013  1.74373   7.1838 -2.55581  7.52138
   556.718  0.462579  1.10102  1.73547  7.17901 -2.56778  7.45195
   556.723  0.450322  1.14019  1.72268   7.1024 -2.53307  7.38013
   556.728  0.436466  1.17563  1.70376 7.03536 -2.5175 7.32027
   556.733  0.422077  1.20201  1.68085  6.99346 -2.45286  7.30351
   556.738  0.414349  1.21001  1.66086  6.94558 -2.36787  7.33224
   556.743  0.415149  1.19802  1.63874  6.91445 -2.33315  7.38611
   556.748  0.423942  1.17323  1.61396  6.84383 -2.33794  7.43878
   556.753  0.435133  1.14979  1.59078  6.71454 -2.38822  7.46033
   556.758  0.441262  1.14232     1.57  6.55892 -2.42174  7.46033
   556.763  0.442328  1.15671  1.55881  6.41167 -2.46483  7.49864
   556.768  0.440196  1.18949  1.55587  6.28478 -2.52229  7.60159
   556.773  0.441795  1.23399  1.55721  6.14352 -2.55581  7.74045
   556.778  0.450855  1.28089   1.5652  6.05015 -2.60848  7.92241
   556.783  0.470839  1.32139  1.58332  5.92325 -2.58454  8.10796
   556.788  0.521734  1.37148  1.61236  5.67426 -2.38822  8.33422
   556.793  0.576358  1.44396  1.64354   5.6982 -2.76171   8.2588
   556.798  0.586484  1.52363  1.66859  5.92565 -3.26689  8.13669
   556.803   0.5657 1.57826 1.68218  5.89812 -3.41772  8.19775
   556.808  0.538254  1.60464  1.69497  5.68024 -3.34111  8.27436
   556.813  0.515338  1.62702  1.72241  5.54138 -3.29682  8.19775
   556.818  0.503081  1.66726  1.75146  5.49709 -3.33512  8.05409
   556.823  0.500683  1.71708  1.77198  5.42885 -3.35069  7.99185
   556.828  0.500949  1.74746  1.78796  5.35344 -3.34829  8.02536
   556.833  0.494821   1.7392  1.80315  5.30316 -3.35069  8.05409
   556.838  0.484429   1.7011    1.821  5.26724 -3.32076  8.03374
   556.843  0.480698  1.65313  1.83433  5.22056 -3.24773  7.99304
   556.848  0.486827  1.60757  1.84019  5.11282 -3.11246  7.97748
   556.853  0.497485  1.56467  1.84659  4.98832 -3.00233  7.98586
   556.858  0.505746  1.52363  1.85138  4.88657 -2.93409  7.99304
   556.863  0.508144  1.48873  1.85564  4.79439 -2.87663  7.97389
   556.868  0.502815  1.46608  1.85724  4.71897 -2.86466  7.94516
   556.873  0.491357  1.45835  1.85405  4.65074 -2.84311  7.96072
   556.878   0.4783 1.45675 1.84605   4.6244 -2.84671  8.06367
   556.883  0.471372  1.44876   1.8314  4.62919 -2.85269  8.22049
   556.888  0.472171   1.4349  1.80715  4.64116 -2.85269   8.3402
   556.893  0.472971  1.41945  1.77651  4.67228 -2.86825  8.40963
   556.898  0.467908  1.40133   1.7384  4.68306 -2.90058  8.47308
   556.903  0.462579  1.38267  1.69204  4.65313 -2.96282  8.51857
   556.908  0.459648  1.37361  1.63448  4.55497 -3.00472  8.53772
   556.913  0.454052  1.37308  1.58012  4.42089 -2.96642   8.5868
   556.918  0.447657  1.36749  1.53536  4.31076 -2.94008  8.68856
   556.923  0.446325  1.34963  1.49992  4.17429 -2.93769  8.81425
   556.928  0.453519  1.32485    1.473  3.97677 -2.94846  8.91481
   556.933  0.468441  1.30487  1.45435  3.72657 -2.92811  8.95671
   556.938  0.490557  1.29687  1.45089   3.4692 -2.91973  8.96269
   556.943  0.516404  1.30007  1.46048  3.24773 -2.97839  8.98185
   556.948  0.543317  1.30913  1.47647  3.05979 -3.03345  9.03452
   556.953  0.573161  1.31712  1.50471  2.91015 -3.05261  9.11832
   556.958  0.608867  1.32432  1.54468  2.81678 -3.08852   9.1686
   556.963  0.643773  1.33551  1.59025  2.78685 -3.15077  9.14705
   556.968  0.666956  1.35656  1.63235  2.83114 -3.23457  9.05248
   556.973  0.672818   1.3904  1.66432  2.86825 -3.28365  8.93037
   556.978  0.664824  1.43144  1.68857  2.91374 -3.32555  8.87171
   556.983  0.647504  1.46821   1.7019  2.96402 -3.33273  8.85017
   556.988  0.624322  1.49699  1.70616  3.01789 -3.29921  8.82263
   556.993  0.596876  1.51937  1.69923  3.06218 -3.24654  8.81784
   556.998  0.568098  1.53642  1.68058 3.08014 -3.1795 8.87171
   557.003  0.541452  1.54522   1.6526  3.06338 -3.11725  8.97945
   557.008  0.520401  1.54415  1.61609  3.01071 -3.02388  9.10874
   557.013  0.507345  1.53536  1.57959  2.92931 -2.90297  9.20571
   557.018  0.499084   1.5287  1.54335  2.85509 -2.81678  9.22965
   557.023  0.493489  1.53163  1.50152  2.77249 -2.74615  9.21049
   557.028  0.488426  1.53882  1.45835  2.68989 -2.73178  9.22127
   557.033  0.480165  1.54388  1.41332  2.59771 -2.75213  9.23803
   557.038  0.467642  1.54761  1.37361  2.46004 -2.74136  9.21887
   557.043  0.45272 1.55854 1.34457   2.3128 -2.74016  9.18775
   557.048  0.43913 1.58225 1.31979  2.17992 -2.75333  9.16261
   557.053  0.427672  1.62196  1.30087  2.04465 -2.75692   9.1267
   557.058  0.415681  1.67445  1.28355  1.96564 -2.77249  9.11113
   557.063  0.403158  1.72854  1.26783  1.91057 -2.77009   9.1674
   557.068  0.394897  1.77251  1.25451  1.88783 -2.79762   9.2895
   557.073  0.392766  1.79836  1.23852  1.87945 -2.79643  9.42597
   557.078  0.396763  1.80875   1.2228  1.84354 -2.74136  9.52174
   557.083  0.407688  1.81434  1.20708  1.76692 -2.69108  9.57082
   557.088  0.423942   1.8226  1.19109  1.64242 -2.67313  9.59117
   557.093  0.438331  1.83912  1.17537  1.49518 -2.69228   9.5373
   557.098  0.442861   1.8703  1.15991 1.35153 -2.7246 9.39844
   557.103  0.434334  1.92066  1.14446  1.20548 -2.73418  9.24042
   557.108  0.415681  1.98301  1.12714   1.0738 -2.71263  9.14106
   557.113  0.395697  2.03844  1.11275 0.968455 -2.66834  9.13268
   557.118  0.378377  2.06802  1.10049 0.912191 -2.65397  9.19134
   557.123  0.365587  2.06695   1.0869 0.882263 -2.62285  9.25957
   557.128  0.363988  2.04377  1.07464 0.834379 -2.56539  9.30866
   557.133  0.372515  2.01339  1.05732  0.76375 -2.53187  9.29669
   557.138  0.381841  1.98941  1.03494 0.635661 -2.46722  9.21409
   557.143  0.38264 1.98088 1.01256  0.47884 -2.39899  9.09198
   557.148   0.37358  1.98701 0.986977  0.35913 -2.36547  8.98424
   557.153   0.35706  2.00247 0.961397  0.25618 -2.30202  8.92558
   557.158  0.339207  2.01845 0.937681 0.185551 -2.25175  8.95072
   557.163  0.326417  2.02618  0.91823 0.123301 -2.22302  9.07163
   557.168  0.320288  2.02751  0.90091 0.0442927  -2.20147   9.22486
   557.173  0.322686  2.03471 0.875329 -0.0682347   -2.14042    9.35893
   557.178   0.33521  2.05149 0.842821 -0.166397   -2.1057   9.46308
   557.183  0.353596  2.07068 0.803651 -0.245406  -2.13204   9.50977
   557.188  0.369583  2.08587 0.763415 -0.311246   -2.1895    9.4954
   557.193  0.379975  2.09946 0.726377 -0.393846  -2.25773   9.43675
   557.198  0.383173  2.12237 0.689871 -0.554258  -2.29005   9.34218
   557.203  0.381308  2.16208 0.657629 -0.770933  -2.28886   9.27514
   557.208  0.378643  2.21297 0.629384 -0.98282 -2.29963  9.24042
   557.213  0.374913   2.2628 0.607534 -1.17555 -2.31878  9.19373
   557.218  0.366119   2.3057 0.588616 -1.32639 -2.32357  9.09916
   557.223  0.351464  2.33954 0.566499 -1.44729 -2.28167  8.96988
   557.228  0.333611  2.35793 0.542518 -1.54546 -2.21224  8.86094
   557.233  0.318689  2.35366 0.515338 -1.61249 -2.15718  8.79031
   557.238  0.308564  2.32728  0.48656 -1.68672 -2.11887  8.69574
   557.243  0.296306  2.29398 0.455384 -1.78847 -2.09971  8.52336
   557.248  0.274723  2.27106 0.415681 -1.90698 -2.07936  8.32584
   557.253  0.246211  2.26227  0.37358 -2.03268 -2.02669  8.19775
   557.258  0.217167  2.25614 0.332279 -2.12246 -1.99198  8.21091
   557.263  0.189721  2.23962 0.291776 -2.21583 -1.95367  8.31865
   557.268  0.167338  2.21377 0.255005 -2.35829  -1.8974  8.44914
   557.273  0.159611  2.18872 0.221697 -2.53426 -1.84832  8.58082
   557.278  0.167338  2.16527  0.19132 -2.71263 -1.82797  8.68736
   557.283  0.186524  2.13996 0.160144 -2.84072 -1.84473  8.74722
   557.288  0.211038  2.10719 0.128435 -2.92931 -1.90459  8.76637
   557.293  0.237152  2.06668 0.099124 -3.04423 -1.98838  8.76038
   557.298   0.261933   2.02751 0.0756753 -3.21541 -2.05063  8.69095
   557.303    0.28325    2.0046 0.0599541 -3.41892 -2.08415  8.54251
   557.308    0.29524   2.00193 0.0484962 -3.57215 -2.13323  8.36534
   557.313   0.294175   2.01179 0.0365054 -3.68468 -2.17034  8.19296
   557.318   0.280319   2.02618 0.0234487  -3.8008 -2.20386  8.01579
   557.323    0.249942    2.03764 0.00959265 -3.93367 -2.23858  7.82425
   557.328  0.205976  2.04323        0 -4.05578 -2.25055  7.66264
   557.333     0.158545      2.0427 -0.00532925 -4.12282 -2.24217  7.60877
   557.338    0.115112    2.02885 -0.0111914 -4.18746 -2.15478  7.65067
   557.343   0.0855345     2.0046 -0.0167871 -4.26407 -2.03507  7.73567
   557.348   0.0738101    1.97768 -0.0263798 -4.33111 -1.95606  7.82066
   557.353   0.0756753    1.95504 -0.0394364  -4.4592 -1.88543  7.87094
   557.358   0.0842021    1.94038 -0.0490291 -4.60285 -1.86628  7.90326
   557.363   0.0948606    1.93425 -0.0559571 -4.72137 -1.85551  7.91523
   557.368     0.10925    1.93772 -0.0594211  -4.8303 -1.83755  7.91643
   557.373    0.126303    1.94731 -0.0650168 -4.90811 -1.83755  7.91762
   557.378    0.144689    1.95344 -0.0730107 -4.96677 -1.83156  7.90565
   557.383    0.164407    1.95051 -0.0842021 -5.00628 -1.82678  7.80151
   557.388   0.186524   1.93665 -0.101256 -5.03381 -1.83037  7.67821
   557.393  0.210772  1.91347 -0.12577 -5.06852 -1.83037  7.81587
   557.398   0.234753   1.88229 -0.156413 -5.10444 -1.84593  7.62074
   557.403   0.254472   1.84259 -0.186524  -5.1619 -1.86987  7.10958
   557.408   0.262732   1.79676 -0.209706 -5.26126 -1.92015  7.23887
   557.413  0.257136  1.75359 -0.22676 -5.41449  -1.9405  6.80791
   557.418   0.243014   1.71708 -0.235553 -5.58567 -1.93571  7.04853
   557.423   0.226493   1.68191 -0.241948 -5.72094 -1.90578  6.72412
   557.428   0.213969   1.64141 -0.246744  -5.8239 -1.84473   6.7313
   557.433   0.208107   1.58625 -0.249675 -5.89213 -1.81241   6.7301
   557.438   0.208374   1.51404 -0.246478 -5.99149 -1.81241  6.67503
   557.443   0.212904    1.4405 -0.228092 -6.17225   -1.816  6.57208
   557.448   0.217433   1.38854 -0.201179 -6.36738  -1.8148  6.47272
   557.453   0.218766   1.36615 -0.172135 -6.51702 -1.77769  6.42963
   557.458   0.219032   1.36216 -0.142557 -6.55293 -1.75375   6.4009
   557.463   0.217966   1.35789 -0.114312 -6.50026  -1.7334  6.34463
   557.468    0.210239    1.34883 -0.0839357 -6.44878 -1.74178  6.29914
   557.473    0.192119     1.3443 -0.0532925 -6.43442 -1.69869  6.31112
   557.478   0.168937    1.3515 -0.028245 -6.45716 -1.63045  6.38534
   557.483    0.151351    1.37228 -0.0125237 -6.4847 -1.6101 6.49068
   557.488    0.144956    1.39866 -0.0063951 -6.46434  -1.6508  6.63314
   557.493    0.150818    1.41572 -0.0141225  -6.3602 -1.66517  6.81031
   557.498    0.170536    1.40985 -0.0349066 -6.24049  -1.6113    6.936
   557.503    0.204643    1.38854 -0.0618193 -6.21415 -1.57658  6.94318
   557.508    0.247011    1.37281 -0.0884655 -6.25725 -1.58736  6.86777
   557.513   0.289378   1.37548 -0.117776 -6.30034 -1.62207   6.7732
   557.518   0.324551   1.39227 -0.150018  -6.3195 -1.64841  6.66306
   557.523   0.348266   1.41465 -0.187323  -6.3195 -1.63285   6.5661
   557.528   0.362655   1.43543 -0.223296 -6.33865 -1.63285   6.4847
   557.533   0.371715   1.45142 -0.256603 -6.34942 -1.62327  6.38294
   557.538    0.37811   1.46341 -0.295507  -6.4021 -1.62447  6.25964
   557.543   0.384505   1.47594 -0.337608 -6.41407 -1.67834  6.14831
   557.548   0.389035   1.48819 -0.387436 -6.14831 -1.70826   6.0717
   557.553   0.393565   1.49246 -0.442061 -6.51462  -1.7358  6.01663
   557.558  0.398095  1.48633 -0.49109 -6.58645 -1.76572   5.9879
   557.563   0.402358   1.47514 -0.537988 -6.65947 -1.80643  6.01064
   557.568   0.410619   1.46155 -0.584086  -6.7301 -1.88543  6.10162
   557.573   0.426873   1.44156 -0.629118 -6.55532 -1.97163  6.19141
   557.578   0.450322   1.41625 -0.670686 -7.07606 -2.06141  6.20457
   557.583   0.478567   1.40079 -0.706126 -7.31548 -2.15119  6.15789
   557.588    0.50841   1.40719 -0.734371 -7.52258 -2.24337  6.12317
   557.593   0.537988   1.42851 -0.754089 -7.71172 -2.34273  6.09564
   557.598   0.567032   1.45009 -0.759951 -7.92122 -2.42413  6.03099
   557.603   0.593145   1.46954 -0.751158 -8.12113 -2.48877  5.93882
   557.608   0.61766  1.49379 -0.73144 -8.31267 -2.56299  5.84305
   557.613  0.641375  1.52337 -0.69973 -8.46949 -2.69587  5.71376
   557.618   0.658695   1.55694 -0.676548 -8.57244 -2.80481  5.56412
   557.623   0.662959   1.59744 -0.565433 -8.63349 -2.79882  5.44202
   557.628   0.655498   1.64221 -0.596077 -8.62631 -2.73777  5.34027
   557.633   0.645372   1.68324 -0.503881  -8.5473 -2.68989  5.24091
   557.638   0.644573   1.71309 -0.493222 -8.45871 -2.64799  5.10444
   557.643   0.650435   1.72534 -0.495354 -8.35337 -2.63721  4.93565
   557.648  0.652034  1.72028 -0.51294 -8.26239 -2.58694  4.77763
   557.653   0.648037   1.70056 -0.537455 -8.21451 -2.50314   4.6675
   557.658   0.641642   1.66806 -0.568897 -8.17261 -2.42772  4.60166
   557.663   0.638444   1.62542 -0.607268 -8.10318  -2.3954  4.57891
   557.668   0.645905   1.57293 -0.653632 -8.00741 -2.42652  4.61722
   557.673   0.659495   1.50764 -0.706126 -7.97748 -2.45765  4.71538
   557.678   0.677081   1.42504 -0.751691 -8.07444 -2.49835  4.85065
   557.683    0.70053   1.33151 -0.780735 -8.28633 -2.57137  4.96318
   557.688   0.733571   1.24172 -0.790061  -8.5485 -2.67193  5.01346
   557.693   0.770876   1.20121 -0.781534 -8.81665 -2.75453  5.01226
   557.698   0.807648   1.12554 -0.758619  -9.0417 -2.82636  4.98952
   557.703   0.840423   1.13859 -0.726377 -9.18296 -2.92093  4.98353
   557.708   0.868668   1.15698 -0.692802 -9.23922 -3.00831  5.00508
   557.713   0.897712   1.09916 -0.662959 -9.22366 -3.07056  5.02663
   557.718   0.928888   1.16551 -0.642441 -9.14346 -3.10887  5.02782
   557.723   0.961397   1.22013 -0.634181 -9.04051 -3.10169  5.00747
   557.728   0.998968   1.12794 -0.639243 -8.91361 -3.07535  4.97515
   557.733     1.0432    1.0933 -0.661626 -8.76757 -3.05141  4.91769
   557.738    1.09303   1.04986 -0.694934 -8.66581 -3.00353  4.81594
   557.743    1.14632   1.00137 -0.736769 -8.59279 -2.98557  4.69024
   557.748    1.19961  0.951271 -0.791927 -8.52096 -2.99155  4.56933
   557.753    1.25024  0.898778 -0.853746 -8.48266 -2.99754  4.45681
   557.758    1.29874  0.844686 -0.919029 -8.48266 -3.01669  4.34548
   557.763    1.34484  0.790328 -0.982181  -8.5054 -3.02148  4.25928
   557.768   1.39013 0.732505  -1.0376  -8.5461 -3.03944  4.22337
   557.773     1.477 0.670686  -1.0829 -8.65384 -3.04542  4.18387
   557.778   1.44583 0.611265 -1.11328 -8.82622 -3.06338  4.11084
   557.783   1.54175 0.558772 -1.12953 -9.01896 -3.10767  4.00311
   557.788    1.5596 0.514006 -1.13646 -9.16141 -3.18908  3.90614
   557.793   1.50285 0.467375 -1.13939 -9.21289 -3.27766  3.86544
   557.798   1.58172  0.40902 -1.13993 -9.21169 -3.32914  3.87861
   557.803   1.59425 0.338674 -1.13353 -9.23324 -3.32195  3.90135
   557.808    1.6081 0.262732 -1.11701 -9.29429 -3.29562  3.91093
   557.813   1.61876 0.189188 -1.08903 -9.40203 -3.29322  3.90015
   557.818   1.62622 0.124438   -1.048 -9.52413 -3.27287  3.88459
   557.823    1.63262 0.0716784 -0.983779 -9.63307 -3.20703  3.84629
   557.828    1.62702 0.0349066 -0.901976 -9.67138 -3.28604  3.76488
   557.833    1.60517 0.0162542 -0.833228 -9.65462 -3.36625  3.69784
   557.838    1.57879 0.0114579  -0.77434 -9.63546 -3.29801  3.65475
   557.843    1.57879 0.0114579  -0.77434 -9.56962 -3.11845  3.64996
   557.848    1.56094 0.0135896 -0.709323 -9.56962 -3.11845  3.64996
   557.853    1.54362 0.0127902 -0.652567 -9.45231 -3.24534  3.62722
   557.858    1.50738 0.0042634 -0.653366 -9.33619 -3.47997   3.6356
   557.863     1.47194 -0.0183859   -0.70053 -9.23444 -3.50751  3.70383
   557.868    1.45115 -0.057023 -0.749559 -9.17219 -3.41054  3.76488
   557.873    1.44289  -0.10845 -0.790861 -9.07762 -3.39019   3.8403
   557.878    1.44289 -0.172135  -0.83989 -8.98544  -3.4273  3.95163
   557.883    1.45382 -0.248343 -0.897979 -8.93516 -3.44645  4.07134
   557.888    1.47967 -0.336542 -0.958199 -8.94115 -3.44765  4.19344
   557.893    1.51884 -0.431669  -1.01895 -8.94953 -3.47997  4.34667
   557.898    1.56973 -0.534257  -1.08903 -8.95072 -3.53264  4.51786
   557.903    1.63075 -0.646438  -1.16844 -8.95192 -3.57933  4.67588
   557.908     1.6979 -0.769277  -1.24598 -8.99023 -3.61764  4.80037
   557.913    1.76771 -0.899577  -1.31739 -9.03452 -3.67031  4.90093
   557.918   1.84019 -1.03201 -1.37575 -9.12311 -3.64876  4.95719
   557.923   1.91267 -1.15298 -1.41039 -9.26317 -3.59489  4.96677
   557.928   1.97982 -1.25051 -1.42344 -9.39126 -3.57933   4.9548
   557.933   2.03711 -1.32192 -1.41918 -9.50259 -3.56497  4.93445
   557.938   2.08933 -1.37148 -1.39227 -9.61152 -3.35787  4.93206
   557.943   2.14849 -1.40879 -1.30833 -9.69173 -3.10767  4.93206
   557.948   2.18233 -1.43783 -1.19055 -9.71926 -3.29083  4.84227
   557.953   2.17273 -1.44742 -1.11168 -9.77313 -3.58651  4.67228
   557.958   2.12983 -1.43037 -1.06212 -9.86531 -3.72777  4.47835
   557.963   2.06375 -1.38507 -1.01229 -9.95988 -3.72298  4.29161
   557.968    1.98541  -1.31393 -0.944876 -10.0401 -3.57574  4.15873
   557.973    1.90254  -1.22759 -0.852413 -10.0437 -3.45364     4.13
   557.978    1.81967  -1.13779 -0.754622 -9.99938  -3.3878  4.17549
   557.983    1.73654  -1.05199 -0.659228 -9.94911 -3.33871  4.24612
   557.988     1.6494 -0.976052 -0.567832 -9.88686 -3.31477  4.31196
   557.993    1.55774 -0.911035 -0.484429   -9.827 -3.26689  4.37421
   557.998    1.46261 -0.859075 -0.406089 -9.74201 -3.23935  4.44962
   558.003    1.36589 -0.820438 -0.339207 -9.61392 -3.25731  4.54779
   558.008    1.27236 -0.796456 -0.288579 -9.47864 -3.27287  4.65553
   558.013    1.18549 -0.787663 -0.256337 -9.33858 -3.23457   4.7896
   558.018    1.11488 -0.794325 -0.234221 -9.18895 -3.10408  4.93924
   558.023    1.06079 -0.816175 -0.209706 -9.00938 -2.99634  5.07571
   558.028    1.01789 -0.850548 -0.190787 -8.82982 -2.93409  5.19183
   558.033   0.984579 -0.891317 -0.177997 -8.68377 -2.85987  5.31034
   558.038   0.958998  -0.93555 -0.173734 -8.51857 -2.80241  5.43125
   558.043   0.943011 -0.985645 -0.179329 -8.32584 -2.71622  5.58208
   558.048   0.940613  -1.04347 -0.186524 -8.16064 -2.61327  5.74489
   558.053   0.949939  -1.10369 -0.203044  -8.0098 -2.54264  5.88615
   558.058   0.966193  -1.16044 -0.229691 -7.92241 -2.44687  5.97353
   558.063   0.986444  -1.21134 -0.257403 -7.82425 -2.39181  6.03099
   558.068    1.0059 -1.25637 -0.28245 -7.74644 -2.36906   6.0717
   558.073    1.02588  -1.29581 -0.302168 -7.69018 -2.35709  6.11359
   558.078    1.04453  -1.32911 -0.323485 -7.63391 -2.36787  6.14831
   558.083    1.05866  -1.35549 -0.346135 -7.62194 -2.34871  6.17345
   558.088    1.06851  -1.37335 -0.363988 -7.63631 -2.30322  6.20577
   558.093    1.07491  -1.38294 -0.377577 -7.64229 -2.26252  6.24528
   558.098    1.07757  -1.39013 -0.386903 -7.64828 -2.20865  6.28239
   558.103   1.07677 -1.40133 -0.38717  -7.6375 -2.16316   6.3195
   558.108    1.06958  -1.41945 -0.381574 -7.62793 -2.11647  6.36738
   558.113    1.05732  -1.44583 -0.374913  -7.5968 -2.05662  6.42125
   558.118     1.0424  -1.47913 -0.367985 -7.55969 -1.97282  6.45357
   558.123    1.02721  -1.51564 -0.359191 -7.52617 -1.87466  6.46434
   558.128    1.01362  -1.55268 -0.347734 -7.50582 -1.80283  6.43561
   558.133   0.998968  -1.58572 -0.333611 -7.47589 -1.79924  6.38174
   558.138   0.980049  -1.61396 -0.323485 -7.39689 -1.86029  6.34583
   558.143   0.960597  -1.64221 -0.321887 -7.31548 -1.90698  6.34703
   558.148   0.936882  -1.67605 -0.316291 -7.25922 -1.93212   6.4021
   558.153   0.904907  -1.71922 -0.308564 -7.16944 -1.98599   6.4835
   558.158   0.871865  -1.76611 -0.303767 -7.08325 -1.97522  6.58046
   558.163   0.848683  -1.80795 -0.294175 -7.02938 -1.90339  6.69179
   558.168   0.837758  -1.83779 -0.278986 -7.00304 -1.83156  6.80911
   558.173  0.834028 -1.85245  -0.2614 -6.96234 -1.82079  6.96473
   558.178   0.836959  -1.85431 -0.252606 -6.88932 -1.83875  7.15507
   558.183   0.851881  -1.84499 -0.254472 -6.83305 -1.80403  7.33823
   558.188   0.880126  -1.83006 -0.258202 -6.77439 -1.75974  7.52976
   558.193   0.911035  -1.82127 -0.257136 -6.69538 -1.75615   7.6794
   558.198   0.933951  -1.81834 -0.248343 -6.63673 -1.69869  7.71771
   558.203   0.951271  -1.81674 -0.228092 -6.58405 -1.60292   7.7644
   558.208   0.966193  -1.81621 -0.198515 -6.54934 -1.50356  7.80031
   558.213   0.977384  -1.81674 -0.163342 -6.47871 -1.45807  7.80151
   558.218  0.981914 -1.81914  -0.1311  -6.3578 -1.46765  7.78834
   558.223   0.978717  -1.82527 -0.103654 -6.20936 -1.48441  7.76918
   558.228    0.970456   -1.83513 -0.0815375 -6.06451 -1.45208  7.75602
   558.233    0.959265   -1.84872 -0.0594211  -5.9448 -1.36948  7.73926
   558.238    0.944343   -1.86124 -0.0362389 -5.84544 -1.30484  7.70215
   558.243    0.925957    -1.8671 -0.0167871 -5.76045 -1.24259  7.64947
   558.248    0.901443    -1.8663 0.00506279 -5.68264 -1.16358   7.5956
   558.253   0.872398   -1.8663 0.0271792 -5.57011  -1.1169   7.5561
   558.258   0.839357   -1.8751 0.0439663  -5.4504 -1.06422  7.55371
   558.263   0.803651  -1.89828 0.0580888 -5.28759 -1.04267  7.59082
   558.268   0.767945  -1.93319 0.0698132 -5.13556 -1.03789  7.62074
   558.273  0.732239 -1.96703 0.085268 -5.03381 -1.00676  7.63032
   558.278  0.697599 -1.98941 0.102855  -4.93924 -0.987608   7.65905
   558.283  0.666156   -1.995 0.118043  -4.83748 -0.961272     7.762
   558.288  0.642708 -1.98701 0.127902  -4.70939 -0.925359   7.94995
   558.293  0.630717 -1.97102 0.135896  -4.55497 -0.833182   8.20253
   558.298  0.630717 -1.95157 0.146288  -4.41251 -0.707487    8.4635
   558.303  0.638178 -1.93052 0.160144  -4.25689 -0.609324   8.68736
   558.308   0.64857  -1.9084 0.176132  -4.13598 -0.531513    8.8346
   558.313  0.654965 -1.88096 0.192919  -4.01268 -0.531513   8.91481
   558.318  0.650701 -1.84792 0.201979  -3.90494 -0.574608   8.94234
   558.323  0.636312 -1.80875  0.20491  -3.79481 -0.610521   8.94474
   558.328  0.618459 -1.76638  0.20038  -3.66911 -0.634463   8.94953
   558.333  0.598741 -1.72161 0.189188  -3.54821 -0.599748   8.96509
   558.338  0.580888 -1.67738 0.176132   -3.4273 -0.526724   8.99621
   558.343  0.567032 -1.63421 0.157479  -3.28365 -0.452504   9.02734
   558.348  0.555841 -1.59451 0.135896 -3.14359 -0.36751  9.06086
   558.353  0.543317 -1.56094 0.115112 -2.99874 -0.31364  9.09198
   558.358   0.527329  -1.53243 0.0873997  -2.86945 -0.265756   9.11233
   558.363   0.508943  -1.50551 0.0578224  -2.76051 -0.226252   9.11951
   558.368   0.490557   -1.4762 0.0239816  -2.66594 -0.181959   9.12311
   558.373   0.471905  -1.44343 -0.010392  -2.58574 -0.114922    9.1267
   558.378    0.455384   -1.40852 -0.0421011   -2.50553 -0.0466869    9.14944
   558.383    0.445792   -1.37521 -0.0727443  -2.45885 0.0227449   9.19493
   558.388    0.445525   -1.34564 -0.0980582 -2.44209 0.071826  9.23444
   558.393   0.452453  -1.31819 -0.119642 -2.43969 0.094571  9.25718
   558.398   0.464178  -1.29368 -0.137228 -2.45406 0.118513  9.27993
   558.403   0.478567  -1.27609 -0.149219 -2.48518 0.150835  9.30985
   558.408   0.493755  -1.26836 -0.153749 -2.52947 0.184354  9.32661
   558.413   0.506545  -1.27369 -0.149752 -2.56539 0.192733  9.32661
   558.418   0.517737  -1.29154 -0.140959 -2.58334 0.203507  9.30267
   558.423   0.527596  -1.31846 -0.124971 -2.58574 0.222661  9.26077
   558.428  0.537988 -1.35017 -0.10472 -2.57377 0.225055  9.20571
   558.433    0.549179   -1.38054 -0.0828698  -2.5618 0.244209  9.13867
   558.438    0.560904   -1.40452 -0.0556907 -2.52828 0.258574  9.07881
   558.443    0.572361   -1.42131 -0.0287779 -2.48638 0.270545  9.02255
   558.448     0.581421    -1.43037 0.000799387 -2.46244 0.301669  8.98185
   558.453  0.585418  -1.4349 0.031709  -2.3954 0.288501  8.97945
   558.458   0.583286  -1.44103 0.0551577 -2.28886 0.274136  9.01178
   558.463   0.578224  -1.44956 0.0767412 -2.16675 0.295684  9.06445
   558.468   0.572894  -1.45382 0.0967259 -2.04585 0.341174  9.10994
   558.473  0.568631 -1.44796  0.11751 -1.94529 0.410606  9.14824
   558.478  0.567032 -1.42957 0.138028 -1.82199  0.45011  9.20571
   558.483  0.569697  -1.3976 0.150551 -1.70228 0.476446  9.26556
   558.488   0.57476 -1.35363 0.158812 -1.58975 0.497994  9.32182
   558.493  0.580888 -1.30034 0.163874 -1.48919 0.512359  9.37928
   558.498  0.585685 -1.24198 0.166006 -1.38983 0.529119  9.43914
   558.503  0.585951 -1.18443 0.166273 -1.30364  0.56144  9.48463
   558.508  0.582487 -1.13193 0.166006  -1.2402 0.627281  9.50857
   558.513  0.576891 -1.08903 0.169737 -1.18393 0.701501  9.51336
   558.518  0.570763 -1.05812 0.175599 -1.12408 0.749385  9.77912
   558.523  0.562236 -1.03974 0.183326 -1.07859 0.762553  9.39006
   558.528   0.54838 -1.03014 0.188123 -1.02592 0.721852  9.26795
   558.533  0.528129 -1.02428 0.188655 -0.984017  0.718261   9.47984
   558.538  0.503081 -1.02215 0.192119 -0.916979   0.76375   9.16022
   558.543  0.479899 -1.02988 0.191853 -0.804452  0.841562    8.9172
   558.548  0.467908 -1.05759 0.188123 -0.68115 0.967257   9.2907
   558.553  0.469507 -1.11008 0.185191 -0.54109  1.05824  9.30387
   558.558  0.480432 -1.18043 0.176665 -0.409408   1.08577   9.23444
   558.563   0.49109 -1.25237 0.164674 -0.342371   1.08697   9.10754
   558.568  0.494554 -1.30753 0.148953 -0.310049   1.04387   8.99861
   558.573  0.489225 -1.33871 0.128968 -0.305261    1.0343   8.95791
   558.578  0.479899 -1.35203 0.110049 -0.270545    1.0331   8.97826
   558.583   0.470573  -1.35709 0.0903308 -0.213084   1.04148   9.02015
   558.588   0.464711  -1.35683 0.0730107 -0.167594   1.07021   9.05367
   558.593   0.461513   -1.3475 0.0618193 -0.166397    1.1169   9.07642
   558.598  0.459115 -1.32405 0.057023 -0.189142    1.1983   9.09438
   558.603   0.456184  -1.28728 0.0559571 -0.217872   1.21865    9.1243
   558.608    0.45192  -1.24518 0.0594211 -0.232238   1.21027   9.15064
   558.613   0.445259  -1.20574 0.0703461 -0.244209   1.17196   9.16141
   558.618   0.433268  -1.17297 0.0855345 -0.268151   1.15281   9.14585
   558.623  0.414349 -1.14499  0.10392 -0.320823   1.13605   9.09198
   558.628  0.389035 -1.11728 0.127369 -0.380678   1.14922   9.01178
   558.633  0.359458  -1.0877 0.153482 -0.457293   1.18513   8.93636
   558.638  0.329614 -1.05572 0.188389 -0.530316   1.21027   8.88129
   558.643  0.302968 -1.02455 0.228358 -0.563834   1.24977    8.8358
   558.648  0.280851  -1.0003 0.273124 -0.571017    1.2797   8.77954
   558.653   0.262199 -0.985645  0.328548 -0.544681   1.28329   8.68497
   558.658   0.241681 -0.975519  0.386371 -0.517148   1.30843   8.55448
   558.663    0.2169 -0.96193 0.445259 -0.514753   1.35871   8.44435
   558.668   0.190521 -0.942211   0.50468 -0.45849   1.4449  8.39168
   558.673   0.170536 -0.923293  0.563835 -0.451307   1.49039   8.38449
   558.678   0.159345 -0.914233  0.625654 -0.225055   1.47722   8.40125
   558.683   0.151351 -0.916631  0.680545 0.0167594    1.4449   8.43118
   558.688   0.144156 -0.923825  0.726377 0.560243   1.4054  8.46949
   558.693   0.134297 -0.928355  0.762349 0.481235  1.36829  8.52336
   558.698   0.118842 -0.926757  0.786331 0.701501   1.3623  8.59159
   558.703   0.099657 -0.918763  0.797256 1.20189 1.39941 8.68497
   558.708  0.0799387 -0.908637  0.797789 1.06781 1.45208 8.79151
   558.713  0.0623522 -0.901709  0.794858 1.52032  1.4856  8.8777
   558.718  0.0466309  -0.90091  0.787397 1.60412 1.51194 8.93875
   558.723  0.0287779 -0.902242  0.773807   1.652 1.52511 8.99262
   558.728  0.00666156  -0.900377   0.754355 1.66756 1.53708 9.02734
   558.733  -0.0162542  -0.893715   0.728508 1.68073 1.53588 9.03931
   558.738  -0.0418346  -0.882524   0.702395 1.74058 1.51792 9.04649
   558.743  -0.0687473  -0.870799   0.670953 1.81241 1.55025 9.09438
   558.748  -0.0905972  -0.866802   0.631516 1.88783 1.60292 9.18655
   558.753  -0.100989 -0.876662  0.576358 1.97043 1.59214 9.25479
   558.758  -0.103387 -0.897446  0.548913 2.01352 1.58017 9.27633
   558.763  -0.101522 -0.920628  0.586484 2.07817 1.53947 9.28352
   558.768  -0.0945942  -0.937948   0.484162 2.13563 1.51433 9.27993
   558.773  -0.0831363  -0.946475   0.522533 2.18112 1.48919 9.26197
   558.778  -0.0716784  -0.946741   0.424208  2.2302 1.43892 9.23683
   558.783  -0.0628851  -0.940346   0.465776 2.27808 1.38145  9.2081
   558.788  -0.0580888  -0.929421    0.37438 2.30921  1.3216 9.16381
   558.793   -0.05649 -0.914233  0.355194 2.33435 1.27012 9.13148
   558.798  -0.0551577  -0.896913   0.337075 2.37744  1.2378 9.14106
   558.803  -0.0514273  -0.884123   0.321087 2.41934 1.21266  9.1674
   558.808  -0.0439663  -0.880659   0.309896 2.44209 1.19351 9.18176
   558.813  -0.0346401  -0.887054   0.301902 2.46363 1.17555 9.17578
   558.818  -0.0287779   -0.90091   0.296573 2.48398 1.16238 9.17219
   558.823  -0.0269127   -0.91823   0.292576  2.5187 1.11929 9.17817
   558.828  -0.0295773  -0.888386   0.285381 2.54264 1.08577 9.18057
   558.833  -0.0362389  -0.972055   0.280319 2.54025 1.08577 9.17219
   558.838  -0.0452986  -0.979783   0.276855 2.54025 1.05465 9.13986
   558.843  -0.0562236   -0.97925   0.271525 2.53905 1.02113 9.09916
   558.848  -0.0714119  -0.976052   0.271525  2.57018 0.994791  9.08839
   558.853  -0.0905972  -0.977651   0.274723   2.6432 0.949301  9.09677
   558.858  -0.110315 -0.987776  0.277121   2.727  0.9086 9.11832
   558.863  -0.128168   -1.0051  0.278986 2.83713 0.84635 9.14944
   558.868  -0.143623  -1.02375  0.276588  2.94008 0.810437  9.17817
   558.873  -0.154015  -1.03654  0.275789  3.01909 0.814029  9.20331
   558.878  -0.159877     -1.04  0.274723   3.0969 0.798466  9.23683
   558.883  -0.161743  -1.03387  0.270459  3.16753 0.770933  9.27873
   558.888  -0.160144  -1.01922  0.264864  3.23457 0.754174   9.3338
   558.893  -0.155348 -0.999767    0.2606  3.29562 0.762553  9.40203
   558.898  -0.145755 -0.978717  0.260067  3.33871 0.767342  9.46548
   558.903  -0.130567 -0.954735  0.262466  3.34949 0.739808  9.48224
   558.908  -0.111914 -0.923825  0.268328  3.32674 0.702698  9.44752
   558.913  -0.115112  -0.88732  0.276588    3.304 0.650026  9.39485
   558.918  -0.123905 -0.851348  0.288845  3.28125 0.612916  9.34577
   558.923  -0.135096 -0.822303  0.305632  3.27886 0.580594  9.31464
   558.928  -0.0786064  -0.804717   0.324018   3.3028 0.535104  9.29429
   558.933   -0.15668 -0.798322  0.345069  3.34231 0.503979  9.28352
   558.938  -0.163608 -0.798855  0.366919  3.40216 0.488417  9.27035
   558.943  -0.168138  -0.79992  0.385838  3.44526 0.492008  9.23084
   558.948  -0.171602 -0.792992  0.407688  3.47638 0.486023    9.165
   558.953  -0.176398 -0.777005  0.427139  3.54102 0.429759  9.10994
   558.958   -0.18306 -0.755688  0.440196 3.60327 0.39624 9.09078
   558.963  -0.188123 -0.733838  0.450588 3.67749 0.40462 9.11233
   558.968  -0.189455 -0.715452  0.459381  3.74812 0.456095  9.14705
   558.973  -0.187323 -0.696533  0.473237  3.80678 0.512359  9.17219
   558.978  -0.183859 -0.672018  0.488959  3.86424 0.509965  9.16141
   558.983  -0.179596 -0.636579  0.500683  3.90494 0.490811  9.13627
   558.988  -0.172401 -0.591547  0.509476 3.93487 0.48722 9.13508
   558.993  -0.160677  -0.54385  0.518536  3.95043 0.486023  9.14705
   558.998  -0.145755 -0.498018  0.529727  3.95402 0.466869  9.17338
   559.003  -0.127902 -0.458049   0.54385  3.95283 0.423774  9.19852
   559.008  -0.111381 -0.427139  0.562236  3.93607 0.372298  9.19972
   559.013  -0.100989  -0.40449  0.582221  3.93128 0.301669  9.17578
   559.018  -0.0948606  -0.389035    0.60034  3.92888 0.269348  9.16261
   559.023  -0.0884655  -0.378377   0.620591  3.94205 0.274136   9.1662
   559.028  -0.0812711  -0.367985   0.637911   3.9636 0.280122  9.13747
   559.033  -0.0764747  -0.353329   0.651767  3.96719 0.294487  9.06684
   559.038  -0.0756753  -0.332279   0.661626  3.99233 0.288501    9.001
   559.043  -0.0762083   -0.30883   0.665623  4.02585 0.296881  8.97466
   559.048  -0.0764747  -0.285648    0.67042  4.04859 0.341174  8.96988
   559.053  -0.0759418  -0.262998   0.676282  4.08211 0.349553  8.94474
   559.058  -0.0770077  -0.236885   0.679213  4.07852 0.343568  8.88847
   559.063  -0.0807381  -0.203311   0.683476   4.0474 0.326809  8.83341
   559.068  -0.0879326  -0.161743   0.686674  4.01029 0.310049   8.7963
   559.073  -0.0943277  -0.114579   0.692802  3.97797 0.305261  8.78313
   559.078  -0.0985911 -0.0671485   0.702395  3.98874 0.282516   8.7939
   559.083  -0.0985911 -0.0261133   0.713853  4.03303 0.262165  8.82383
   559.088  -0.0935283 0.00612864   0.725844  4.10965 0.228646  8.85735
   559.093  -0.0850015  0.0285115   0.737835  4.19464 0.177171   8.8789
   559.098  -0.074876  0.042634  0.747694  4.26048 0.118513  8.88369
   559.103  -0.0647504  0.0540919   0.755688   4.30238 0.0802058   8.90044
   559.108  -0.0527596  0.0658162   0.765014   4.30597 0.0742203   8.95192
   559.113  -0.0381041  0.0831363   0.777271   4.28203 0.0766145   9.01297
   559.118  -0.0215835   0.111648   0.789528   4.2126 0.101754  9.05367
   559.123  -0.00586217    0.154282    0.805782  4.13359 0.116119  9.09198
   559.128  0.010392 0.207841 0.821504   4.08211 0.0969652   9.15902
   559.133  0.0269127  0.266462  0.836426  4.02226 0.108936  9.24401
   559.138  0.0447657  0.326417  0.855878  3.97557 0.120907  9.31943
   559.143  0.0634181   0.38344  0.874796  3.93966 0.117316  9.34816
   559.148  0.0810046  0.440462  0.897446   3.8834 0.107739  9.33499
   559.153  0.0943277  0.499084   0.92196   3.85826 0.0502782   9.28711
   559.158  0.101789 0.557972 0.941145    3.85227 -0.0035913    9.23324
   559.163  0.107118 0.613397 0.959531   3.87741 -0.035913   9.20092
   559.168  0.113513 0.658962 0.973654    3.92529 -0.0634463    9.17099
   559.173  0.122306  0.69147 0.986977     3.9624 -0.0646434    9.13747
   559.178  0.135096 0.711988  1.00137    3.99592 -0.0790087    9.08839
   559.183  0.148686 0.725577  1.01336   4.01627 -0.094571   9.02015
   559.188   0.16041 0.733571  1.02242    4.05937 -0.0933739    8.95551
   559.193  0.168671 0.735703  1.02855     4.0881 -0.0909797    8.88728
   559.198  0.169737 0.734637  1.03014   4.09408 -0.110133   8.80827
   559.203  0.162009 0.730374  1.02535   4.10007 -0.123301   8.74003
   559.208   0.14842 0.720781  1.01655    4.10007 -0.0837971     8.7113
   559.213  0.136429 0.703994  1.01176    4.09648 -0.0251391    8.72088
   559.218  0.128435 0.681611  1.00696    4.07493 -0.0035913     8.7556
   559.223  0.123905 0.659228   1.0043    4.00909 -0.0107739    8.79869
   559.228  0.120974 0.644839  1.00323    3.90973 -0.0347159    8.82742
   559.233  0.116977 0.643507  1.00536    3.80678 -0.0418985    8.83221
   559.238  0.111381 0.655498  1.01149    3.74094 -0.0586579    8.84418
   559.243  0.102855 0.677081  1.01549    3.69186 -0.0790087    8.85855
   559.248  0.0924625  0.703727   1.02242    3.64637 -0.0885855    8.89925
   559.253  0.0826034  0.730374   1.03387   3.62722 -0.124498   8.96868
   559.258  0.0722113  0.758352   1.03947   3.60208 -0.158017   9.02015
   559.263  0.0612864  0.792459    1.0416    3.5494 -0.148441   9.04769
   559.268  0.0514273  0.837492    1.0424   3.48117 -0.131681   9.06325
   559.273  0.0418346  0.891317   1.04427   3.40934 -0.112527   9.07522
   559.278  0.0319755  0.945409   1.04587    3.3878 -0.138864   9.09797
   559.283  0.0191853  0.990708    1.0432   3.39139 -0.185551   9.11473
   559.288  0.00346401    1.02162    1.03787   3.41293 -0.238223   9.11832
   559.293  -0.0135896    1.03441    1.02934   3.44526 -0.287304   9.12909
   559.298  -0.028245   1.02615   1.01762   3.46082 -0.344765   9.15303
   559.303  -0.0402358   0.997902    1.00243   3.48237 -0.410606   9.19852
   559.308  -0.0463645   0.953936   0.984046   3.48117 -0.435745   9.26436
   559.313  -0.0455651   0.902775   0.969391   3.42012 -0.427365   9.32661
   559.318  -0.0389035   0.851881   0.955002   3.34949 -0.426168    9.4128
   559.323  -0.0253139    0.80525   0.942478   3.25492 -0.402226   9.51456
   559.328  -0.00746095    0.766346    0.931819   3.15436 -0.399832   9.59716
   559.333  0.010392 0.738634 0.921694  3.05021 -0.40462  9.65582
   559.338  0.0269127   0.72158  0.915832   2.96761 -0.440533   9.70849
   559.343  0.0415681  0.713587  0.908904   2.90656 -0.507571   9.75398
   559.348  0.0551577  0.717051  0.902775    2.8072 -0.535104   9.77433
   559.353  0.0671485  0.736502  0.905439   2.69587 -0.553061    9.7863
   559.358  0.0796723  0.774074  0.911835   2.59292 -0.591368   9.79588
   559.363  0.092729 0.831096  0.92196   2.49476 -0.634463   9.80665
   559.368   0.10472 0.903841 0.932885   2.42293 -0.678756   9.82102
   559.373  0.117243 0.984312 0.944876  2.36188 -0.68115  9.86411
   559.378  0.134564  1.06505 0.964861   2.30202 -0.699107   9.94911
   559.383  0.158545  1.14232 0.991507   2.22182 -0.752976   10.0401
   559.388  0.183326  1.22093  1.02295   2.13204 -0.821211   10.0975
   559.393  0.202511   1.3038  1.05439   2.04944 -0.851139   10.1275
   559.398  0.214502  1.38747  1.08477   1.97402 -0.828394   10.1418
   559.403  0.224361  1.46714  1.11754   1.90339 -0.788889    10.155
   559.408  0.234487  1.53882  1.15192   1.83516 -0.766145   10.1682
   559.413  0.245412  1.60304  1.18975   1.78248 -0.723049   10.1598
   559.418  0.25687 1.65926 1.22626    1.7334 -0.667982   10.0952
   559.423  0.26593 1.70856 1.25904   1.71545 -0.621295   9.99579
   559.428  0.272325  1.74426  1.28355   1.76094 -0.603339   9.90361
   559.433  0.274456  1.76025  1.29741   1.80882 -0.605733   9.79228
   559.438  0.268861  1.75412  1.30274   1.88543 -0.618901   9.69173
   559.443  0.259534  1.72215  1.29767   1.97282 -0.627281   9.63786
   559.448  0.251541  1.67179  1.28941   2.00036 -0.596156   9.60913
   559.453  0.247011  1.61476  1.28781    1.9836 -0.549469   9.60314
   559.458  0.243547  1.56627  1.28621   1.93092 -0.514753   9.56603
   559.463  0.236885  1.54415  1.28062   1.84354 -0.448913   9.49301
   559.468  0.228092  1.55508  1.26703    1.7765 -0.386664   9.43555
   559.473  0.221164  1.59238  1.24704    1.6927 -0.319626   9.45231
   559.478  0.223029  1.64487  1.23665   1.59574 -0.289698   9.58998
   559.483  0.235286  1.70669  1.23425   1.50476 -0.283713   9.78031
   559.488  0.25234 1.78343 1.23559  1.39103 -0.23942  9.92037
   559.493  0.268328  1.87883  1.23719   1.28209 -0.164003   9.97544
   559.498  0.280585  1.98621  1.23719   1.23301 -0.134075   10.0185
   559.503  0.290711  2.08667  1.22999   1.24977 -0.160412   10.0784
   559.508  0.29977 2.16634 1.21374  1.30245 -0.20231  10.1382
   559.513  0.310695  2.22096  1.19029   1.37547 -0.209493   10.1993
   559.518  0.326683  2.25001  1.15831  1.41617 -0.15682  10.2663
   559.523  0.353063  2.26013   1.1258    1.36589 -0.0526724    10.3154
   559.528  0.385038   2.2628  1.09463   1.28928 0.0251391   10.3166
   559.533  0.415681   2.2628  1.05626   1.22823 0.0814029   10.2771
   559.538  0.443394   2.2588  1.00963   1.1564 0.155623  10.2292
   559.543  0.464178  2.24601 0.954469  1.07021 0.228646  10.1634
   559.548  0.476168  2.22416 0.892916 0.987608  0.32202  10.0784
   559.553  0.479899  2.19565 0.833495 0.913388 0.418985  9.98502
   559.558    0.4791  2.16554 0.771675 0.840365 0.459687  9.86172
   559.563  0.471905  2.13943 0.703727 0.721852  0.47884  9.69532
   559.568  0.455917  2.11864 0.633381 0.603339 0.465672  9.54209
   559.573  0.432202  2.09839 0.559571 0.476446 0.476446  9.43316
   559.578  0.402891  2.07521 0.492156 0.348356 0.531513  9.35654
   559.583  0.373047  2.04883 0.433801 0.227449 0.605733  9.27753
   559.588  0.343204  2.01952 0.384239 0.123301 0.663194   9.2069
   559.593  0.31336 1.98221 0.33441 0.0454898  0.695516   9.17458
   559.598  0.284315  1.92679 0.282184 -0.0155623   0.717063    9.20092
   559.603  0.257936  1.85085 0.228625 -0.0814029   0.736217    9.25718
   559.608  0.234753  1.76372 0.177198 -0.178368  0.770933   9.27633
   559.613   0.21317  1.67818 0.131899 -0.308852  0.835576      9.25
   559.618   0.192652   1.60277 0.0889985 -0.430956  0.889446   9.24282
   559.623   0.175865   1.53536 0.0442328 -0.529119   0.94571   9.26317
   559.628     0.167072     1.46661 0.000532925 -0.56982 0.968455  9.27753
   559.633    0.165473    1.38934 -0.0463645 -0.59855 0.946907  9.28711
   559.638    0.165207      1.307 -0.0889985 -0.694318  0.939724   9.30746
   559.643   0.161743   1.22653 -0.129501 -0.773327  0.903811   9.29429
   559.648   0.155614   1.15192 -0.175066  -0.9086 0.951695  9.27514
   559.653   0.151084   1.09383 -0.205709 -1.16238  1.14084  9.30626
   559.658    0.15215   1.05572 -0.223828 -1.31801  1.24139  9.32901
   559.663   0.158012   1.02988 -0.249409 -1.3611  1.2402 9.35175
   559.668   0.166006   1.00536 -0.285115 -1.34315  1.19351  9.39126
   559.673   0.174266  0.975519 -0.328548 -1.34913  1.22703  9.43914
   559.678   0.184658  0.937149 -0.371449 -1.34674  1.30364   9.4571
   559.683   0.198515   0.88732 -0.420478 -1.34075  1.33956  9.45111
   559.688   0.214769  0.827366 -0.478567 -1.35751  1.37307  9.42837
   559.693   0.234221  0.758086 -0.541718 -1.41497  1.37667  9.39485
   559.698   0.256603  0.683476 -0.603005 -1.50236  1.34554  9.34337
   559.703   0.279519  0.608334 -0.661893 -1.6101 1.33237 9.26795
   559.708   0.297639  0.540919 -0.719715 -1.75974  1.38624  9.19972
   559.713   0.310695  0.487893 -0.773008 -1.92614  1.47603  9.12311
   559.718  0.320288 0.445792 -0.81804 -2.06859  1.26773  9.04051
   559.723   0.326683  0.409819 -0.852946 -2.19429  1.62925   8.9998
   559.728   0.331479   0.37438 -0.875063 -2.24456  1.62207  8.98903
   559.733   0.336009  0.329881 -0.892383 -2.21942   1.6101  9.00459
   559.738   0.340273  0.271792 -0.908904 -2.1883 1.60651 9.03213
   559.743  0.348266  0.20038 -0.92649 -2.17274  1.63644  9.01417
   559.748   0.36079 0.124438 -0.94834 -2.23978  1.74537  8.93516
   559.753   0.373314  0.060487 -0.960864 -2.40737   1.8567  8.83939
   559.758   0.375712 0.0151884 -0.951271 -2.58095   1.8184  8.82982
   559.763   0.362922 -0.021317 -0.935283 -2.58933  1.72742  8.85376
   559.768     0.34427 -0.0567565  -0.931553 -2.67672  1.77051  8.82383
   559.773    0.329614 -0.0876662  -0.932885 -2.61926  2.04106  8.71968
   559.778   0.321087 -0.111381 -0.919029 -3.04064  2.16196  8.63948
   559.783   0.304567 -0.126037 -0.877727 -2.80122  1.86029  8.76278
   559.788   0.276055 -0.156413 -0.859608 -2.92811  1.51912   8.8346
   559.793   0.248609 -0.210772 -0.883856 -2.57616  1.29885  8.76038
   559.798   0.231556 -0.275256 -0.940879 -2.63721  1.22344  8.61913
   559.803   0.22596 -0.34427 -1.02082 -2.80122  1.21625  8.46709
   559.808   0.229691 -0.412217  -1.09463 -3.04183   1.1995  8.35217
   559.813   0.241149 -0.471106  -1.13593 -3.31238  1.11929  8.27436
   559.818     0.2606 -0.513207  -1.14179 -3.60088 0.992397  8.19655
   559.823   0.281917 -0.531326   -1.1266 -3.84748 0.870292   8.1343
   559.828    0.29151 -0.523865  -1.09543 -4.00789 0.773327  8.10677
   559.833   0.280851 -0.498285  -1.05546 -4.11084 0.756568  8.15824
   559.838   0.255538 -0.466309  -1.01043 -4.16352 0.797269  8.27436
   559.843    0.22676 -0.438864 -0.980582 -4.18267 0.878672  8.40604
   559.848   0.203311 -0.421544 -0.936083 -4.14556 0.940921  8.52336
   559.853   0.190254 -0.417813 -0.828965 -4.02585 0.931344   8.6299
   559.858   0.185191 -0.437265 -0.866536 -3.86185 0.926556  8.74722
   559.863   0.185191 -0.437265 -0.866536 -3.86185 0.926556  8.74722
   559.868   0.186524 -0.487093 -0.768744 -3.66313 0.942118  8.88847
   559.873   0.197982 -0.567299 -0.812977 -3.46202  0.93733    9.001
   559.878   0.223562 -0.671219 -0.730374 -3.29203 0.858321  9.02853
   559.883   0.257936 -0.783133 -0.733571 -3.15795 0.705092  9.01417
   559.888   0.292309 -0.888386 -0.752224 -3.10049 0.602142   9.0429
   559.893   0.322953 -0.977917 -0.770609 -3.10767 0.550666  9.17338
   559.898   0.354928  -1.05199 -0.777271 -3.19027 0.539892  9.40442
   559.903   0.394098  -1.11808 -0.765813 -3.33512 0.588974   9.7025
   559.908   0.444193   -1.1783 -0.735703 -3.49673 0.695516  10.0413
   559.913   0.506545  -1.23079 -0.683476 -3.71221 0.794875  10.3226
   559.918   0.580355  -1.27262 -0.603271   -3.966 0.827197  10.4722
   559.923   0.657096  -1.26969 -0.506279 -4.22217 0.799663  10.5153
   559.928  0.727975 -1.26969 -0.39996 -4.43286 0.718261  10.4471
   559.933   0.788729  -1.22093 -0.298172 -4.48913 0.493206  10.2747
   559.938   0.831096  -1.06825 -0.216634 -4.45441  0.25618  10.1023
   559.943   0.849749  -0.90011 -0.151617 -4.39815 0.124498  9.95749
   559.948   0.847884 -0.812444  -0.10472 -4.25928   0.0826  9.83778
   559.953    0.828165  -0.553443 -0.0626187 -4.06057  0.11971  9.70131
   559.958    0.789262  -0.540919 -0.0119908 -3.81277   0.1652  9.58998
   559.963   0.734637  -0.36532 0.0439663 -3.57933 0.246603  9.54449
   559.968   0.673884 -0.363188 0.0980582  -3.3447 0.392649  9.55646
   559.973   0.617394 -0.389568  0.137228 -3.11605 0.567426  9.55646
   559.978   0.568364 -0.429538  0.162809 -2.91015 0.727837  9.51456
   559.983   0.523599 -0.471905  0.174266 -2.69228    0.826   9.4954
   559.988     0.4783 -0.514273  0.172135 -2.51391 0.955287  9.52773
   559.993   0.433534 -0.551577  0.167871 -2.3942 1.16238 9.56244
   559.998   0.393032 -0.580355  0.171069 -2.26491  1.37906  9.60673
   560.003  0.396496  -0.6086 0.177198 -2.04824  1.43532   9.6642
   560.008   0.299237 -0.643507  0.178796 -1.86628  1.38624  9.69412
   560.013  0.339207 -0.68694 0.179063 -1.78607  1.35871   9.7049
   560.018   0.248609 -0.735703  0.183593 -1.75734  1.34075  9.70011
   560.023   0.236619 -0.790861  0.184392 -1.68193  1.26414  9.69891
   560.028   0.233421 -0.857476  0.180129 -1.58496  1.13605  9.66659
   560.033    0.23502 -0.929155     0.174 -1.53109 0.979228  9.57322
   560.038   0.23875 -0.99657 0.167605 -1.52271 0.890643  9.46308
   560.043   0.23955 -1.05333 0.162276 -1.50236 0.812831  9.27633
   560.048  0.231822 -1.08264  0.15215 -1.49039 0.736217  8.94713
   560.053    0.2169 -1.06878 0.147087 -1.50116 0.770933  8.59758
   560.058  0.198515 -1.01389 0.159078 -1.48201  0.85473  8.33062
   560.063  0.173734 -0.93555 0.175865 -1.41378 0.893037  8.15585
   560.068   0.138028 -0.855345   0.18759 -1.28688 0.841562  8.07205
   560.073  0.0895314 -0.788196  0.183593 -1.12408 0.696713  8.08163
   560.078  0.0325084 -0.741299  0.166806 -0.994791  0.629675   8.22408
   560.083  -0.021317  -0.72158  0.152417 -0.866701  0.685939   8.47428
   560.088  -0.0631516  -0.723179   0.141492 -0.816423  0.806846   8.72327
   560.093  -0.0948606  -0.728508   0.134297 -0.788889  0.909797    8.9172
   560.098  -0.122573  -0.72158   0.12577 -0.827197  0.952892   9.00818
   560.103  -0.147354  -0.68241   0.11298 -0.98282  1.00796  9.09438
   560.108  -0.176931 -0.575026 0.0985911 -1.80044 0.581791  8.68856
   560.113  -0.281384 -0.268328  0.060487  -3.26928 -0.418985   7.82066
   560.118  -0.416747  0.159345  0.049562  -3.61644 -0.289698   8.02417
   560.123  -0.496153  0.474836 0.0980582 -2.83713 0.356736  8.87171
   560.128  -0.518802  0.570763  0.150551 -1.57179 0.676362  9.65222
   560.133  -0.515072  0.461513  0.172135 -0.389058  0.571017   10.0126
   560.138  -0.519335  0.231289  0.174266   0.3304 0.294487  9.87848
   560.143  -0.548646 -0.024781  0.198781  0.574608 0.0849942   9.43316
   560.148  -0.580622 -0.232089  0.245945  0.527921 -0.136469   8.90284
   560.153  -0.609933 -0.345335  0.276855  0.222661 -0.290895   8.47547
   560.158  -0.640842 -0.364787  0.306165 -0.155623 -0.240617   8.32105
   560.163  -0.660827 -0.322686  0.329081 -0.416591 -0.181959   8.36773
   560.168  -0.671219  -0.24328  0.309629 -0.611719 -0.241814   8.45153
   560.173  -0.696266 -0.144689  0.252873 -0.775721  -0.29329   8.56526
   560.179   -0.730107 -0.0543583   0.216101 -0.859518 -0.150835   8.77714
   560.184    -0.74423 0.00293109   0.212637  -0.835576 -0.0526724    9.01417
   560.189  -0.740499 0.0207841  0.203044 -0.814029 -0.071826   9.17937
   560.194    -0.73517 0.00666156   0.184658  -0.811634 -0.0658405    9.29788
   560.199   -0.727709 -0.0266462   0.172135 -0.798466 0.0023942   9.38407
   560.204   -0.710389 -0.0599541   0.168404 -0.773327 0.0646434   9.41879
   560.209   -0.678946 -0.0788729   0.170802 -0.746991 0.0730232   9.39006
   560.214   -0.632582 -0.0807381   0.174266  -0.703895 -0.0371101    9.31225
   560.219   -0.586484 -0.0724778   0.171335 -0.654814 -0.270545    9.2069
   560.224   -0.545982 -0.0634181   0.164674 -0.596156 -0.447716   9.13388
   560.229   -0.500683 -0.0562236   0.152949 -0.511162 -0.629675   9.03213
   560.234   -0.472171 -0.0476968    0.12577 -0.40462 -0.85473  8.90284
   560.239   -0.473237 -0.0476968  0.0985911 -0.286107 -0.978031   8.88847
   560.244   -0.487626 -0.0732772   0.077807 -0.137667  -1.08098   8.99023
   560.248   -0.50921 -0.128435  0.049562 -0.0191536   -1.17436    9.14226
   560.254  -0.538787 -0.203844 0.0205176 0.0311246  -1.09654   9.34098
   560.259   -0.560637  -0.284582 0.00826034 0.0574608 -0.895431   9.55885
   560.264     -0.56943   -0.355461 -0.00293109 0.0921768  -0.80086   9.72405
   560.269   -0.572095  -0.405023 -0.0197182    0.0826 -0.766145   9.83179
   560.274     -0.5657  -0.431403 -0.0394364 0.0837971 -0.827197   9.90721
   560.279   -0.547847  -0.438597 -0.0698132 0.0634463 -0.981623   9.96826
   560.284  -0.531859 -0.428472 -0.115911 -0.0035913   -1.21506    10.0185
   560.289  -0.523865 -0.399694 -0.175332 -0.180762  -1.30125   10.0784
   560.294  -0.508943 -0.353329 -0.223562 -0.414197  -1.27252   10.1323
   560.299  -0.483896 -0.295507 -0.252873 -0.614113  -1.31202   10.1502
   560.304  -0.457783 -0.232622 -0.269926 -0.757765  -1.48081   10.1658
   560.309  -0.425541 -0.174533 -0.274989 -0.865504  -1.62925   10.2627
   560.314   -0.38264 -0.133764 -0.268061 -0.932542  -1.76213   10.4016
   560.319  -0.345069 -0.116444 -0.253939 -0.994791  -1.84473   10.5273
   560.324  -0.313626 -0.117243 -0.234753 -1.08577 -1.78607  10.6315
   560.329  -0.275522 -0.125237 -0.203844 -1.17914 -1.58376  10.7284
   560.334  -0.237418 -0.133231 -0.158812 -1.19231 -1.43532  10.7895
   560.339  -0.210505 -0.133764 -0.111381 -1.15161 -1.35272  10.7859
   560.344   -0.187057  -0.119908 -0.0610199 -1.06901 -1.34195  10.7308
   560.349   -0.171602 -0.0975253 -0.0237152 -0.914585  -1.49877   10.6793
   560.354   -0.181727  -0.070879 -0.0141225 -0.798466  -1.63524   10.6494
   560.359   -0.184126 -0.0311761 0.00373047 -0.712275  -1.44131   10.6997
   560.364  -0.146554 0.0130567  0.057023 -0.480037  -1.26414   10.7416
   560.369  -0.142557  0.035173  0.134564 -0.0861913   -1.46884    10.7009
   560.374  -0.0953936  0.0730107  0.0881991 0.113725 -1.78368  10.5237
   560.379  0.0735436  0.182793 -0.031709 -0.0215478   -1.78607    10.3202
   560.384    0.141492   0.259002 -0.0189188 0.219069 -2.07338  10.2508
   560.389  0.0269127  0.232089 0.0631516 0.460884 -2.34991  10.2388
   560.394  -0.162809  0.140159  0.124172 0.484826 -2.41695  10.3465
   560.399  -0.327482 0.0413017  0.139093 0.424971 -2.36427  10.5309
   560.404   -0.411418 -0.0183859   0.110848 0.318429 -2.24217  10.6602
   560.409   -0.417813 -0.0207841  0.0660827 0.195127 -2.15239  10.7117
   560.414  -0.375979  0.021317 0.0223828 0.071826 -2.10929   10.738
   560.419  -0.318956 0.0828698 -0.010392 -0.0550666    -2.0219    10.8122
   560.424     -0.2614   0.138028 -0.0325084 -0.144849  -1.80403   10.9798
   560.429      -0.174   0.180928 -0.0602205 -0.259771  -1.51912   11.1115
   560.434   -0.105519   0.205709 -0.0722113 -0.317232  -1.45089   11.1091
   560.439   -0.101256   0.208907 -0.0666156 -0.324414  -1.60412    10.987
   560.444   -0.13856  0.202778 -0.053026 -0.33878 -1.85072  10.8074
   560.449  -0.187323  0.201712  -0.03917 -0.320823  -2.15598   10.6099
   560.454   -0.231556   0.212104 -0.0383706 -0.299275  -2.38941   10.3944
   560.459   -0.263798   0.233954 -0.0532925 -0.295684  -2.45166   10.1981
   560.464   -0.286181    0.25607 -0.0876662 -0.23104 -2.34392  10.1071
   560.469  -0.309096  0.260334 -0.132432 -0.101754  -2.10331   10.1478
   560.474  -0.332545  0.235819  -0.16574 0.0490811  -1.83755   10.2185
   560.479  -0.341605  0.188655 -0.178263 0.166397 -1.65559  10.1945
   560.484  -0.331746  0.130567 -0.176931 0.305261 -1.71545   10.058
   560.489  -0.313893 0.0650168 -0.184925 0.476446    -1.98  9.92397
   560.494   -0.296306 -0.0146554  -0.211038 0.590171 -2.19907  9.89045
   560.499  -0.278187 -0.114312 -0.249142 0.620098 -2.25414  9.91319
   560.504  -0.258735 -0.226493 -0.278187 0.616507 -2.26372   9.9108
   560.509  -0.244613 -0.332279  -0.29151 0.604536 -2.40976  9.82341
   560.514  -0.240083  -0.41355 -0.298438  0.53271 -2.67193  9.66659
   560.519  -0.237685 -0.458848 -0.307764 0.399832 -2.91374  9.52892
   560.524  -0.240083 -0.479366 -0.318156 0.248997 -3.08613  9.47984
   560.529   -0.20864 -0.484162 -0.337608 -0.0442927   -3.08493    9.42837
   560.534  -0.300037  -0.50841  -0.30057 -0.347159  -3.00233   9.43555
   560.539  -0.550245 -0.580089 -0.193718 -0.604536  -2.46842   9.77193
   560.544    -0.73517  -0.644573 -0.0735436 -0.872687  -1.74896   10.2388
   560.549  -0.830031 -0.678946 0.0383706 -0.903811  -1.32998   10.7679
   560.554  -0.820172  -0.68321 0.0975253 -0.85473 -1.15281  11.2264
   560.559  -0.719982 -0.664557  0.121773 -0.80924 -1.29407  11.4694
   560.564  -0.593145 -0.644839  0.144423 -0.685939  -1.70347   11.5556
   560.569  -0.455651  -0.63125  0.163608 -0.612916  -2.10929   11.5137
   560.574   -0.33441 -0.618459  0.183593 -0.586579  -2.41695   11.3844
   560.579  -0.243014 -0.601406  0.202511 -0.56982 -2.58933  11.2312
   560.584  -0.165473 -0.571562  0.218766 -0.567426  -2.64679   11.0277
   560.589  -0.0977917  -0.521201   0.232888 -0.602142  -2.56778   10.7667
   560.594  -0.0418346  -0.447923   0.240616 -0.646434  -2.34751   10.4986
   560.599  -0.000266462    -0.358392     0.245412 -0.656011  -1.94529   10.3082
   560.604  0.0327749 -0.266995  0.255804 -0.592565  -1.48441   10.2065
   560.609  0.0628851 -0.188123  0.264064 -0.432153  -1.21865   10.1251
   560.614  0.0812711 -0.134297  0.255804 -0.178368   -1.1983   10.0221
   560.619  0.0858009 -0.114312  0.220098 0.129287 -1.26174  9.97424
   560.624  0.0953936 -0.134031  0.159877 0.438139 -1.20189  10.0437
   560.629    0.12124 -0.190254  0.096193  0.657208 -0.964863   10.1275
   560.634   0.162542 -0.269127 0.0471639  0.778116 -0.639252   10.1873
   560.639   0.219299  -0.35706 0.0114579  0.782904 -0.407014   10.1622
   560.644   0.276322 -0.434067 -0.021317  0.678756 -0.362722    9.9934
   560.649    0.320554  -0.481498 -0.0572894  0.523133 -0.511162    9.7025
   560.654    0.345069   -0.48656 -0.0999234  0.314838 -0.745794   9.37091
   560.659   0.348266 -0.452453 -0.135363 0.137667 -1.00317  9.13986
   560.664   0.333078  -0.39996 -0.163608 0.0802058  -1.32639   9.07522
   560.669   0.300836 -0.355994 -0.190787 0.035913 -1.51553  9.22845
   560.674    0.26513 -0.342937 -0.200646 -0.0203507   -1.52152    9.56723
   560.679   0.245945 -0.362123 -0.192386 -0.0814029   -1.51433    9.95389
   560.684  0.247544  -0.3917 -0.16494 -0.17358 -1.55144  10.2532
   560.689   0.265663 -0.406888  -0.12657 -0.228646  -1.66277   10.3992
   560.694    0.290711  -0.391167 -0.0953936 -0.292093  -1.77171   10.3609
   560.699    0.315225   -0.33521 -0.0770077 -0.387861  -1.83755   10.1957
   560.704    0.332545  -0.242481 -0.0690138 -0.484826  -1.84952   10.0042
   560.709    0.339473  -0.126836 -0.0676815 -0.577003  -1.76692   9.87488
   560.714     0.338407 -0.00799387  -0.0663492 -0.672771  -1.49518    9.8701
   560.719    0.330946  0.0959265 -0.0559571 -0.737414  -1.01634   9.98502
   560.724    0.318689   0.182793 -0.0258469  -0.7434 -0.52433  10.0652
   560.729   0.310429  0.264064 0.0141225 -0.700304 -0.175974   10.0269
   560.734   0.309096  0.345602 0.0567565  -0.630872 0.00957681    9.88566
   560.739   0.315225  0.422077 0.0892649 -0.494403 0.0179565   9.71806
   560.744  0.328815 0.478833 0.101789  -0.275333 -0.0909797    9.62589
   560.749   0.346401  0.499084 0.0988576 0.0466869 -0.272939   9.65342
   560.754   0.359991  0.472438 0.0836692  0.386664 -0.480037   9.64504
   560.759   0.359458  0.406355 0.0668821  0.664391 -0.693121   9.63068
   560.764   0.341605  0.311761 0.0532925  0.922965 -0.973243   9.71088
   560.769   0.311228  0.196116 0.0277121  1.14922 -1.25456  9.51097
   560.774    0.276322   0.063951 -0.0122573  1.25815 -1.56222  10.3142
   560.779    0.236086  -0.067415 -0.0612864  1.0319 -1.8579  10.908
   560.784   0.215568  -0.15668 -0.103654 0.790087 -1.46286  10.8781
   560.789   0.247544 -0.194251 -0.131366  0.944513 -0.721852   10.5776
   560.794   0.321087 -0.201179 -0.158012    1.1995 -0.474052   10.3968
   560.799   0.397562  -0.18759 -0.213703   1.21865 -0.714669   10.2017
   560.804   0.442061 -0.154282 -0.301902  0.950498 -0.845153   10.0461
   560.809   0.444193 -0.101256 -0.385038  0.586579 -0.651223   10.1083
   560.814    0.429271 -0.0415681  -0.431403  0.350751 -0.336385    10.252
   560.819    0.419678 0.00346401  -0.450855  0.211887 -0.114922   10.2735
   560.824   0.415149  0.031709 -0.451121 0.0742203  0.160412   10.1873
   560.829   0.421277 0.0442328 -0.438331 -0.00837971    0.059855     10.0329
   560.834   0.437265 0.0402358 -0.424741 -0.0909797  0.0933739    9.87728
   560.839    0.45272 0.0210505  -0.41355 -0.140061 -0.238223   9.81623
   560.844    0.456717 -0.0165207  -0.406622 -0.141258 -0.489614   9.83897
   560.849    0.448989 -0.0756753   -0.39996 -0.122104 -0.629675   9.83059
   560.854   0.433002 -0.147087 -0.394631 -0.125696 -0.963666   9.77912
   560.859    0.40449 -0.213703 -0.377311 -0.189142 -0.980426   9.76475
   560.864   0.366919 -0.263531 -0.338407 -0.262165  -0.97444   9.82221
   560.869   0.333877 -0.294441 -0.293375 -0.314838 -0.905008   9.91559
   560.874    0.31336 -0.303767 -0.252873 -0.319626 -0.775721     9.991
   560.879   0.311761 -0.285115 -0.227292 -0.274136 -0.659603   9.93833
   560.884   0.330147 -0.228625 -0.217167 -0.251391  -0.65242   9.68215
   560.889   0.357593 -0.123106 -0.222763  -0.28491 -0.666785   9.23803
   560.894   0.380508 0.0410352  -0.24781 -0.433351  -0.68115    8.7113
   560.899  0.390101 0.262998 -0.27872 -0.374693 -0.766145   8.21091
   560.904  0.380242 0.520668  -0.3051 -0.639252 -0.958878   7.79193
   560.909   0.340539  0.779403 -0.323219 -0.885855  -1.16478   7.43519
   560.914  0.270726  1.00696 -0.33894 -0.588974  -1.20548   7.12036
   560.919   0.180395   1.18576 -0.356793 -0.336385 -0.994791   6.85819
   560.924  0.0815375   1.30886 -0.367985 -0.687136 -0.575805   6.70975
   560.929  -0.0157213    1.37521  -0.367718  -0.651223 -0.0287304    6.86298
   560.934  -0.0967259    1.37601  -0.348799 -0.794875  0.264559    7.1419
   560.939  -0.166806   1.28382 -0.300836 -0.197522   0.11971   7.34541
   560.944  -0.320821   1.07491 -0.198781  0.181959 -0.118513   7.57286
   560.949   -0.586217    0.74876 -0.0722113   0.389058 -0.0730232    7.77038
   560.954   -0.819639   0.376778 0.00159877  0.398635 0.0407014   7.81707
   560.959  -0.923026 0.0559571 0.0175865  0.870292 -0.325611   10.6973
   560.964    -0.93102  -0.243813 0.00319755 -0.872687  -1.08338   22.0889
   560.969    -0.810046    -1.12874 -0.00985911 -4.83389 -1.87586  20.8439
   560.974  -0.687207  -1.89881  0.127103 -2.63602 -1.38145  11.3629
   560.979  -0.54758 -1.63661 0.231289 0.979228  -1.1995  7.78475
   560.984  -0.28698 -1.00456 0.317357  1.72742 -1.25935  9.10515
   560.989  -0.0716784  -0.609933   0.261666  1.16119 -1.11809  9.70131
   560.994  0.0484962 -0.381308  0.112181  0.720655 -0.988805   9.66779
   560.999    0.096193  -0.188389 -0.0303767  0.506374 -0.938527   9.55526
   561.004   0.0770077 -0.0146554  -0.125237   0.33878 -0.776918   9.58399
   561.009   0.0346401    0.10925 -0.0844686 0.0658405 -0.390255   9.75158
   561.014  0.0151884   0.16041 -0.190787  -0.137667 -0.0502782    9.82221
   561.019  0.00532925   0.139626  -0.226227 -0.155623 -0.116119   9.69053
   561.024  -0.0610199   0.067415  -0.250741 -0.120907 -0.333991   9.69532
   561.029   -0.153216 -0.0338407  -0.286181 -0.131681 -0.503979   9.83299
   561.034  -0.214236 -0.156413 -0.324285 -0.166397 -0.609324   9.92157
   561.039  -0.240882 -0.302168 -0.342671  -0.17358 -0.688333   9.94192
   561.044  -0.259268 -0.469507 -0.339207   -0.1652 -0.745794    9.9515
   561.049  -0.283516 -0.650168 -0.316824 -0.248997 -0.624887   9.91199
   561.054  -0.309363 -0.876662 -0.252073 -0.251391 -0.362722   9.48702
   561.059  -0.355994 -0.855345  -0.14389   0.56982 -0.227449   9.30746
   561.064  -0.450322 -0.617127 -0.104986  0.961272 -0.567426   9.41759
   561.069  -0.537188 -0.353063 -0.149219  0.529119 -0.925359   9.76595
   561.074   -0.57396 -0.238484 -0.192652 0.185551 -1.00317  9.91439
   561.079  -0.538254 -0.255804 -0.192386  0.192733 -0.948104   9.88446
   561.084  -0.427939  -0.21317 -0.168138  0.325611 -0.955287   9.87728
   561.089  -0.274456 -0.207041 -0.154282 0.420182 -1.01394  9.89284
   561.094   -0.104187 -0.0607534  -0.151084  0.442927 -0.985214   9.94312
   561.099   0.0559571 0.00266462  -0.140159  0.335188 -0.721852   9.87369
   561.104   0.161743 0.0383706  -0.10925  0.226252 -0.511162   9.63187
   561.109    0.201446  0.0634181 -0.0735436  0.268151 -0.553061    9.2919
   561.114    0.209173  0.0772741 -0.0519602  0.343568 -0.864307   9.80904
   561.119    0.210772  0.0826034 -0.0471639 0.365116 -1.08098  10.2256
   561.124    0.251008    0.10925 -0.0540919 0.416591 -1.06422  10.1071
   561.129    0.350132   0.150018 -0.0599541  0.415394 -0.905008   9.91199
   561.134      0.4346   0.176931 -0.0594211  0.357933 -0.778116   9.79947
   561.139   0.510276  0.181194 -0.053026  0.278924 -0.667982   9.75039
   561.144    0.480965   0.169204 -0.0335743 0.205901 -0.51595   9.7049
   561.149     0.480165    0.142824 -0.00772741  0.178368 -0.435745    9.6642
   561.154   0.414083  0.115911 0.0101256  0.191536 -0.472855   9.71088
   561.159   0.392233  0.109783 0.0191853  0.238223 -0.525527   9.77313
   561.164   0.332279  0.119642 0.0183859  0.269348 -0.547075   9.78031
   561.169  0.338674 0.129234 0.014389  0.253785 -0.507571   9.75517
   561.174     0.33441   0.132698 0.00692802  0.238223 -0.475249   9.75039
   561.179     0.326417    0.133498 -0.00452986  0.235829 -0.452504   9.74679
   561.184   0.314692  0.132698 -0.013856    0.2478 -0.463278    9.7432
   561.189    0.292842   0.127636 -0.0239816  0.232238 -0.444124   9.74799
   561.194    0.264064   0.118576 -0.0261133  0.192733 -0.387861   9.75398
   561.199   0.237951   0.10845 -0.021317  0.164003 -0.339977   9.75877
   561.204    0.223828   0.104986 -0.0101256  0.160412 -0.325611   9.76236
   561.209     0.229424    0.110049 0.000532925  0.167594 -0.379481   9.79228
   561.214   0.258735  0.125237 0.0149219  0.155623 -0.407014    9.8294
   561.219   0.354129  0.172934 0.0572894  0.177171 -0.438139   9.93474
   561.224   0.555574  0.260867 0.0908637  0.278924 -0.573411   10.0652
   561.229   0.754888  0.337075 0.0642175  0.274136 -0.526724   9.98023
   561.234   0.789795  0.343204 0.0183859 0.178368 -0.27653  9.70131
   561.239    0.608067   0.262466 -0.0207841  0.0586579 -0.0155623    9.46548
   561.244    0.315225   0.135629 -0.0333078 -0.0442927   0.149638    9.45351
   561.249   0.0871332  0.0343737 -0.0274456 -0.0107739          0     9.6211
   561.254   -0.0021317 -0.00666156  -0.0253139 0.0993594 -0.252588   9.76595
   561.259  -0.00293109 -0.00559571  -0.0287779  0.159214 -0.362722   9.82102
   561.264   0.0167871 0.00559571 -0.0314426  0.116119 -0.246603   9.82461
   561.269   0.0167871   0.010925 -0.0197182 0.0227449 -0.120907   9.80904
   561.274  -0.00293109  0.00772741  0.00746095 0.0371101 -0.149638   9.77672
   561.279  -0.0199847 0.00719449  0.0277121 0.0897826 -0.225055   9.80785
   561.284  -0.0135896  0.0199847  0.0583553  0.101754 -0.277727   9.84615
   561.289  0.0692802 0.0514273 0.0919296 0.203507 -0.51595  9.86651
   561.294   0.144423 0.0823369 0.0684809  0.246603 -0.379481   9.85813
   561.299  0.0847351 0.0658162 0.0498285 0.0191536 0.0586579   9.63666
   561.304  -0.0367718 0.00905972  0.0538254 -0.0658405   0.108936    9.60673
   561.309   -0.111914 -0.0362389  0.0389035  0.0514753 -0.0742203    9.76475
   561.314   -0.137495 -0.0514273  0.0085268  0.113725 -0.129287   9.82102
   561.319    -0.142824  -0.0532925 -0.00905972  0.108936 -0.155623   9.78989
   561.324   -0.138827 -0.0522266 -0.0173201  0.141258 -0.243011   9.78271
   561.329   -0.127636 -0.0482297 -0.0223828  0.177171 -0.311246   9.76715
   561.334   -0.114312 -0.0423675 -0.0279786  0.192733 -0.351948    9.7432
   561.339   -0.111115 -0.0397029 -0.0394364  0.175974 -0.329203   9.74799
   561.344    -0.12204 -0.0434334 -0.0484962 0.126893 -0.23942  9.75278
   561.349   -0.139093 -0.0503614 -0.0506279  0.104148 -0.177171   9.75039
   561.354   -0.156147   -0.05649 -0.0471639 0.0837971 -0.138864   9.74679
   561.359   -0.171335 -0.0626187 -0.0330413 0.0622492 -0.126893   9.75757
   561.364   -0.184658 -0.0700796 -0.0215835  0.107739 -0.213084   9.76595
   561.369   -0.195583 -0.0754089 -0.0210505  0.153229 -0.288501   9.75039
   561.374   -0.201179 -0.0754089 -0.0215835  0.181959 -0.351948    9.7444
   561.379   -0.196383 -0.0711455 -0.0221164  0.191536 -0.397437   9.76595
   561.384   -0.176931 -0.0620858 -0.0181194 0.174777   -0.413  9.79707
   561.389   -0.140959 -0.0482297 -0.0101256  0.178368 -0.426168   9.82341
   561.394     -0.10019  -0.0306432 -0.00746095  0.186748 -0.414197   9.81742
   561.399   -0.0591547  -0.0125237 -0.00666156 0.0981623 -0.196325   9.86411
   561.404  -0.00399694  0.00879326   0.0021317   0.11971 -0.314838   9.83778
   561.409  0.00985911   0.013856  0.0223828  0.274136 -0.684742   9.72046
   561.414  0.0159877 0.0207841 0.0274456  0.226252 -0.457293   9.78869
   561.419   0.035173  0.031709 0.0223828 0.134075 -0.28491  9.78869
   561.424  0.0295773 0.0277121 0.0186524  0.154426 -0.378284   9.73842
   561.429  0.000799387   0.0114579    0.013856  0.186748 -0.448913   9.73602
   561.434  -0.00905972  0.00479632   0.0135896  0.142455 -0.311246   9.80426
   561.439  0.0218499 0.0170536 0.0127902  0.106542 -0.181959   9.83658
   561.444  0.0442328 0.0285115 0.0135896 0.137667 -0.25618  9.76475
   561.449   0.014389 0.0181194 0.0130567  0.184354 -0.391452   9.71208
   561.454  -0.0245145 -0.0021317 0.00879326  0.161609 -0.373495   9.76116
   561.459   -0.0223828 -0.00559571    0.010925  0.174777 -0.402226   9.80306
   561.464  0.00266462 0.00612864  0.0122573  0.225055 -0.465672   9.80306
   561.469   0.0250475  0.0183859 0.00746095  0.177171 -0.353145   9.79468
   561.474   0.0306432  0.0221164 0.00586217  0.149638 -0.314838   9.76715
   561.479   0.0181194  0.0159877 0.00239816  0.141258 -0.310049   9.76595
   561.484  0.00559571 0.00959265  0.0021317  0.137667 -0.312443   9.77193
   561.489  -0.00319755  0.00586217 0.000532925  0.172383 -0.374693   9.76954
   561.494  -0.00746095  0.00452986 -0.00506279  0.168791 -0.377087   9.77912
   561.499  -0.00266462  0.00586217  -0.0101256  0.160412 -0.354342   9.79109
   561.504  0.00239816 0.00799387 -0.0122573 0.149638  -0.3304  9.76595
   561.509  0.00346401 0.00719449  -0.010392  0.150835 -0.380678   9.78151
   561.514    0.0175865   0.0106585 -0.00692802  0.160412 -0.371101   9.80066
   561.519   0.0325084  0.0191853 -0.0021317  0.167594 -0.355539   9.77433
   561.524    0.028245  0.0205176 0.00186524  0.162806 -0.347159   9.75517
   561.529   0.0111914  0.0127902 0.00239816  0.150835 -0.342371   9.75877
   561.534  -0.000266462   0.00452986   0.00612864  0.147243 -0.353145   9.78271
   561.539    0.010925 0.00612864 0.00905972  0.164003 -0.347159   9.80186
   561.544  0.0277121 0.0149219 0.0085268  0.175974 -0.357933   9.77792
   561.549   0.0258469  0.0165207 0.00746095  0.171185 -0.361524   9.76475
   561.554   0.0127902   0.010925 0.00399694 0.154426 -0.32202  9.76116
   561.559          -0 0.00532925 0.00479632  0.143652 -0.305261   9.75877
   561.564  -0.00666156   0.0021317  0.00692802  0.161609 -0.344765   9.77193
   561.569  -0.00506279  0.00266462  0.00559571  0.168791 -0.361524   9.78271
   561.574  0.00106585 0.00746095 0.00692802  0.171185 -0.360327   9.78031
   561.579   0.0063951  0.0114579 0.00586217  0.171185 -0.345962   9.77433
   561.584  0.00692802  0.0133231 0.00719449   0.15682 -0.318429   9.76715
   561.589  0.00239816  0.0119908 0.00905972  0.172383 -0.361524   9.76834
   561.594  0.00159877  0.0106585 0.00826034    0.1652 -0.371101    9.7863
   561.599  0.0119908  0.014389  0.010392  0.184354 -0.399832   9.79109
   561.604   0.0266462  0.0207841 0.00985911  0.190339 -0.403423    9.7851
   561.609   0.0354395  0.0253139 0.00799387  0.175974 -0.369904   9.78151
   561.614  0.0333078 0.0250475 0.0063951  0.160412 -0.344765   9.77313
   561.619   0.0229158  0.0202511 0.00506279  0.137667 -0.312443   9.77074
   561.624   0.0151884  0.0149219 0.00506279  0.137667 -0.314838   9.77553
   561.629  0.0125237 0.0122573 0.0042634 0.141258  -0.3304   9.7863
   561.634   0.0133231  0.0114579 0.00506279  0.144849 -0.342371    9.7875
   561.639   0.0159877  0.0119908 0.00479632  0.164003 -0.361524   9.77912
   561.644  0.0167871 0.0117243 0.0042634  0.167594 -0.365116   9.76954
   561.649   0.0127902 0.00932619 0.00559571  0.174777 -0.373495   9.76595
   561.654  0.00826034 0.00746095 0.00346401  0.175974 -0.374693   9.77074
   561.659  0.00586217 0.00746095 0.00346401  0.158017 -0.349553   9.77193
   561.664  0.00719449  0.0085268 0.00692802  0.158017 -0.337582   9.77193
   561.669  0.00985911  0.0111914 0.00586217  0.154426 -0.318429   9.77193
   561.674  0.00879326  0.0119908  0.0063951  0.146046 -0.304064   9.77193
   561.679  0.00612864  0.0111914 0.00746095  0.152032 -0.318429   9.77433
   561.684  0.00399694  0.0106585  0.0085268  0.155623 -0.331597   9.78031
   561.689  0.00452986  0.0114579   0.010392  0.168791 -0.345962   9.78031
   561.694  0.0021317 0.0122573 0.0119908  0.158017 -0.314838   9.76355
   561.699  -0.0106585 0.00905972  0.0191853  0.140061 -0.314838   9.75996
   561.704  -0.0167871  0.0042634   0.024781   0.15682 -0.361524    9.7875
   561.709  -0.00266462  0.00772741   0.0229158  0.177171 -0.392649   9.80426
   561.714  0.0207841  0.017853 0.0183859  0.184354 -0.409408   9.79947
   561.719  0.0359724 0.0253139 0.0146554  0.180762 -0.401029   9.78151
   561.724   0.035706 0.0250475 0.0133231  0.162806 -0.374693   9.76715
   561.729  0.0263798 0.0194518 0.0106585  0.150835 -0.350751   9.76595
   561.734   0.0170536  0.0141225 0.00905972  0.146046 -0.336385   9.77193
   561.739   0.0117243   0.010925 0.00772741    0.1652 -0.356736   9.77672
   561.744   0.0106585 0.00932619 0.00532925  0.159214 -0.344765   9.77792
   561.749   0.0111914 0.00932619 0.00586217  0.149638 -0.325611   9.77672
   561.754    0.010925   0.010392 0.00452986   0.15682 -0.329203   9.77193
   561.759   0.0063951 0.00932619 0.00452986  0.149638 -0.314838   9.76116
   561.764  -0.00612864  0.00532925   0.0106585  0.141258 -0.290895   9.74799
   561.769   -0.0261133 -0.00186524   0.0194518  0.122104 -0.289698   9.75517
   561.774   -0.0365054 -0.00746095   0.0306432  0.135272 -0.329203    9.7875
   561.779   -0.0253139 -0.00373047   0.0314426 0.179565 -0.39624  9.80545
   561.784  -0.00133231  0.00772741   0.0271792  0.192733 -0.418985   9.80306
   561.789  0.0202511 0.0186524 0.0239816  0.201113 -0.428562   9.79348
   561.794  0.0314426  0.024781 0.0202511  0.191536 -0.401029   9.78031
   561.799  0.0327749 0.0261133 0.0183859    0.1652 -0.357933   9.77433
   561.804  0.0298438  0.024781 0.0183859  0.150835 -0.342371   9.77553
   561.809  0.0269127 0.0231822 0.0167871   0.15682 -0.344765   9.77912
   561.814  0.0242481 0.0207841 0.0162542  0.147243 -0.323217   9.78151
   561.819  0.0207841 0.0189188  0.017853  0.140061 -0.318429   9.78151
   561.824  0.0173201 0.0167871 0.0191853  0.148441 -0.337582   9.78151
   561.829  0.0130567 0.0141225 0.0173201  0.159214 -0.349553   9.77792
   561.834  0.0101256 0.0119908 0.0173201  0.164003 -0.361524   9.77193
   561.839  0.00905972  0.0106585  0.0175865   0.17358 -0.380678    9.7863
   561.844  0.0119908 0.0106585 0.0151884  0.168791 -0.379481   9.79228
   561.849  0.0197182 0.0135896 0.0141225  0.169988 -0.380678    9.7875
   561.854   0.0271792  0.0175865 0.00905972  0.183156 -0.377087   9.76595
   561.859   0.0266462  0.0183859 0.00479632   0.15682 -0.295684   9.72405
   561.864  0.00373047  0.0119908  0.0122573  0.124498 -0.235829   9.75637
   561.869   -0.0303767 -0.00319755  0.00959265  0.154426 -0.356736   9.79228
   561.874   -0.0354395 -0.00959265  0.00719449  0.122104 -0.289698   9.79588
   561.879   -0.0354395 -0.00959265  0.00719449   0.155623 -0.0466869    9.78869
   561.884    -0.0197182 -0.000799387    0.0167871  0.155623 -0.353145   9.78869
   561.889  -0.0042634 0.00772741  0.0149219  0.168791 -0.395043   9.78391
   561.894  0.00346401  0.0122573  0.0183859  0.161609 -0.389058   9.78989
   561.899  0.00799387  0.0146554  0.0173201  0.179565 -0.403423   9.78271
   561.904  0.0133231 0.0173201 0.0117243  0.180762 -0.381875   9.77792
   561.909   0.0165207  0.0183859 0.00799387  0.172383 -0.374693   9.77433
   561.914   0.0151884  0.0173201 0.00612864  0.161609 -0.373495   9.78031
   561.919  0.0151884 0.0162542 0.0063951  0.149638 -0.347159   9.78151
   561.924   0.0189188  0.0173201 0.00346401  0.149638 -0.335188   9.77553
   561.929   0.0202511  0.0175865 0.00239816  0.142455 -0.326809   9.77313
   561.934   0.0167871  0.0151884 0.00293109  0.148441 -0.335188   9.76595
   561.939    0.010392  0.0111914 0.00319755  0.148441 -0.373495   9.77074
   561.944  0.00506279 0.00746095  0.0021317  0.166397 -0.368707   9.77792
   561.949    0.0063951  0.00692802 -0.00106585  0.162806 -0.361524   9.77433
   561.954   0.0101256 0.00932619          0   0.15682 -0.354342   9.77074
   561.959    0.00879326   0.00932619 -0.000532925  0.161609 -0.319626   9.77313
   561.964   0.00346401  0.00692802 -0.00106585 0.144849 -0.32202  9.77553
   561.969  -0.00106585  0.00506279  0.00266462  0.142455 -0.345962   9.77672
   561.974          -0 0.00532925 0.00319755  0.158017 -0.336385   9.77074
   561.979  0.00266462 0.00772741 0.00239816 0.154426  -0.3304  9.76116
   561.984  0.00159877 0.00959265 0.00346401  0.154426 -0.335188   9.75278
   561.989  -0.00985911   0.0063951   0.0063951  0.152032 -0.343568   9.75278
   561.994  -0.0285115          0 0.00879326  0.153229 -0.343568   9.75278
   561.999  -0.0468974 -0.0063951 0.00719449  0.150835 -0.332794   9.76236
   562.004  -0.0612864 -0.0119908  0.0063951  0.152032 -0.336385   9.77553
   562.009  -0.0703461 -0.0159877 0.00692802   0.15682 -0.351948    9.7851
   562.014  -0.0727443 -0.0173201 0.00772741  0.162806 -0.372298   9.78151
   562.019  -0.0690138 -0.0167871 0.00612864  0.172383 -0.392649   9.78151
   562.024  -0.0618193 -0.0149219 0.00373047 0.177171 -0.40462   9.7851
   562.029   -0.053559 -0.0119908 0.00239816  0.184354 -0.417788    9.7863
   562.034   -0.0447657 -0.00905972   0.0021317  0.180762 -0.410606    9.7863
   562.039  -0.0346401 -0.0063951 0.00133231  0.178368 -0.416591    9.7875
   562.044   -0.0261133 -0.00346401  0.00239816  0.174777 -0.414197    9.7875
   562.049    -0.0181194 -0.000532925   0.00106585 0.171185 -0.39624  9.78271
   562.054  -0.0117243 0.00159877 0.00106585  0.179565 -0.389058   9.78271
   562.059  -0.00746095  0.00266462 0.000266462  0.174777 -0.384269   9.78031
   562.064  -0.0042634 0.00346401 -0.0021317  0.166397 -0.384269   9.77672
   562.069  -0.00133231  0.00506279 -0.00106585  0.181959 -0.405817   9.77433
   562.074  0.000532925   0.0063951    0.067415  0.181959 -0.410606   9.76954
   562.079   0.00159877  0.00746095 -0.00133231  0.183156 -0.409408   9.76715
   562.084   0.00239816   0.0085268 -0.00186524  0.183156 -0.398635   9.77193
   562.089  0.00452986  0.0101256 -0.0676815  0.179565 -0.386664   9.77912
   562.094  0.00772741  0.0127902 0.00373047  0.177171 -0.389058   9.77553
   562.099   0.0114579  0.0151884 0.00586217  0.166397 -0.379481   9.77672
   562.104   0.0149219  0.0167871 0.00719449  0.172383 -0.379481   9.77553
   562.109   0.0181194  0.0181194 0.00159877  0.185551 -0.392649   9.76715
   562.114    0.0165207    0.017853 -0.00133231  0.159214 -0.381875   9.77433
   562.119  0.0114579 0.0149219         0 0.175974   -0.413   9.7863
   562.124    0.0122573    0.013856 -0.00106585  0.171185 -0.405817   9.78031
   562.129     0.0162542    0.0149219 -0.000266462 0.171185 -0.39624  9.77792
   562.134     0.0194518    0.0149219 -0.000266462 0.169988 -0.39624  9.77553
   562.139  0.0189188  0.014389         0  0.168791 -0.385466   9.77433
   562.144    0.0154548   0.0125237 -0.00186524  0.171185 -0.380678   9.77912
   562.149    0.0117243  0.00932619 -0.00266462  0.167594 -0.371101   9.77433
   562.154  0.00826034 0.00826034 -0.0021317  0.177171 -0.386664   9.77313
   562.159   0.00506279  0.00772741 -0.00452986 0.181959 -0.39624  9.77553
   562.164   0.00346401  0.00719449 -0.00452986  0.168791 -0.386664   9.78031
   562.169   0.00399694  0.00826034 -0.00186524 0.178368 -0.39624  9.78151
   562.174    0.0063951    0.010392 -0.00159877  0.179565 -0.391452   9.77912
   562.179    0.00879326    0.0119908 -0.000799387 0.184354 -0.39624  9.77553
   562.184   0.00826034   0.0122573 -0.00239816  0.180762 -0.402226   9.76834
   562.189  0.00746095  0.0130567 -0.0021317  0.171185 -0.389058   9.77074
   562.194    0.00985911    0.0146554 -0.000799387  0.177171 -0.395043   9.77433
   562.199     0.0135896    0.0162542 -0.000799387  0.174777 -0.401029   9.77313
   562.204     0.0165207    0.0173201 -0.000266462  0.167594 -0.398635   9.77792
   562.209   0.0173201  0.0175865 0.00106585  0.167594 -0.391452   9.78391
   562.214   0.0183859  0.0175865 0.00133231  0.171185 -0.385466   9.78391
   562.219    0.0194518    0.017853 0.000799387  0.174777 -0.389058   9.77912
   562.224   0.0205176  0.0173201 0.00106585    0.1652 -0.385466   9.78031
   562.229  0.0197182 0.0157213 0.0021317    0.1652 -0.384269   9.78271
   562.234   0.0181194  0.0141225 0.00159877  0.161609 -0.369904   9.78151
   562.239   0.0157213  0.0122573 0.00239816  0.158017 -0.362722   9.77912
   562.244  0.0119908 0.0106585 0.0021317  0.167594 -0.379481   9.77433
   562.249  0.00799387  0.0085268  0.0021317  0.161609 -0.369904   9.76834
   562.254  0.00559571 0.00746095 0.00452986  0.169988 -0.384269   9.76954
   562.259  0.00532925 0.00719449 0.00346401  0.178368 -0.399832   9.77193
   562.264  0.00559571 0.00799387 0.00319755  0.168791 -0.387861   9.77553
   562.269  0.00692802 0.00905972 0.00506279  0.175974 -0.395043   9.77912
   562.274  0.00905972  0.0106585 0.00479632   0.17358 -0.395043   9.77792
   562.279   0.0101256  0.0119908 0.00506279   0.17358 -0.398635   9.77313
   562.284   0.0106585  0.0130567 0.00266462 0.171185 -0.39624  9.76834
   562.289  0.0114579 0.0146554 0.0021317    0.1652 -0.380678   9.77074
   562.294   0.0119908  0.0149219 0.00399694  0.169988 -0.380678   9.77553
   562.299   0.0127902  0.0157213 0.00532925  0.171185 -0.385466   9.77792
   562.304   0.0146554  0.0165207 0.00452986  0.171185 -0.392649   9.78031
   562.309  0.0173201 0.0167871 0.0042634    0.1652 -0.391452   9.78031
   562.314   0.0197182  0.0181194 0.00479632  0.159214 -0.386664   9.78151
   562.319    0.021317  0.0189188 0.00532925  0.164003 -0.386664   9.77792
   562.324   0.0215835  0.0189188 0.00666156   0.15682 -0.374693   9.77193
   562.329   0.0181194  0.0167871 0.00959265  0.158017 -0.379481   9.76715
   562.334    0.014389  0.0135896 0.00959265  0.161609 -0.379481   9.77193
   562.339   0.0117243  0.0114579 0.00959265  0.167594 -0.378284   9.77672
   562.344   0.0106585 0.00959265 0.00826034  0.175974 -0.384269   9.77792
   562.349  0.00932619  0.0085268 0.00692802  0.167594 -0.373495   9.77553
   562.354  0.00666156 0.00772741 0.00772741   0.17358 -0.384269   9.77553
   562.359  0.00319755 0.00692802 0.00506279  0.181959 -0.399832   9.77313
   562.364  0.000532925  0.00612864  0.00239816  0.168791 -0.395043   9.76475
   562.369  0.000799387  0.00692802  0.00239816 0.175974 -0.40462  9.76715
   562.374    0.00373047   0.00826034 -0.000532925  0.183156 -0.408211   9.77313
   562.379   0.00692802    0.010392 -0.00186524   0.17358 -0.397437   9.77792
   562.384  0.00879326  0.0119908 -0.0021317 0.174777 -0.39624  9.78151
   562.389    0.0106585   0.0135896 -0.00239816  0.171185 -0.387861   9.78031
   562.394    0.0127902   0.0151884 -0.00266462  0.172383 -0.392649   9.77792
   562.399     0.014389   0.0165207 -0.00319755    0.1652 -0.381875   9.77074
   562.404     0.0146554    0.0170536 -0.000532925  0.159214 -0.374693   9.77433
   562.409  0.0151884 0.0170536 0.0021317   0.15682 -0.378284   9.78031
   562.414   0.0162542  0.0167871 0.00293109  0.159214 -0.386664   9.78869
   562.419   0.0175865  0.0167871 0.00266462  0.169988 -0.391452   9.79228
   562.424   0.0186524  0.0167871 0.00133231  0.168791 -0.383072    9.7863
   562.429   0.0175865  0.0154548 0.00239816 0.167594 -0.37589  9.77912
   562.434   0.0154548   0.013856 0.00293109  0.164003 -0.374693   9.77433
   562.439    0.013856  0.0122573 0.00399694   0.15682 -0.368707   9.77553
   562.444   0.0130567   0.010392 0.00373047  0.161609 -0.374693   9.77193
   562.449   0.0117243 0.00879326 0.00319755   0.15682 -0.374693   9.76595
   562.454  0.00959265 0.00772741 0.00399694  0.164003 -0.384269   9.76834
   562.459   0.00746095  0.00772741 0.000799387  0.184354 -0.403423   9.77433
   562.464   0.00479632  0.00719449 -0.00506279  0.177171 -0.389058   9.77433
   562.469  0.00266462  0.0063951 -0.0042634  0.167594 -0.380678   9.77792
   562.474   0.00479632  0.00746095 -0.00346401  0.177171 -0.395043   9.78151
   562.479   0.00985911   0.0106585 -0.00373047   0.17358 -0.389058   9.78031
   562.484    0.0127902   0.0130567 -0.00399694   0.17358 -0.379481   9.77074
   562.489    0.0122573    0.013856 -0.00266462  0.166397 -0.365116   9.76715
   562.494    0.0101256   0.0133231 -0.00106585  0.171185 -0.374693   9.77074
   562.499   0.00959265   0.0141225 -0.00266462  0.171185 -0.384269   9.77313
   562.504    0.0117243   0.0159877 -0.00399694  0.162806 -0.380678   9.77672
   562.509     0.0154548    0.0170536 -0.000532925  0.150835 -0.369904   9.77313
   562.514    0.017853  0.0173201 0.00479632  0.150835 -0.368707   9.77074
   562.519   0.0173201  0.0167871 0.00746095  0.162806 -0.378284   9.77193
   562.524  0.0159877 0.0159877 0.0063951  0.164003 -0.377087   9.77792
   562.529   0.0157213  0.0149219 0.00612864  0.161609 -0.377087   9.78151
   562.534  0.0162542  0.013856 0.0042634    0.1652 -0.379481   9.77553
   562.539   0.0170536  0.0135896 0.00346401  0.161609 -0.372298   9.76595
   562.544  0.0149219 0.0125237 0.0021317  0.168791 -0.380678   9.77074
   562.549     0.0106585     0.010392 -0.000266462  0.167594 -0.380678   9.77553
   562.554    0.00692802   0.00826034 -0.000532925  0.171185 -0.379481   9.77792
   562.559   0.00479632  0.00666156 -0.00293109  0.174777 -0.386664   9.77553
   562.564    0.0042634  0.00692802 -0.00559571  0.161609 -0.372298   9.77672
   562.569   0.00506279  0.00799387 -0.00239816  0.155623 -0.371101   9.77792
   562.574   0.00559571  0.00879326 -0.00106585  0.168791 -0.387861   9.77313
   562.579   0.00559571  0.00985911 -0.00106585  0.164003 -0.385466   9.77553
   562.584   0.00612864   0.0106585 -0.00106585  0.167594 -0.384269   9.77553
   562.589   0.00746095   0.0114579 -0.00106585  0.166397 -0.374693   9.77553
   562.594   0.00959265   0.0133231 0.000799387    0.1652 -0.374693   9.78031
   562.599   0.0122573  0.0151884 0.00159877  0.168791 -0.377087    9.7851
   562.604   0.0146554  0.0165207 0.00159877   0.17358 -0.384269   9.78151
   562.609   0.0167871  0.0173201 0.00266462  0.168791 -0.385466   9.77912
   562.614   0.0183859   0.017853 0.00266462  0.169988 -0.389058   9.78031
   562.619   0.0197182  0.0183859 0.00133231  0.168791 -0.387861   9.77912
   562.624     0.0207841     0.017853 -0.000532925  0.159214 -0.374693   9.77553
   562.629  0.0194518 0.0162542         0  0.154426 -0.365116   9.77553
   562.634     0.017853   0.0149219 0.000266462  0.159214 -0.369904   9.78031
   562.639    0.0159877   0.0130567 0.000266462  0.155623 -0.360327   9.76954
   562.644   0.010392 0.0101256 0.0021317  0.152032 -0.353145   9.76475
   562.649  0.00319755  0.0063951 0.00293109  0.153229 -0.356736   9.77193
   562.654  -0.00186524  0.00399694  0.00452986   0.15682 -0.366313   9.77553
   562.659  -0.00346401  0.00266462  0.00293109  0.172383 -0.389058   9.77912
   562.664  -0.00319755  0.00346401 -0.00133231  0.171185 -0.385466   9.77912
   562.669  -0.00186524  0.00532925 0.000532925  0.167594 -0.380678   9.77792
   562.674  0.00186524 0.00692802          0  0.184354 -0.408211   9.77553
   562.679   0.00532925  0.00905972 -0.00346401  0.184354 -0.407014   9.77912
   562.684   0.00799387   0.0114579 -0.00719449  0.183156 -0.402226   9.78151
   562.689     0.010392   0.0127902 -0.00959265  0.174777 -0.389058   9.77193
   562.694    0.0125237   0.0141225 -0.00985911    0.1652 -0.377087   9.76715
   562.699  0.0141225 0.0154548 -0.010392  0.159214 -0.371101   9.76715
   562.704  0.0146554 0.0162542 -0.010392  0.160412 -0.369904   9.76954
   562.709   0.0149219  0.0165207 -0.0085268  0.158017 -0.368707   9.77433
   562.714   0.0154548  0.0165207 -0.0063951    0.1652 -0.386664   9.77912
   562.719    0.0157213   0.0159877 -0.00559571  0.175974 -0.401029   9.77792
   562.724   0.0167871  0.0157213 -0.0063951  0.179565 -0.403423   9.77313
   562.729    0.0189188   0.0157213 -0.00612864  0.171185 -0.392649   9.77912
   562.734    0.0229158   0.0170536 -0.00479632  0.160412 -0.372298    9.7863
   562.739   0.0250475  0.0181194 -0.0042634  0.137667 -0.332794   9.79228
   562.744    0.021317  0.0165207 -0.0042634  0.130484 -0.312443   9.78989
   562.749     0.010392    0.010925 -0.00746095  0.134075 -0.311246   9.78151
   562.754  -0.0042634 0.00373047  -0.010925 0.140061  -0.3304  9.77672
   562.759   -0.0157213 -0.00186524  -0.0146554  0.162806 -0.366313   9.77433
   562.764   -0.0197182 -0.00399694  -0.0186524  0.178368 -0.397437   9.76715
   562.769   -0.0194518 -0.00373047  -0.0167871  0.190339 -0.427365   9.75996
   562.774   -0.0157213 -0.00159877  -0.0149219  0.213084 -0.462081   9.75757
   562.779  -0.00586217  0.00293109  -0.0167871  0.211887 -0.460884   9.76475
   562.784    0.010392 0.00985911 -0.0191853  0.205901 -0.446519   9.77313
   562.789   0.0255804  0.0170536 -0.0194518 0.181959 -0.39624  9.77074
   562.794    0.032242  0.0221164 -0.0146554  0.158017 -0.353145   9.77912
   562.799   0.0311761  0.0226493 -0.0117243  0.152032 -0.335188   9.79228
   562.804   0.0250475  0.0210505 -0.0114579  0.150835 -0.324414   9.78869
   562.809   0.0159877  0.0175865 -0.0114579  0.140061 -0.320823   9.78391
   562.814  0.00905972  0.0135896  -0.010392  0.140061 -0.335188   9.78151
   562.819   0.0063951  0.0114579 -0.0101256  0.154426 -0.361524   9.78031
   562.824  0.00879326  0.0114579 -0.0101256  0.174777 -0.398635    9.7875
   562.829   0.0205176  0.0141225 -0.0101256   0.19393 -0.451307   9.79947
   562.834   0.0436998  0.0221164 -0.0149219  0.228646 -0.513556   9.79228
   562.839    0.077807  0.0335743 -0.0253139 0.235829 -0.56144  9.84855
   562.844    0.171868  0.0623522 -0.0452986    0.2478 -0.603339   9.96347
   562.849    0.293908   0.114312 -0.0506279  0.235829 -0.533907   9.83897
   562.854    0.304034    0.13483 -0.0306432   0.15682 -0.344765   9.65222
   562.859    0.190521  0.0924625 -0.0210505 0.0407014 -0.102951   9.61511
   562.864   0.0516937  0.0298438 -0.0226493 -0.0251391  0.0778116    9.66659
   562.869  -0.0492956 -0.0157213 -0.0250475 0.0035913 0.0323217   9.70969
   562.874  -0.0983247 -0.0389035  -0.028245  0.071826 -0.164003   9.77792
   562.879  -0.0815375  -0.035706 -0.0306432  0.147243 -0.353145   9.84496
   562.884   -0.031709  -0.013856 -0.0290444  0.232238 -0.518345   9.83299
   562.889    0.013856 0.00932619 -0.0258469   0.23104 -0.511162   9.79468
   562.894   0.0330413  0.0210505 -0.0173201  0.201113 -0.456095   9.73961
   562.899  0.0197182 0.0175865 -0.014389  0.187945 -0.423774   9.73363
   562.904  -0.00266462  0.00826034  -0.0159877  0.158017 -0.356736   9.75757
   562.909  -0.00959265   0.0042634  -0.0199847  0.117316 -0.268151   9.80186
   562.914  0.00479632 0.00932619  -0.021317 0.0909797 -0.205901    9.8294
   562.919   0.0237152  0.0162542 -0.0175865 0.0993594 -0.227449   9.81264
   562.924   0.0274456  0.0170536 -0.0146554  0.149638 -0.318429   9.77792
   562.929   0.0125237   0.010925 -0.0157213  0.180762 -0.393846   9.75637
   562.934  -0.00293109  0.00293109   -0.017853  0.198719 -0.445322   9.76475
   562.939  -0.00479632 0.000266462  -0.0205176  0.198719 -0.442927   9.77553
   562.944  0.00506279 0.00452986 -0.0221164   0.17358 -0.373495   9.78391
   562.949   0.0133231 0.00932619 -0.0237152  0.135272 -0.295684   9.77553
   562.954   0.0101256 0.00826034 -0.0199847  0.108936 -0.246603   9.76595
   562.959  0.00293109 0.00373047 -0.0165207  0.116119 -0.246603   9.77433
   562.964   -0.00612864 -0.000532925   -0.0165207  0.142455 -0.305261   9.76116
   562.969   -0.017853 -0.0042634 -0.0149219  0.147243 -0.332794   9.77792
   562.974   -0.0223828 -0.00586217   -0.014389  0.169988 -0.372298   9.79468
   562.979   -0.0173201 -0.00346401  -0.0159877  0.180762 -0.390255   9.80306
   562.984  -0.00666156  0.00186524  -0.0149219  0.191536 -0.395043   9.79588
   562.989  0.00586217 0.00826034 -0.0159877  0.180762 -0.361524   9.78031
   562.994  0.0130567 0.0130567 -0.014389  0.159214 -0.333991   9.77433
   562.999  0.0146554  0.014389 -0.014389  0.148441 -0.318429   9.76236
   563.004   0.0117243  0.0135896 -0.0146554  0.141258 -0.325611   9.75996
   563.009  0.0021317 0.0101256 -0.014389  0.140061 -0.339977   9.77433
   563.014  -0.00346401  0.00612864  -0.0117243  0.144849 -0.332794   9.78391
   563.019  -0.00186524  0.00586217  -0.0085268  0.164003 -0.356736   9.79588
   563.024    0.0063951  0.00959265 -0.00746095  0.179565 -0.383072   9.80785
   563.029    0.0207841   0.0159877 -0.00772741  0.169988 -0.366313   9.78989
   563.034    0.0330413    0.021317 -0.00586217    0.1652 -0.353145   9.77313
   563.039    0.0325084   0.0210505 -0.00586217 0.150835  -0.3304  9.76116
   563.044    0.0210505   0.0157213 -0.00346401  0.132878 -0.298078   9.75517
   563.049  0.00612864 0.00826034          0    0.12809 -0.0047884    9.77193
   563.054  -0.00319755  0.00319755  0.00266462   0.12809 -0.365116   9.77792
   563.059  -0.00346401   0.0021317   0.0021317  0.166397 -0.383072   9.77433
   563.064  -0.000799387   0.00346401  -0.00293109  0.179565 -0.355539   9.77792
   563.069    0.0042634  0.00612864 -0.00293109   0.15682 -0.363919   9.77193
   563.074  0.00905972 0.00879326 -0.0021317  0.172383 -0.349553   9.76595
   563.079   0.00985911   0.0101256 -0.00479632  0.167594 -0.351948   9.76595
   563.084   0.00746095    0.010392 -0.00452986    0.1652 -0.363919   9.76834
   563.089  0.00692802   0.010392 -0.0063951  0.175974 -0.341174   9.78031
   563.094  0.00932619  0.0122573 -0.0063951  0.167594 -0.332794    9.7875
   563.099     0.013856   0.0151884 -0.00666156  0.160412 -0.329203   9.77912
   563.104    0.0146554   0.0159877 -0.00772741  0.149638 -0.342371   9.77313
   563.109    0.0127902   0.0151884 -0.00719449  0.146046 -0.365116   9.77553
   563.114   0.0130567  0.0149219 -0.0063951 0.158017 -0.36751  9.78151
   563.119    0.0167871   0.0157213 -0.00666156   0.1652 -0.33878   9.7863
   563.124    0.0197182   0.0170536 -0.00586217  0.140061 -0.307655   9.78271
   563.129     0.017853   0.0157213 -0.00452986  0.132878 -0.299275   9.78151
   563.134    0.0114579   0.0122573 -0.00186524  0.135272 -0.299275   9.78151
   563.139  0.00692802 0.00959265 0.00133231  0.141258 -0.311246   9.77672
   563.144  0.00719449 0.00932619 0.00612864  0.155623 -0.348356   9.77074
   563.149  0.00772741 0.00905972 0.00799387  0.154426 -0.356736   9.77313
   563.154  0.00586217 0.00799387  0.0085268  0.162806 -0.363919   9.77433
   563.159  0.00346401 0.00666156  0.0106585  0.172383 -0.371101   9.77193
   563.164  0.00319755 0.00586217 0.00905972  0.164003 -0.350751   9.76595
   563.169  0.00399694 0.00612864  0.0085268  0.171185 -0.354342   9.76715
   563.174  0.00452986 0.00746095  0.0085268  0.171185 -0.351948   9.78151
   563.179   0.0063951 0.00905972 0.00479632  0.168791 -0.348356   9.79109
   563.184   0.0085268   0.010392 0.00133231  0.161609 -0.343568   9.78989
   563.189    0.0085268   0.0111914 -0.00266462  0.146046 -0.336385   9.78869
   563.194   0.00799387   0.0114579 -0.00319755  0.158017 -0.343568   9.77313
   563.199   0.00959265   0.0119908 -0.00266462  0.168791 -0.345962   9.75877
   563.204    0.0085268   0.0127902 -0.00479632  0.168791 -0.353145   9.76715
   563.209    0.0063951   0.0127902 -0.00532925  0.155623 -0.349553   9.78989
   563.214   0.00772741   0.0130567 -0.00612864  0.149638 -0.344765   9.80306
   563.219   0.0111914   0.014389 -0.0063951  0.160412 -0.354342   9.78031
   563.224    0.0141225   0.0149219 -0.00692802  0.154426 -0.357933   9.77672
   563.229    0.0149219   0.0146554 -0.00612864  0.158017 -0.357933   9.77313
   563.234    0.0197182   0.0151884 -0.00666156  0.164003 -0.339977    9.7851
   563.239    0.0274456    0.017853 -0.00692802  0.150835 -0.319626   9.78151
   563.244    0.0274456   0.0181194 -0.00985911  0.150835 -0.323217   9.77313
   563.249   0.0149219  0.0125237 -0.0119908  0.141258 -0.310049   9.77074
   563.254   0.00186524  0.00532925 -0.00959265  0.159214 -0.333991   9.77792
   563.259  -0.00159877  0.00293109 -0.00985911  0.172383 -0.357933   9.78391
   563.264  0.00159877 0.00506279 -0.0085268  0.158017 -0.342371   9.76595
   563.269   0.00612864  0.00746095 -0.00479632 0.169988 -0.36751  9.76595
   563.274    0.0063951   0.0085268 -0.00666156    0.1652 -0.371101   9.77313
   563.279   0.00479632  0.00879326 -0.00586217  0.159214 -0.349553   9.78271
   563.284   0.00692802   0.0119908 -0.00692802 0.169988 -0.35913  9.77672
   563.289   0.0125237  0.0154548 -0.0133231  0.172383 -0.374693   9.78271
   563.294   0.0183859  0.0183859 -0.0229158  0.168791 -0.351948   9.77792
   563.299   0.0237152  0.0194518 -0.0258469  0.140061 -0.305261   9.77433
   563.304   0.0242481  0.0173201 -0.0175865  0.125696 -0.295684   9.78271
   563.308    0.0191853   0.0146554 -0.00559571  0.136469 -0.311246   9.77553
   563.314     0.013856   0.0151884 0.000799387  0.155623 -0.342371    9.7863
   563.319    0.0141225   0.0173201 0.000266462  0.167594 -0.354342   9.78271
   563.324    0.0199847   0.0197182 -0.00319755    0.1652 -0.341174   9.76834
   563.329    0.0229158   0.0173201 -0.00346401  0.147243 -0.311246   9.76236
   563.334   0.0175865  0.0122573 0.00293109   0.11971 -0.271742   9.77074
   563.339  0.00879326 0.00985911  0.0167871  0.116119 -0.274136   9.78031
   563.344  0.00559571  0.0106585  0.0277121 0.147243 -0.32202  9.78151
   563.349  0.00905972  0.0127902   0.031709  0.158017 -0.342371   9.78271
   563.354  0.0141225 0.0149219 0.0343737  0.161609 -0.344765   9.78031
   563.359  0.0231822 0.0165207 0.0325084  0.168791 -0.353145    9.7851
   563.364  0.0223828 0.0170536 0.0287779  0.152032 -0.328006   9.78031
   563.369  0.0186524 0.0165207 0.0309096  0.140061 -0.283713   9.78151
   563.374  0.00479632  0.0135896  0.0373047  0.105345 -0.161609   9.74081
   563.379     0.0253139 -0.000799387    0.0439663 0.137667  -0.2478  9.67856
   563.384  -0.0223828 -0.0255804   0.017853  0.185551 -0.427365   9.75757
   563.389  -0.0858009 -0.0279786 0.00399694 0.172383 -0.35913  9.79109
   563.394   -0.133764 -0.0146554 0.00666156  0.198719 -0.398635   9.77313
   563.399  -0.0626187 -0.0117243 0.00373047  0.181959 -0.422577   9.76834
   563.404  -0.0663492 -0.0149219 0.00559571  0.178368 -0.414197   9.77313
   563.409   -0.060487  -0.013856 0.00586217 0.185551   -0.413  9.79947
   563.414   -0.0370383 -0.00559571  0.00532925  0.174777 -0.386664   9.82341
   563.419  -0.00586217  0.00719449  0.00612864  0.172383 -0.392649   9.81982
   563.424   0.0199847  0.0170536 0.00506279    0.1652 -0.381875   9.80545
   563.429   0.0330413  0.0226493 0.00506279  0.161609 -0.353145   9.78869
   563.434   0.0290444  0.0207841 0.00346401 0.155623 -0.33878  9.77193
   563.439   0.0154548   0.013856 0.00346401  0.155623 -0.347159   9.76715
   563.444   0.0042634 0.00772741 0.00239816  0.171185 -0.368707   9.76954
   563.449  0.000799387  0.00532925 0.000799387  0.177171 -0.392649   9.77074
   563.454  0.00399694 0.00666156 0.00186524  0.174777 -0.390255   9.77313
   563.459    0.010925 0.00959265 0.00186524  0.174777 -0.373495   9.77792
   563.464     0.0151884    0.0119908 -0.000266462  0.164003 -0.351948   9.77433
   563.469    0.0122573   0.0117243 0.000532925   0.15682 -0.347159   9.76834
   563.474   0.00666156  0.00959265 0.000266462  0.168791 -0.371101   9.77074
   563.479   0.00399694  0.00879326 -0.00106585  0.168791 -0.377087   9.77553
   563.484   0.00586217  0.00959265 -0.00186524  0.171185 -0.371101   9.78391
   563.489   0.0111914  0.0122573 -0.0021317  0.164003 -0.356736   9.78151
   563.494     0.0141225    0.0146554 -0.000266462  0.161609 -0.362722   9.77553
   563.499     0.013856   0.0159877 -0.00239816    0.1652 -0.373495   9.76834
   563.504    0.0157213   0.0170536 -0.00399694  0.167594 -0.373495   9.77193
   563.509    0.0183859   0.0183859 -0.00319755  0.167594 -0.371101   9.77792
   563.514    0.0207841   0.0186524 -0.00159877  0.162806 -0.363919   9.77553
   563.519     0.0218499    0.0183859 -0.000532925  0.155623 -0.357933   9.77672
   563.524     0.021317    0.017853 -0.00133231   0.15682 -0.353145   9.78031
   563.529    0.0199847   0.0167871 -0.00159877  0.149638 -0.349553   9.78391
   563.534    0.0197182   0.0159877 -0.00159877  0.152032 -0.350751   9.77912
   563.539    0.0183859   0.0149219 -0.00159877  0.150835 -0.349553   9.77313
   563.544     0.0146554    0.0125237 -0.000799387  0.150835 -0.354342   9.76715
   563.549  0.00959265 0.00985911 -0.0021317  0.158017 -0.361524   9.76475
   563.554   0.00532925   0.0085268 -0.00159877  0.161609 -0.365116   9.77074
   563.559    0.0042634  0.00746095 -0.00239816  0.177171 -0.381875   9.77553
   563.564   0.00506279  0.00746095 -0.00559571  0.169988 -0.374693   9.77792
   563.569   0.00532925  0.00799387 -0.00373047   0.15682 -0.350751   9.77553
   563.574   0.00532925   0.0085268 -0.00186524 0.172383 -0.35913  9.76834
   563.579   0.00879326    0.010392 -0.00293109  0.168791 -0.353145   9.77792
   563.584    0.0111914   0.0122573 -0.00319755  0.161609 -0.348356   9.77313
   563.589   0.00959265   0.0133231 -0.00373047 0.160412 -0.35913  9.77074
   563.594  0.00719449  0.0127902 -0.0042634    0.1652 -0.365116   9.77074
   563.599  0.00879326  0.0135896 -0.0042634  0.166397 -0.365116   9.77912
   563.604     0.013856   0.0159877 -0.00346401   0.1652 -0.35913  9.78391
   563.609    0.0181194    0.017853 -0.00239816  0.161609 -0.353145    9.7851
   563.614    0.0183859   0.0170536 -0.00133231  0.164003 -0.349553   9.77553
   563.619    0.0151884   0.0154548 -0.00159877  0.164003 -0.354342   9.77433
   563.624    0.0133231    0.014389 -0.00293109  0.164003 -0.366313   9.77433
   563.629    0.0146554   0.0146554 -0.00186524 0.159214 -0.35913   9.7863
   563.634    0.0162542   0.0146554 -0.00133231  0.164003 -0.365116   9.78271
   563.639   0.0154548  0.0141225 -0.0021317  0.162806 -0.363919   9.78271
   563.644    0.0133231   0.0122573 -0.00266462  0.161609 -0.357933   9.78271
   563.649     0.010925   0.0101256 -0.00319755   0.15682 -0.347159   9.77553
   563.654   0.00772741  0.00905972 -0.00293109  0.150835 -0.336385   9.77553
   563.659   0.00612864  0.00746095 -0.00346401  0.159214 -0.344765   9.76954
   563.664   0.00506279  0.00666156 -0.00586217    0.1652 -0.344765   9.76715
   563.669   0.00399694  0.00719449 -0.00559571   0.15682 -0.339977   9.77193
   563.674  0.00373047 0.00746095 -0.0042634  0.167594 -0.363919   9.77313
   563.679    0.0042634   0.0085268 -0.00479632 0.167594 -0.36751  9.77074
   563.684  0.00479632  0.0101256 -0.0042634  0.172383 -0.374693   9.76595
   563.689   0.00666156    0.010925 -0.00532925  0.174777 -0.385466   9.77313
   563.694    0.0101256   0.0130567 -0.00346401  0.158017 -0.349553   9.77912
   563.699      0.010392    0.0151884 -0.000532925  0.169988 -0.351948   9.78031
   563.704    0.0063951    0.014389 -0.00399694  0.161609 -0.353145   9.78151
   563.709    0.0042634   0.0133231 -0.00239816  0.137667 -0.319626    9.7863
   563.714  0.00666156   0.013856 0.00159877  0.152032 -0.337582    9.7863
   563.719   0.010392 0.0146554         0  0.174777 -0.374693   9.78031
   563.724    0.0135896   0.0146554 -0.00399694  0.177171 -0.389058    9.7863
   563.729    0.0167871   0.0151884 -0.00373047  0.161609 -0.365116    9.7863
   563.734    0.0183859   0.0154548 -0.00106585   0.15682 -0.345962    9.7863
   563.739     0.0151884    0.0135896 -0.000799387  0.147243 -0.332794   9.78031
   563.744    0.00506279   0.00879326 -0.000532925  0.141258 -0.332794   9.77313
   563.749  -0.00452986   0.0042634  -0.0021317  0.149638 -0.335188   9.77553
   563.754  -0.00612864  0.00239816 -0.00266462  0.154426 -0.336385   9.78031
   563.759  -0.00293109  0.00399694  -0.0021317  0.169988 -0.361524   9.77792
   563.764   0.00186524  0.00586217 -0.00452986  0.180762 -0.387861   9.76715
   563.769   0.00586217  0.00692802 -0.00452986  0.177171 -0.395043   9.76116
   563.774   0.00826034  0.00826034 -0.00239816  0.189142 -0.410606   9.77193
   563.779    0.0111914    0.010392 -0.00266462  0.183156 -0.391452   9.78031
   563.784    0.0141225   0.0133231 -0.00319755  0.174777 -0.361524   9.78271
   563.789    0.0127902   0.0146554 -0.00373047  0.159214 -0.341174   9.78271
   563.794   0.00879326   0.0141225 -0.00319755  0.137667 -0.326809   9.78151
   563.799   0.00692802   0.0127902 -0.00399694  0.144849 -0.332794    9.7863
   563.804   0.00879326   0.0127902 -0.00559571  0.155623 -0.351948   9.78989
   563.809    0.0125237    0.014389 -0.00719449  0.162806 -0.373495   9.78271
   563.814    0.0149219   0.0154548 -0.00746095  0.171185 -0.387861   9.77792
   563.819    0.0154548   0.0157213 -0.00826034  0.178368 -0.397437   9.77912
   563.824  0.0173201 0.0159877 -0.010392  0.181959 -0.395043   9.78271
   563.829   0.0215835  0.0170536 -0.0114579  0.168791 -0.372298   9.77553
   563.834   0.0250475  0.0175865 -0.0111914  0.158017 -0.354342   9.77193
   563.839   0.0239816  0.0165207 -0.0119908  0.154426 -0.339977   9.77193
   563.844   0.0183859  0.0135896 -0.0111914  0.148441 -0.326809   9.77193
   563.849   0.0117243   0.010392 -0.0106585  0.146046 -0.324414   9.77912
   563.854   0.00666156  0.00826034 -0.00905972  0.142455 -0.329203   9.78151
   563.859    0.0042634  0.00692802 -0.00772741  0.159214 -0.351948   9.78031
   563.864   0.00293109  0.00666156 -0.00826034  0.168791 -0.353145   9.77792
   563.869  0.000266462  0.00559571 -0.00666156  0.158017 -0.349553   9.77672
   563.874          -0 0.00532925 -0.0042634  0.161609 -0.363919   9.77074
   563.879   0.00346401  0.00746095 -0.00586217  0.167594 -0.366313   9.76595
   563.884   0.00692802    0.010392 -0.00719449  0.175974 -0.369904   9.76715
   563.889   0.00799387   0.0111914 -0.00826034  0.172383 -0.373495   9.76595
   563.894   0.00746095   0.0114579 -0.00799387  0.161609 -0.363919   9.76715
   563.899   0.00719449   0.0125237 -0.00692802    0.1652 -0.371101   9.76715
   563.904   0.00905972    0.013856 -0.00586217    0.1652 -0.371101   9.77792
   563.909    0.0133231   0.0157213 -0.00559571  0.168791 -0.374693   9.78989
   563.914    0.0173201   0.0170536 -0.00532925  0.164003 -0.360327   9.79348
   563.919    0.0199847   0.0183859 -0.00479632  0.158017 -0.344765    9.7851
   563.924    0.0189188    0.017853 -0.00506279   0.15682 -0.343568   9.77792
   563.929    0.0157213   0.0151884 -0.00532925  0.142455 -0.331597   9.77553
   563.934   0.0117243  0.0122573 -0.0042634  0.147243 -0.337582   9.77553
   563.939   0.00932619    0.010392 -0.00452986   0.15682 -0.351948   9.77912
   563.944  0.00879326 0.00932619 -0.0042634  0.159214 -0.354342   9.77553
   563.949   0.00905972  0.00879326 -0.00559571  0.169988 -0.360327   9.77193
   563.954   0.00772741  0.00826034 -0.00666156  0.164003 -0.345962   9.77313
   563.959   0.00559571  0.00772741 -0.00586217  0.162806 -0.349553   9.77193
   563.964   0.00373047  0.00692802 -0.00719449  0.166397 -0.362722   9.77313
   563.969   0.00373047  0.00692802 -0.00719449  0.166397 -0.362722   9.76834
   563.974   0.00293109  0.00612864 -0.00799387  0.158017 -0.354342   9.76834
   563.979   0.00319755  0.00666156 -0.00506279 0.159214 -0.35913  9.77193
   563.984   0.00452986   0.0085268 -0.00532925  0.166397 -0.366313   9.77553
   563.989    0.0063951  0.00985911 -0.00559571  0.167594 -0.362722   9.77672
   563.994  0.00799387  0.0111914 -0.0063951    0.1652 -0.356736   9.77433
   563.999  0.00826034  0.0119908 -0.0063951   0.15682 -0.343568   9.77672
   564.004   0.00746095   0.0125237 -0.00559571   0.15682 -0.347159   9.77792
   564.009   0.00879326   0.0133231 -0.00586217  0.155623 -0.347159   9.77672
   564.014    0.0114579    0.014389 -0.00612864    0.1652 -0.361524   9.78151
   564.019     0.014389   0.0159877 -0.00586217  0.162806 -0.363919   9.78151
   564.024    0.0157213   0.0173201 -0.00373047  0.162806 -0.366313   9.78031
   564.029    0.0154548   0.0167871 -0.00319755  0.164003 -0.366313   9.77553
   564.034     0.013856   0.0149219 -0.00452986  0.152032 -0.350751   9.77193
   564.039    0.0127902    0.013856 -0.00399694  0.150835 -0.350751   9.77553
   564.044    0.0133231   0.0130567 -0.00506279  0.152032 -0.351948   9.78271
   564.049    0.0135896   0.0122573 -0.00479632  0.149638 -0.336385   9.78151
   564.054   0.0111914  0.0111914 -0.0042634   0.15682 -0.342371   9.77433
   564.059   0.00692802  0.00905972 -0.00586217  0.152032 -0.339977   9.76834
   564.064   0.00293109  0.00692802 -0.00506279  0.159214 -0.348356   9.77074
   564.069   0.00159877  0.00559571 -0.00666156  0.168791 -0.368707   9.77313
   564.074   0.00159877  0.00506279 -0.00826034 0.161609 -0.35913  9.77313
   564.079   0.00293109  0.00666156 -0.00532925  0.164003 -0.360327   9.77313
   564.084   0.00399694   0.0085268 -0.00399694 0.172383 -0.36751  9.77193
   564.089   0.00479632  0.00959265 -0.00452986 0.166397 -0.36751  9.76715
   564.094   0.00506279  0.00985911 -0.00586217    0.1652 -0.368707   9.76715
   564.099  0.00559571  0.0111914 -0.0063951  0.159214 -0.360327   9.77553
   564.104   0.00799387   0.0125237 -0.00559571 0.159214 -0.35913   9.7851
   564.109   0.00985911   0.0135896 -0.00586217  0.160412 -0.360327   9.78151
   564.114    0.0117243   0.0151884 -0.00612864  0.164003 -0.355539   9.78031
   564.119    0.0130567   0.0159877 -0.00479632  0.161609 -0.345962    9.7851
   564.124    0.0135896   0.0162542 -0.00346401  0.162806 -0.355539   9.78151
   564.129   0.0133231  0.0154548 -0.0042634 0.162806 -0.36751  9.78031
   564.134    0.0127902    0.014389 -0.00506279  0.155623 -0.365116   9.78031
   564.139   0.0119908  0.0133231 -0.0042634  0.154426 -0.363919   9.78151
   564.144    0.0119908   0.0127902 -0.00506279  0.158017 -0.357933   9.77553
   564.149    0.0117243   0.0122573 -0.00532925 0.148441 -0.33878  9.77433
   564.154   0.0101256  0.0111914 -0.0042634  0.152032 -0.350751   9.77672
   564.159   0.00799387  0.00932619 -0.00559571  0.155623 -0.356736   9.78031
   564.164   0.00612864  0.00826034 -0.00532925  0.159214 -0.357933   9.77912
   564.169   0.00746095   0.0085268 -0.00746095  0.169988 -0.354342   9.76834
   564.174   0.00559571  0.00879326 -0.00772741  0.152032 -0.325611   9.77193
   564.179  0.000266462   0.0063951 -0.00506279  0.159214 -0.354342   9.77193
   564.184  -0.000266462   0.00612864  -0.00666156  0.175974 -0.380678   9.77553
   564.189    0.0042634  0.00905972 -0.00692802  0.177171 -0.379481   9.77433
   564.194   0.00879326   0.0122573 -0.00799387  0.177171 -0.357933   9.77313
   564.199   0.00879326   0.0130567 -0.00772741   0.15682 -0.357933   9.77672
   564.204   0.00746095   0.0127902 -0.00532925   0.15682 -0.353145   9.77193
   564.209   0.00932619   0.0130567 -0.00532925 0.159214 -0.35913  9.77193
   564.214    0.0135896   0.0149219 -0.00586217  0.164003 -0.356736   9.77193
   564.219    0.0167871   0.0167871 -0.00559571   0.15682 -0.351948   9.77193
   564.224    0.0173201   0.0170536 -0.00373047   0.15682 -0.354342   9.77433
   564.229    0.0159877   0.0157213 -0.00373047  0.161609 -0.357933   9.77912
   564.234     0.014389   0.0146554 -0.00506279 0.164003 -0.35913  9.78271
   564.239     0.014389    0.014389 -0.00506279  0.164003 -0.351948   9.78031
   564.244   0.0149219  0.0141225 -0.0042634  0.162806 -0.341174   9.77792
   564.249    0.0133231   0.0125237 -0.00399694  0.152032 -0.335188   9.77792
   564.254    0.010392   0.010392 -0.0042634 0.147243 -0.33878  9.77433
   564.259   0.00719449  0.00772741 -0.00506279  0.153229 -0.350751   9.77553
   564.264   0.00319755  0.00612864 -0.00452986  0.167594 -0.373495   9.77313
   564.269  0.000799387  0.00586217 -0.00692802  0.167594 -0.369904   9.77193
   564.274   0.00186524   0.0063951 -0.00905972  0.160412 -0.357933   9.77193
   564.279    0.0042634  0.00772741 -0.00586217  0.174777 -0.362722   9.77313
   564.284   0.00559571  0.00905972 -0.00399694  0.175974 -0.361524   9.77074
   564.289  0.00559571  0.0101256 -0.0042634  0.169988 -0.357933   9.77792
   564.294   0.00506279    0.010925 -0.00586217  0.159214 -0.345962   9.78031
   564.299   0.00719449   0.0117243 -0.00719449   0.15682 -0.343568   9.77792
   564.304     0.010925   0.0130567 -0.00586217  0.159214 -0.351948   9.77553
   564.308    0.0135896   0.0149219 -0.00559571  0.159214 -0.357933   9.77553
   564.314     0.014389   0.0162542 -0.00559571  0.159214 -0.350751   9.77792
   564.319   0.0146554  0.0167871 -0.0042634  0.166397 -0.357933   9.77792
   564.324    0.0149219   0.0159877 -0.00346401  0.168791 -0.360327   9.77912
   564.329    0.0157213   0.0159877 -0.00452986  0.158017 -0.350751   9.77553
   564.334    0.0162542   0.0157213 -0.00479632  0.152032 -0.354342   9.78031
   564.339   0.0154548  0.0149219 -0.0042634 0.152032 -0.35913  9.77792
   564.344   0.0135896  0.0135896 -0.0042634  0.149638 -0.353145   9.77672
   564.349    0.0122573   0.0122573 -0.00373047  0.154426 -0.353145   9.77433
   564.354    0.0117243    0.010925 -0.00479632  0.158017 -0.350751   9.77433
   564.359    0.0101256  0.00985911 -0.00506279   0.15682 -0.339977   9.77313
   564.364   0.00799387  0.00879326 -0.00666156    0.1652 -0.353145   9.77193
   564.369   0.00559571  0.00772741 -0.00932619  0.161609 -0.355539   9.77313
   564.374   0.00399694  0.00719449 -0.00799387  0.153229 -0.351948   9.77313
   564.379   0.00346401  0.00719449 -0.00612864  0.169988 -0.371101   9.78151
   564.384    0.0042634   0.0085268 -0.00612864 0.172383 -0.36751  9.78031
   564.389   0.00559571  0.00985911 -0.00692802 0.169988 -0.35913  9.77433
   564.394   0.00666156    0.010925 -0.00799387    0.1652 -0.357933   9.77193
   564.399   0.00666156   0.0117243 -0.00666156  0.159214 -0.350751   9.77553
   564.404   0.00746095   0.0125237 -0.00666156  0.158017 -0.349553   9.78151
   564.409   0.00959265    0.013856 -0.00559571  0.158017 -0.348356   9.78151
   564.414     0.010925   0.0151884 -0.00506279  0.159214 -0.353145   9.77672
   564.419   0.0114579  0.0149219 -0.0042634  0.162806 -0.357933   9.77433
   564.424    0.0119908   0.0151884 -0.00479632  0.166397 -0.361524   9.77313
   564.429    0.0130567   0.0149219 -0.00586217 0.164003 -0.35913  9.77313
   564.434     0.014389    0.014389 -0.00479632  0.158017 -0.350751   9.76834
   564.439    0.0146554   0.0133231 -0.00373047  0.162806 -0.356736   9.76595
   564.444    0.0133231   0.0122573 -0.00479632  0.158017 -0.357933   9.77074
   564.449    0.0127902   0.0117243 -0.00559571   0.15682 -0.357933   9.77553
   564.454    0.0135896   0.0114579 -0.00586217  0.152032 -0.345962   9.77074
   564.459    0.0135896   0.0101256 -0.00479632  0.146046 -0.339977   9.77193
   564.464     0.010925  0.00746095 -0.00452986  0.167594 -0.360327   9.77672
   564.469   0.00612864  0.00532925 -0.00772741  0.175974 -0.360327   9.77792
   564.474   0.00266462  0.00559571 -0.00666156  0.162806 -0.342371   9.78151
   564.479   0.00293109  0.00772741 -0.00373047  0.168791 -0.349553   9.77553
   564.484  0.00532925 0.00959265 -0.0042634  0.167594 -0.350751   9.76834
   564.489    0.0063951    0.010392 -0.00532925  0.172383 -0.350751   9.76355
   564.494   0.00506279   0.0106585 -0.00612864  0.171185 -0.351948   9.77074
   564.499   0.00586217   0.0114579 -0.00612864  0.159214 -0.351948   9.78031
   564.504   0.00826034    0.013856 -0.00559571  0.159214 -0.355539   9.78271
   564.509    0.0119908   0.0154548 -0.00479632 0.161609 -0.35913  9.78031
   564.514     0.013856   0.0162542 -0.00479632  0.160412 -0.351948   9.77792
   564.519    0.0141225   0.0162542 -0.00319755  0.160412 -0.348356   9.77553
   564.524    0.0135896   0.0154548 -0.00319755  0.159214 -0.355539   9.77553
   564.529    0.0133231   0.0141225 -0.00452986    0.1652 -0.361524   9.77792
   564.534    0.0133231   0.0130567 -0.00479632  0.162806 -0.357933   9.77912
   564.539    0.0130567   0.0122573 -0.00346401  0.161609 -0.361524   9.78031
   564.544    0.0122573   0.0114579 -0.00346401  0.159214 -0.356736   9.77553
   564.549    0.0106585   0.0106585 -0.00266462   0.15682 -0.353145   9.77193
   564.554    0.0085268  0.00932619 -0.00346401  0.159214 -0.349553   9.76715
   564.559    0.0063951  0.00772741 -0.00399694  0.149638 -0.341174   9.77193
   564.564   0.0042634  0.0063951 -0.0042634  0.159214 -0.362722   9.77672
   564.569   0.00346401   0.0063951 -0.00719449   0.1652 -0.36751  9.77313
   564.574   0.00399694  0.00666156 -0.00666156  0.152032 -0.350751   9.77074
   564.579   0.00319755  0.00772741 -0.00399694  0.162806 -0.356736   9.77193
   564.584  0.00266462 0.00826034 -0.0042634  0.169988 -0.360327   9.77553
   564.589   0.00399694  0.00879326 -0.00399694  0.175974 -0.360327   9.78151
   564.594   0.00586217    0.010392 -0.00532925   0.17358 -0.350751   9.77912
   564.599   0.00799387   0.0125237 -0.00559571  0.159214 -0.337582   9.77313
   564.604   0.00959265   0.0141225 -0.00506279  0.159214 -0.345962   9.77313
   564.609     0.010392   0.0146554 -0.00452986  0.159214 -0.349553   9.78151
   564.614   0.0114579  0.0151884 -0.0042634  0.159214 -0.356736    9.7875
   564.619    0.0133231   0.0157213 -0.00373047  0.159214 -0.360327   9.78869
   564.624    0.0151884   0.0162542 -0.00293109  0.159214 -0.360327   9.78271
   564.629    0.0149219   0.0159877 -0.00399694  0.162806 -0.365116   9.77433
   564.634    0.0127902   0.0146554 -0.00373047  0.153229 -0.347159   9.77313
   564.639    0.0106585   0.0125237 -0.00266462   0.15682 -0.349553   9.77553
   564.644   0.0101256  0.0111914 -0.0042634   0.15682 -0.347159   9.77553
   564.649   0.00932619    0.010392 -0.00399694  0.155623 -0.341174   9.77792
   564.654   0.00719449  0.00905972 -0.00399694  0.162806 -0.347159   9.77792
   564.659   0.00506279  0.00772741 -0.00399694  0.158017 -0.343568   9.77313
   564.664  0.00346401 0.00719449 -0.0042634    0.1652 -0.357933   9.76834
   564.669   0.00266462  0.00666156 -0.00746095  0.166397 -0.371101   9.77193
   564.674   0.00239816  0.00692802 -0.00772741  0.149638 -0.353145   9.77672
   564.679   0.00239816  0.00746095 -0.00399694  0.155623 -0.357933   9.77912
   564.684   0.00399694   0.0085268 -0.00373047 0.158017 -0.35913  9.77433
   564.689   0.00532925  0.00985911 -0.00479632  0.158017 -0.355539   9.77074
   564.694  0.00532925   0.010925 -0.0063951  0.160412 -0.353145   9.76834
   564.699   0.00586217   0.0117243 -0.00586217  0.160412 -0.351948   9.76954
   564.704   0.00719449   0.0122573 -0.00559571  0.172383 -0.368707   9.77792
   564.709   0.00959265   0.0135896 -0.00612864  0.169988 -0.368707    9.7863
   564.714    0.0130567   0.0154548 -0.00506279  0.164003 -0.365116    9.7863
   564.719     0.014389   0.0167871 -0.00399694  0.161609 -0.357933   9.78271
   564.724     0.014389   0.0162542 -0.00399694  0.161609 -0.357933    9.7851
   564.729    0.0151884   0.0157213 -0.00452986  0.154426 -0.353145    9.7875
   564.734    0.0154548   0.0154548 -0.00399694  0.146046 -0.339977    9.7851
   564.739    0.0141225    0.014389 -0.00266462  0.152032 -0.343568   9.78151
   564.744    0.0122573   0.0125237 -0.00346401  0.158017 -0.347159   9.78151
   564.749    0.0101256   0.0106585 -0.00399694  0.161609 -0.342371   9.78031
   564.754    0.0085268  0.00905972 -0.00479632   0.17358 -0.354342   9.77433
   564.759    0.0063951  0.00799387 -0.00559571    0.1652 -0.354342   9.76834
   564.764   0.00452986  0.00746095 -0.00479632    0.1652 -0.356736   9.76595
   564.769   0.00319755  0.00692802 -0.00666156  0.169988 -0.361524   9.76954
   564.774    0.0021317  0.00692802 -0.00746095  0.155623 -0.342371   9.77074
   564.779   0.00186524  0.00692802 -0.00399694  0.154426 -0.344765   9.76715
   564.784   0.00266462  0.00746095 -0.00346401  0.164003 -0.362722   9.76595
   564.789   0.00373047  0.00879326 -0.00373047  0.174777 -0.371101   9.77193
   564.794   0.00506279   0.0106585 -0.00586217  0.185551 -0.378284   9.77672
   564.799   0.00719449   0.0122573 -0.00746095  0.172383 -0.366313   9.77792
   564.804  0.00905972  0.0133231 -0.0063951    0.1652 -0.361524   9.77912
   564.809    0.0111914   0.0146554 -0.00532925 0.160412 -0.35913  9.77792
   564.814    0.0127902   0.0154548 -0.00479632  0.164003 -0.362722   9.77193
   564.819    0.0135896   0.0157213 -0.00479632  0.154426 -0.349553   9.77193
   564.824    0.0146554   0.0157213 -0.00346401  0.148441 -0.341174   9.77313
   564.829    0.0159877   0.0159877 -0.00346401  0.154426 -0.353145   9.77912
   564.834    0.0157213   0.0154548 -0.00373047  0.152032 -0.356736   9.78271
   564.839    0.0127902   0.0135896 -0.00346401  0.162806 -0.368707   9.77792
   564.844     0.010392   0.0114579 -0.00479632  0.171185 -0.368707   9.77553
   564.849    0.0101256   0.0106585 -0.00452986  0.164003 -0.353145   9.77433
   564.854   0.00959265  0.00959265 -0.00479632  0.161609 -0.350751   9.77074
   564.859   0.00746095  0.00905972 -0.00559571   0.15682 -0.344765   9.76595
   564.864   0.00506279   0.0085268 -0.00452986  0.155623 -0.350751   9.76715
   564.869  0.00346401 0.00746095 -0.0063951  0.164003 -0.361524   9.77313
   564.874   0.00266462  0.00692802 -0.00826034  0.162806 -0.348356   9.77912
   564.879   0.00373047  0.00692802 -0.00506279  0.168791 -0.348356   9.78271
   564.884   0.00532925   0.0085268 -0.00452986  0.178368 -0.368707   9.78271
   564.889   0.00692802   0.0106585 -0.00506279  0.177171 -0.373495   9.78031
   564.894  0.00799387  0.0117243 -0.0063951  0.172383 -0.365116   9.77553
   564.899   0.00799387   0.0127902 -0.00612864  0.158017 -0.347159   9.77313
   564.904   0.00905972   0.0133231 -0.00506279   0.15682 -0.349553   9.77193
   564.909    0.0111914   0.0141225 -0.00506279  0.152032 -0.348356   9.77313
   564.914    0.0119908   0.0154548 -0.00506279  0.154426 -0.353145   9.77912
   564.919    0.0130567   0.0159877 -0.00452986  0.154426 -0.356736   9.78271
   564.924     0.014389   0.0159877 -0.00373047 0.162806 -0.35913  9.78391
   564.929    0.0157213   0.0159877 -0.00373047  0.169988 -0.356736    9.7863
   564.934    0.0162542   0.0154548 -0.00399694  0.161609 -0.347159    9.7875
   564.939    0.0154548   0.0146554 -0.00293109  0.158017 -0.348356   9.76834
   564.944     0.014389   0.0135896 -0.00346401  0.164003 -0.361524   9.77433
   564.949   0.0146554  0.0127902 -0.0042634  0.155623 -0.350751   9.78271
   564.954    0.0141225   0.0111914 -0.00346401  0.150835 -0.341174   9.78869
   564.959   0.00879326   0.0085268 -0.00479632  0.159214 -0.354342   9.78031
   564.964   0.00319755  0.00612864 -0.00506279  0.162806 -0.366313   9.77193
   564.969    0.0021317  0.00559571 -0.00666156  0.164003 -0.368707   9.77553
   564.974   0.00506279  0.00719449 -0.00879326  0.158017 -0.350751   9.78031
   564.979    0.0063951   0.0085268 -0.00586217  0.155623 -0.337582   9.77433
   564.984   0.00479632  0.00826034 -0.00479632  0.167594 -0.349553   9.77193
   564.989   0.00319755   0.0085268 -0.00532925 0.172383 -0.35913  9.77313
   564.994   0.00452986  0.00985911 -0.00692802  0.172383 -0.366313   9.77553
   564.999   0.00932619   0.0125237 -0.00772741    0.1652 -0.357933    9.7851
   565.004    0.0133231   0.0146554 -0.00612864  0.164003 -0.354342   9.78151
   565.009    0.0133231   0.0149219 -0.00586217  0.161609 -0.362722   9.77193
   565.014    0.0117243   0.0141225 -0.00666156   0.15682 -0.366313   9.77433
   565.019    0.0130567    0.014389 -0.00586217  0.149638 -0.351948   9.78391
   565.024    0.0159877   0.0162542 -0.00399694  0.153229 -0.345962    9.7863
   565.029     0.017853   0.0167871 -0.00399694  0.162806 -0.350751   9.77912
   565.034    0.0165207   0.0151884 -0.00612864  0.155623 -0.347159   9.77792
   565.039    0.0146554    0.013856 -0.00532925  0.150835 -0.342371   9.77912
   565.044    0.0146554   0.0130567 -0.00479632  0.152032 -0.343568   9.77433
   565.049   0.0149219  0.0119908 -0.0042634  0.154426 -0.343568   9.77433
   565.054    0.0133231   0.0114579 -0.00319755  0.161609 -0.347159   9.77074
   565.059  0.00985911 0.00959265 -0.0042634    0.1652 -0.350751   9.76834
   565.064    0.0063951  0.00772741 -0.00506279   0.15682 -0.345962   9.77193
   565.069   0.00452986  0.00692802 -0.00666156  0.164003 -0.349553   9.77193
   565.074    0.0042634  0.00719449 -0.00826034    0.1652 -0.349553   9.77313
   565.079   0.00373047  0.00772741 -0.00559571  0.162806 -0.349553   9.77912
   565.084   0.00346401  0.00799387 -0.00399694  0.167594 -0.368707   9.77912
   565.089   0.00346401  0.00826034 -0.00452986  0.162806 -0.366313   9.77193
   565.094    0.0042634  0.00959265 -0.00506279  0.166397 -0.361524   9.77193
   565.099   0.00612864   0.0114579 -0.00559571  0.166397 -0.354342   9.77313
   565.104  0.00799387  0.0125237 -0.0042634  0.164003 -0.349553   9.77313
   565.109     0.010392   0.0135896 -0.00506279  0.169988 -0.365116   9.78151
   565.114    0.0149219   0.0154548 -0.00346401  0.153229 -0.343568    9.7863
   565.119     0.0173201    0.0170536 -0.000532925  0.162806 -0.349553   9.77433
   565.124    0.0149219   0.0159877 -0.00559571   0.15682 -0.350751   9.77313
   565.129    0.0130567   0.0146554 -0.00373047  0.146046 -0.341174   9.77313
   565.134    0.0146554   0.0149219 -0.00239816  0.159214 -0.361524   9.77672
   565.139   0.0165207  0.0151884 -0.0021317  0.153229 -0.349553   9.77912
   565.144    0.0154548   0.0141225 -0.00133231  0.155623 -0.339977   9.78031
   565.149    0.0133231   0.0125237 -0.00159877  0.152032 -0.337582   9.78031
   565.154    0.0106585   0.0106585 -0.00239816  0.155623 -0.348356   9.77672
   565.159   0.00799387  0.00932619 -0.00479632  0.155623 -0.349553   9.77313
   565.164   0.00479632  0.00746095 -0.00452986  0.148441 -0.343568   9.77792
   565.169  0.000266462  0.00586217 -0.00319755   0.15682 -0.347159   9.77313
   565.174  -0.00452986   0.0042634 -0.00399694   0.15682 -0.343568   9.76715
    565.18  -0.00666156  0.00346401 -0.00319755   0.15682 -0.349553   9.77074
   565.185  -0.00186524  0.00506279 -0.00373047  0.178368 -0.387861   9.77912
    565.19   0.00666156  0.00879326 -0.00506279  0.183156 -0.384269   9.77553
   565.195    0.0119908   0.0127902 -0.00399694  0.175974 -0.361524   9.76595
     565.2    0.0106585   0.0133231 -0.00452986  0.159214 -0.347159   9.76475
   565.205  0.00506279  0.0117243 -0.0042634  0.149638 -0.333991   9.77074
    565.21   0.00239816   0.0111914 -0.00506279   0.15682 -0.347159   9.78031
   565.215    0.0063951   0.0119908 -0.00586217  0.164003 -0.356736    9.7863
    565.22     0.013856   0.0146554 -0.00586217  0.162806 -0.354342   9.78271
   565.225    0.0186524   0.0170536 -0.00479632  0.155623 -0.350751   9.77912
    565.23    0.0175865   0.0170536 -0.00399694 0.153229 -0.35913  9.77553
   565.234    0.0135896   0.0154548 -0.00479632   0.15682 -0.357933   9.77074
    565.24     0.010392   0.0127902 -0.00452986  0.150835 -0.350751   9.78031
   565.245    0.0101256   0.0119908 -0.00399694  0.152032 -0.357933   9.78391
    565.25    0.0114579   0.0119908 -0.00399694  0.148441 -0.348356   9.78151
   565.255    0.0117243   0.0114579 -0.00346401  0.155623 -0.344765   9.78271
    565.26    0.0085268  0.00959265 -0.00479632  0.162806 -0.355539    9.7851
   565.265   0.00506279  0.00719449 -0.00532925  0.155623 -0.354342   9.78151
    565.27    0.0042634  0.00666156 -0.00319755  0.167594 -0.365116   9.77792
   565.275   0.00319755  0.00666156 -0.00746095  0.175974 -0.373495   9.77792
    565.28    0.0021317   0.0063951 -0.00826034  0.149638 -0.336385   9.77912
   565.285   0.00319755  0.00719449 -0.00319755  0.162806 -0.349553   9.77433
    565.29   0.00399694  0.00879326 -0.00346401    0.1652 -0.354342   9.76954
   565.295   0.00159877  0.00905972 -0.00399694  0.155623 -0.344765   9.77074
     565.3  -0.000799387   0.00826034  -0.00399694  0.155623 -0.347159   9.78031
   565.305  -0.000532925    0.0085268  -0.00373047  0.160412 -0.356736    9.7875
   565.308  0.00479632  0.0111914 -0.0042634  0.174777 -0.379481   9.78391
   565.315    0.0122573   0.0141225 -0.00532925  0.179565 -0.365116   9.77912
    565.32    0.0181194   0.0167871 -0.00479632  0.171185 -0.350751   9.77553
   565.325   0.0186524  0.0181194 -0.0021317  0.161609 -0.347159   9.77074
    565.33    0.0141225   0.0170536 -0.00186524  0.160412 -0.343568   9.77313
   565.335    0.0119908   0.0151884 -0.00319755  0.155623 -0.336385   9.77912
    565.34    0.0111914   0.0135896 -0.00346401  0.148441 -0.345962   9.78151
   565.345    0.0122573   0.0130567 -0.00239816  0.155623 -0.348356   9.77912
    565.35    0.0130567   0.0127902 -0.00266462  0.158017 -0.351948   9.77553
   565.355     0.010392   0.0114579 -0.00239816  0.159214 -0.366313   9.77672
    565.36   0.00719449  0.00879326 -0.00346401  0.171185 -0.360327   9.77792
   565.365   0.00479632  0.00692802 -0.00479632   0.1652 -0.35913  9.77912
    565.37   0.00373047  0.00666156 -0.00479632 0.162806 -0.35913  9.77553
   565.375   0.00479632  0.00719449 -0.00612864  0.169988 -0.335188   9.76715
    565.38   0.00479632  0.00772741 -0.00586217  0.160412 -0.343568   9.76595
   565.385   0.00319755  0.00772741 -0.00399694  0.161609 -0.356736   9.77193
    565.39   0.00266462  0.00826034 -0.00532925  0.171185 -0.366313   9.77792
   565.395   0.00373047  0.00932619 -0.00559571  0.171185 -0.366313   9.77912
     565.4  0.00586217  0.0106585 -0.0063951  0.162806 -0.356736   9.77912
   565.405   0.00719449   0.0119908 -0.00666156   0.1652 -0.35913  9.77553
    565.41  0.00799387  0.0130567 -0.0063951  0.161609 -0.356736   9.77433
   565.415   0.00985911    0.014389 -0.00586217  0.164003 -0.356736   9.77433
    565.42    0.0119908   0.0159877 -0.00559571   0.15682 -0.343568   9.77792
   565.425     0.014389   0.0165207 -0.00452986   0.15682 -0.350751   9.78031
    565.43    0.0157213   0.0167871 -0.00373047  0.158017 -0.353145   9.77912
   565.435    0.0159877   0.0167871 -0.00346401  0.154426 -0.347159   9.77792
    565.44     0.014389   0.0159877 -0.00346401  0.155623 -0.353145   9.77553
   565.445    0.0111914   0.0133231 -0.00479632  0.149638 -0.347159   9.77792
    565.45   0.00932619   0.0117243 -0.00452986  0.153229 -0.353145   9.78031
   565.455   0.00959265   0.0114579 -0.00293109  0.162806 -0.365116   9.77792
    565.46  0.00879326  0.0106585 -0.0042634  0.154426 -0.355539   9.76834
   565.465   0.00692802  0.00826034 -0.00532925    0.1652 -0.357933   9.76834
    565.47   0.00452986  0.00692802 -0.00746095  0.174777 -0.368707   9.77792
   565.475   0.00346401  0.00666156 -0.00746095  0.160412 -0.353145   9.78151
    565.48   0.00373047  0.00666156 -0.00346401  0.164003 -0.351948   9.78031
   565.485   0.00373047  0.00692802 -0.00319755  0.167594 -0.351948   9.77553
    565.49   0.00319755  0.00746095 -0.00266462  0.159214 -0.345962   9.77193
   565.495   0.00106585  0.00826034 -0.00319755  0.162806 -0.350751   9.77433
     565.5  -0.000266462   0.00879326  -0.00479632  0.167594 -0.355539   9.78031
   565.505  0.00186524 0.00959265 -0.0063951  0.178368 -0.373495   9.78391
    565.51   0.00692802   0.0117243 -0.00666156  0.174777 -0.374693   9.78031
   565.515    0.0133231   0.0146554 -0.00532925  0.168791 -0.360327   9.77553
    565.52    0.0173201   0.0170536 -0.00373047   0.15682 -0.349553   9.77074
   565.525    0.0165207   0.0170536 -0.00373047  0.149638 -0.350751   9.77074
    565.53   0.0130567  0.0157213 -0.0042634  0.152032 -0.355539   9.78031
   565.535    0.0114579    0.013856 -0.00399694  0.152032 -0.348356   9.79228
    565.54    0.0127902   0.0133231 -0.00293109  0.162806 -0.349553   9.78989
   565.545    0.0149219   0.0130567 -0.00346401  0.160412 -0.351948   9.78151
    565.55    0.0157213   0.0111914 -0.00346401  0.155623 -0.349553   9.77074
   565.555    0.0122573  0.00879326 -0.00346401  0.172383 -0.363919   9.77193
    565.56   0.00799387  0.00746095 -0.00506279 0.169988 -0.35913  9.77193
   565.565   0.00612864  0.00666156 -0.00452986    0.1652 -0.360327   9.76834
    565.57   0.00586217  0.00666156 -0.00559571  0.167594 -0.366313   9.77074
   565.575   0.00586217  0.00692802 -0.00586217  0.147243 -0.339977   9.77433
    565.58   0.00506279  0.00719449 -0.00293109 0.149638 -0.33878  9.78031
   565.585    0.0042634  0.00826034 -0.00399694    0.1652 -0.362722   9.76834
    565.59   0.00319755  0.00959265 -0.00452986  0.166397 -0.363919   9.77553
   565.595   0.00479632   0.0111914 -0.00506279    0.1652 -0.351948   9.77553
     565.6   0.00719449   0.0119908 -0.00479632  0.15682 -0.33878  9.77433
   565.605   0.00692802   0.0119908 -0.00373047  0.161609 -0.356736   9.76595
    565.61   0.00479632   0.0119908 -0.00452986    0.1652 -0.379481   9.77313
   565.615   0.00532925   0.0135896 -0.00559571  0.171185 -0.381875   9.77313
    565.62    0.0106585   0.0167871 -0.00532925  0.159214 -0.357933   9.78271
   565.625    0.0199847   0.0181194 -0.00319755   0.15682 -0.347159   9.77672
    565.63    0.0173201   0.0165207 -0.00293109  0.158017 -0.344765   9.77193
   565.635    0.0130567    0.014389 -0.00452986  0.155623 -0.347159   9.76954
    565.64     0.010925   0.0122573 -0.00479632  0.159214 -0.355539   9.77792
   565.645    0.0127902   0.0117243 -0.00452986  0.164003 -0.349553    9.7863
    565.65    0.0141225   0.0119908 -0.00346401  0.164003 -0.344765   9.78031
   565.655    0.0114579   0.0111914 -0.00373047  0.167594 -0.356736   9.77193
    565.66   0.00666156  0.00879326 -0.00586217  0.158017 -0.354342   9.77193
   565.665    0.0042634  0.00719449 -0.00506279  0.152032 -0.351948   9.77433
    565.67  0.00399694 0.00692802 -0.0063951  0.161609 -0.361524   9.78391
   565.675    0.0042634  0.00772741 -0.00799387  0.158017 -0.350751   9.78151
    565.68   0.00346401  0.00772741 -0.00532925  0.162806 -0.349553   9.78151
   565.685   0.00239816  0.00772741 -0.00559571  0.171185 -0.361524   9.78031
    565.69   0.00399694  0.00826034 -0.00559571  0.171185 -0.360327   9.77912
   565.695   0.00612864  0.00985911 -0.00612864  0.172383 -0.365116   9.77792
     565.7  0.00746095  0.0119908 -0.0063951 0.164003 -0.35913  9.77672
   565.705   0.00799387   0.0127902 -0.00532925  0.168791 -0.360327   9.77553
    565.71    0.0101256   0.0141225 -0.00532925    0.1652 -0.356736   9.77912
   565.715    0.0133231   0.0157213 -0.00532925  0.158017 -0.351948   9.77912
    565.72   0.0157213  0.0165207 -0.0042634  0.148441 -0.347159   9.77313
   565.725    0.0157213   0.0159877 -0.00346401  0.155623 -0.356736   9.77313
    565.73   0.0149219  0.0154548 -0.0042634  0.161609 -0.360327   9.77433
   565.735     0.014389    0.014389 -0.00532925  0.155623 -0.345962   9.77672
    565.74    0.0135896    0.013856 -0.00373047  0.155623 -0.343568   9.78031
   565.745    0.0127902   0.0125237 -0.00346401  0.159214 -0.347159   9.77912
    565.75    0.0117243   0.0114579 -0.00373047  0.155623 -0.351948   9.77433
   565.755  0.00932619 0.00985911 -0.0042634  0.164003 -0.361524   9.77792
    565.76   0.00692802   0.0085268 -0.00532925  0.159214 -0.354342   9.78031
   565.765  0.00532925 0.00746095 -0.0042634  0.155623 -0.347159   9.78151
    565.77   0.00452986  0.00666156 -0.00559571 0.160412 -0.35913  9.77912
   565.775   0.00399694  0.00666156 -0.00719449  0.152032 -0.353145   9.77193
    565.78   0.00266462  0.00746095 -0.00506279  0.155623 -0.345962   9.77433
   565.785  0.00239816 0.00799387 -0.0042634    0.1652 -0.351948   9.77792
    565.79    0.0042634  0.00932619 -0.00506279    0.1652 -0.348356   9.77433
   565.795    0.0063951   0.0106585 -0.00586217    0.1652 -0.355539   9.77433
     565.8   0.00719449   0.0114579 -0.00666156  0.166397 -0.361524   9.77553
   565.805   0.00826034   0.0119908 -0.00586217  0.169988 -0.361524   9.77792
    565.81    0.0101256    0.013856 -0.00586217  0.168791 -0.354342   9.77912
   565.815    0.0125237   0.0154548 -0.00479632  0.161609 -0.351948   9.77433
    565.82     0.013856   0.0159877 -0.00452986  0.155623 -0.349553   9.77074
   565.825    0.0146554   0.0162542 -0.00399694  0.154426 -0.351948   9.77553
    565.83    0.0154548   0.0157213 -0.00373047 0.158017 -0.35913  9.77792
   565.835    0.0157213   0.0151884 -0.00399694  0.154426 -0.360327   9.77553
    565.84    0.0149219   0.0146554 -0.00319755  0.152032 -0.354342   9.77313
   565.845    0.0125237   0.0133231 -0.00373047  0.155623 -0.356736   9.77553
    565.85    0.0106585   0.0114579 -0.00452986  0.155623 -0.350751   9.77792
   565.855   0.00985911    0.010392 -0.00399694  0.160412 -0.354342   9.77912
    565.86   0.00799387  0.00932619 -0.00506279  0.159214 -0.354342   9.78031
   565.865  0.00586217 0.00826034 -0.0042634  0.158017 -0.348356   9.77672
    565.87    0.0042634  0.00746095 -0.00532925  0.167594 -0.350751   9.77672
   565.875   0.00346401  0.00692802 -0.00746095  0.166397 -0.342371   9.77433
    565.88   0.00346401  0.00772741 -0.00479632  0.161609 -0.342371   9.76834
   565.885   0.00319755  0.00826034 -0.00399694  0.166397 -0.365116   9.76595
    565.89    0.0042634  0.00905972 -0.00479632  0.160412 -0.371101   9.76954
   565.895   0.00559571    0.010392 -0.00506279  0.162806 -0.374693   9.77672
     565.9   0.00666156   0.0119908 -0.00612864  0.162806 -0.371101   9.77553
   565.905   0.00826034   0.0133231 -0.00586217  0.158017 -0.361524   9.77193
    565.91     0.010925    0.014389 -0.00559571  0.158017 -0.353145   9.77313
   565.915    0.0130567   0.0154548 -0.00479632  0.161609 -0.351948   9.78151
    565.92    0.014389  0.0162542 -0.0042634  0.159214 -0.344765   9.78031
   565.925    0.0151884   0.0167871 -0.00266462  0.159214 -0.344765   9.77912
    565.93    0.0151884   0.0165207 -0.00319755  0.161609 -0.347159   9.78151
   565.935    0.0141225   0.0151884 -0.00506279  0.160412 -0.354342   9.77433
    565.94    0.0127902    0.013856 -0.00532925   0.15682 -0.353145   9.76834
   565.945    0.0119908   0.0127902 -0.00479632  0.154426 -0.350751   9.77313
    565.95    0.010925  0.0117243 -0.0042634  0.152032 -0.348356   9.77553
   565.955    0.0101256    0.010392 -0.00346401  0.158017 -0.354342   9.77792
    565.96   0.00799387  0.00932619 -0.00532925  0.164003 -0.361524   9.77912
   565.965   0.00586217  0.00826034 -0.00559571  0.158017 -0.350751   9.77553
    565.97   0.00506279  0.00746095 -0.00559571  0.166397 -0.363919   9.77313
   565.975   0.00506279  0.00692802 -0.00746095    0.1652 -0.366313   9.77193
    565.98    0.0042634  0.00746095 -0.00586217  0.155623 -0.350751   9.77313
   565.985   0.0042634 0.00826034 -0.0042634  0.167594 -0.356736   9.77792
    565.99   0.00506279  0.00959265 -0.00452986  0.167594 -0.349553   9.77912
   565.995   0.00586217   0.0106585 -0.00532925  0.164003 -0.349553   9.77672
       566   0.00612864   0.0114579 -0.00666156  0.164003 -0.349553   9.77553
   566.005   0.00666156   0.0122573 -0.00586217  0.164003 -0.349553   9.77553
    566.01   0.0085268  0.0135896 -0.0063951  0.168791 -0.360327   9.77553
   566.015   0.0111914  0.0151884 -0.0063951  0.167594 -0.360327   9.77553
    566.02    0.0130567   0.0159877 -0.00532925  0.162806 -0.354342   9.77313
   566.025    0.0135896   0.0157213 -0.00373047  0.160412 -0.355539   9.77792
    566.03    0.0141225   0.0157213 -0.00399694  0.15682 -0.35913  9.78031
   566.035     0.014389   0.0159877 -0.00506279  0.154426 -0.354342   9.77672
    566.04    0.0149219   0.0154548 -0.00452986 0.149638 -0.33878  9.77433
   566.045    0.0149219   0.0133231 -0.00373047  0.149638 -0.341174   9.77313
    566.05   0.0122573  0.0117243 -0.0042634 0.148441 -0.33878  9.77074
   566.055   0.0085268  0.0117243 -0.0042634  0.154426 -0.341174   9.77313
    566.06   0.0085268 0.00985911 -0.0042634  0.154426 -0.341174   9.77313
   566.065   0.00692802   0.0085268 -0.00586217  0.161609 -0.354342   9.77553
    566.07    0.0063951  0.00772741 -0.00612864  0.154426 -0.354342   9.77313
   566.075   0.00559571  0.00692802 -0.00612864    0.1652 -0.372298   9.76834
    566.08   0.00399694  0.00692802 -0.00746095  0.166397 -0.369904   9.76954
   566.085   0.00346401  0.00746095 -0.00559571  0.154426 -0.347159   9.77433
    566.09   0.00399694  0.00799387 -0.00399694  0.162806 -0.355539   9.77553
   566.095   0.00559571  0.00905972 -0.00506279    0.1652 -0.357933   9.77792
     566.1   0.00719449    0.010392 -0.00586217   0.1652 -0.35913  9.77792
   566.105   0.00772741   0.0117243 -0.00666156  0.162806 -0.356736   9.77792
    566.11   0.00826034   0.0127902 -0.00532925  0.159214 -0.353145   9.77912
   566.115   0.00959265   0.0135896 -0.00452986  0.162806 -0.360327   9.78271
    566.12    0.0114579   0.0146554 -0.00506279  0.167594 -0.362722   9.78151
   566.125    0.0127902   0.0157213 -0.00532925    0.1652 -0.354342   9.78031
    566.13    0.0135896   0.0159877 -0.00373047  0.161609 -0.353145   9.78271
   566.135    0.0146554   0.0157213 -0.00319755  0.159214 -0.360327   9.77912
    566.14    0.0149219   0.0151884 -0.00479632  0.161609 -0.366313   9.77912
   566.145     0.014389    0.014389 -0.00452986 0.154426 -0.35913  9.77553
    566.15    0.0133231   0.0130567 -0.00346401 0.154426 -0.35913  9.77313
   566.155    0.0122573   0.0122573 -0.00346401  0.150835 -0.357933   9.77433
    566.16    0.0106585    0.010925 -0.00319755  0.150835 -0.354342   9.77792
   566.165  0.00959265 0.00905972 -0.0042634  0.160412 -0.357933   9.77912
    566.17   0.00826034  0.00826034 -0.00506279  0.159214 -0.345962   9.77792
   566.175   0.00666156  0.00772741 -0.00506279  0.168791 -0.351948   9.77912
    566.18   0.00506279  0.00719449 -0.00799387  0.169988 -0.355539   9.77433
   566.185   0.00373047  0.00719449 -0.00772741  0.152032 -0.339977   9.77074
    566.19   0.00266462  0.00746095 -0.00452986  0.160412 -0.360327   9.76834
   566.195   0.00319755  0.00826034 -0.00399694  0.166397 -0.363919   9.77313
     566.2    0.0042634  0.00985911 -0.00506279  0.174777 -0.368707   9.78151
   566.205   0.00586217    0.010925 -0.00746095    0.1652 -0.354342   9.78151
    566.21   0.00772741   0.0122573 -0.00586217  0.154426 -0.343568   9.77792
   566.215   0.00879326   0.0127902 -0.00506279  0.159214 -0.354342   9.77313
    566.22   0.00985911   0.0135896 -0.00506279  0.162806 -0.354342   9.77313
   566.225    0.0122573   0.0146554 -0.00452986  0.161609 -0.354342   9.77672
    566.23     0.013856   0.0154548 -0.00373047  0.158017 -0.356736   9.77792
   566.235    0.0149219   0.0159877 -0.00346401  0.161609 -0.360327   9.77553
    566.24   0.0151884  0.0154548 -0.0042634 0.168791 -0.35913  9.77792
   566.245     0.014389   0.0149219 -0.00479632  0.162806 -0.354342   9.78031
    566.25    0.0130567   0.0135896 -0.00479632  0.162806 -0.354342    9.7851
   566.255    0.0122573   0.0130567 -0.00479632  0.155623 -0.349553   9.77912
    566.26    0.0106585   0.0114579 -0.00373047  0.154426 -0.350751   9.77433
   566.265   0.00799387  0.00932619 -0.00452986  0.161609 -0.360327   9.77792
    566.27   0.00559571  0.00772741 -0.00506279   0.15682 -0.350751   9.77553
   566.275   0.00452986  0.00692802 -0.00479632 0.162806 -0.35913  9.77792
    566.28   0.00452986  0.00666156 -0.00719449  0.169988 -0.366313   9.77313
   566.285   0.00346401  0.00666156 -0.00799387  0.158017 -0.347159   9.77193
    566.29   0.00239816  0.00746095 -0.00506279  0.164003 -0.344765   9.77672
   566.295   0.00399694   0.0085268 -0.00559571  0.166397 -0.347159   9.77553
     566.3   0.00586217  0.00985911 -0.00612864  0.159214 -0.344765   9.77313
   566.305   0.00666156   0.0111914 -0.00692802  0.162806 -0.349553   9.77553
   566.308   0.00719449   0.0119908 -0.00666156  0.159214 -0.349553   9.77912
   566.315   0.00826034   0.0127902 -0.00612864  0.167594 -0.363919   9.78151
    566.32   0.0106585   0.014389 -0.0063951  0.171185 -0.373495   9.78151
   566.325    0.0135896   0.0154548 -0.00612864  0.167594 -0.371101   9.78031
    566.33   0.0149219  0.0154548 -0.0042634  0.159214 -0.357933   9.77912
   566.335    0.0151884   0.0157213 -0.00346401   0.15682 -0.349553   9.77792
    566.34    0.0149219   0.0159877 -0.00373047 0.158017 -0.33878  9.77912
   566.345    0.0151884   0.0149219 -0.00373047   0.15682 -0.326809   9.77792
    566.35    0.0141225   0.0135896 -0.00266462  0.155623 -0.332794   9.77672
   566.355    0.0119908   0.0125237 -0.00399694  0.153229 -0.345962   9.77912
    566.36   0.00932619   0.0111914 -0.00479632  0.152032 -0.356736   9.78031
   566.365   0.00719449  0.00985911 -0.00586217  0.155623 -0.369904   9.77792
    566.37  0.00612864  0.0085268 -0.0063951  0.150835 -0.363919   9.77433
   566.375   0.00532925  0.00772741 -0.00506279  0.161609 -0.366313   9.77313
    566.38   0.00399694  0.00746095 -0.00666156  0.168791 -0.369904   9.77553
   566.385   0.00346401  0.00692802 -0.00772741  0.159214 -0.350751   9.77792
    566.39   0.00319755  0.00692802 -0.00506279  0.158017 -0.349553   9.77074
   566.395   0.0042634 0.00826034 -0.0042634  0.161609 -0.355539   9.76834
     566.4   0.00612864   0.0101256 -0.00452986    0.1652 -0.351948   9.77074
   566.405    0.0063951    0.010925 -0.00612864  0.168791 -0.350751   9.77193
    566.41    0.0063951   0.0114579 -0.00692802  0.159214 -0.345962   9.77792
   566.415   0.00746095   0.0122573 -0.00586217  0.164003 -0.356736   9.78031
    566.42    0.0101256   0.0135896 -0.00559571  0.162806 -0.363919   9.77553
   566.425    0.0125237   0.0146554 -0.00506279  0.164003 -0.369904   9.77193
    566.43    0.0141225   0.0151884 -0.00452986  0.164003 -0.361524   9.77433
   566.435    0.0159877   0.0159877 -0.00452986  0.164003 -0.354342   9.78271
    566.44    0.0170536   0.0167871 -0.00479632  0.164003 -0.351948   9.78031
   566.445    0.0165207   0.0159877 -0.00532925 0.153229 -0.33878  9.78031
    566.45     0.014389   0.0146554 -0.00452986  0.147243 -0.343568   9.77912
   566.455    0.0125237   0.0125237 -0.00479632  0.154426 -0.347159   9.77672
    566.46    0.0111914   0.0106585 -0.00479632  0.155623 -0.357933   9.77433
   566.465    0.010392  0.0101256 -0.0042634  0.168791 -0.355539   9.77193
    566.47   0.00879326  0.00879326 -0.00506279  0.167594 -0.357933   9.77313
   566.475    0.0063951  0.00719449 -0.00479632  0.164003 -0.362722   9.77672
    566.48   0.00399694   0.0063951 -0.00612864  0.169988 -0.345962   9.77433
   566.485   0.00266462   0.0063951 -0.00799387  0.162806 -0.336385   9.77672
    566.49   0.00239816  0.00719449 -0.00586217  0.158017 -0.349553   9.77553
   566.495   0.00346401   0.0085268 -0.00532925  0.162806 -0.354342   9.77433
     566.5   0.00452986  0.00985911 -0.00479632 0.164003 -0.36751  9.77433
   566.505   0.00559571   0.0106585 -0.00559571  0.168791 -0.357933   9.77553
    566.51   0.00692802   0.0114579 -0.00692802  0.164003 -0.355539   9.77792
   566.515   0.00879326   0.0127902 -0.00586217  0.164003 -0.360327   9.77792
    566.52     0.010392   0.0141225 -0.00586217    0.1652 -0.360327   9.77792
   566.525    0.0125237   0.0154548 -0.00506279  0.162806 -0.353145   9.77553
    566.53     0.014389   0.0157213 -0.00452986 0.162806 -0.35913  9.77433
   566.535    0.0146554   0.0154548 -0.00373047  0.164003 -0.363919   9.77553
    566.54    0.0149219   0.0151884 -0.00452986 0.158017 -0.35913  9.77433
   566.545    0.0149219   0.0151884 -0.00559571   0.15682 -0.353145   9.77433
    566.55   0.0141225   0.014389 -0.0042634  0.159214 -0.348356   9.77792
   566.555    0.0125237   0.0127902 -0.00399694  0.152032 -0.343568   9.78151
    566.56   0.0114579  0.0114579 -0.0042634  0.154426 -0.347159   9.77792
   566.565   0.00959265  0.00985911 -0.00479632  0.152032 -0.349553   9.77074
    566.57   0.00772741   0.0085268 -0.00612864  0.153229 -0.351948   9.77193
   566.575   0.00559571  0.00746095 -0.00506279    0.1652 -0.360327   9.77433
    566.58   0.00399694  0.00692802 -0.00586217    0.1652 -0.356736   9.77313
   566.585   0.00319755  0.00666156 -0.00799387  0.158017 -0.355539   9.77313
    566.59   0.00266462  0.00799387 -0.00586217  0.166397 -0.365116   9.77553
   566.595   0.00319755   0.0085268 -0.00452986  0.169988 -0.361524   9.77672
     566.6   0.00452986  0.00932619 -0.00452986  0.172383 -0.354342   9.77792
   566.605   0.00559571   0.0106585 -0.00692802  0.162806 -0.350751   9.77553
    566.61   0.00666156   0.0114579 -0.00612864  0.161609 -0.351948   9.77313
   566.615   0.00746095   0.0127902 -0.00612864    0.1652 -0.366313   9.77553
    566.62   0.00879326    0.013856 -0.00559571  0.167594 -0.378284   9.77553
   566.625    0.0117243   0.0149219 -0.00479632  0.167594 -0.373495   9.77313
    566.63    0.0135896   0.0157213 -0.00373047  0.161609 -0.360327   9.77553
   566.635    0.0146554   0.0157213 -0.00346401  0.153229 -0.351948   9.77313
    566.64    0.0151884   0.0157213 -0.00373047  0.143652 -0.339977   9.77433
   566.645    0.0141225    0.014389 -0.00346401  0.144849 -0.331597   9.77553
    566.65   0.0127902  0.0135896 -0.0042634   0.15682 -0.344765   9.77553
   566.655    0.0122573   0.0122573 -0.00452986    0.1652 -0.356736   9.77313
    566.66    0.0117243   0.0111914 -0.00399694  0.169988 -0.363919   9.77313
   566.665    0.0106585  0.00985911 -0.00532925  0.169988 -0.366313   9.77433
    566.67    0.0085268   0.0085268 -0.00452986    0.1652 -0.360327   9.77792
   566.675    0.0063951  0.00799387 -0.00506279 0.169988 -0.36751  9.78271
    566.68    0.0042634  0.00692802 -0.00799387  0.158017 -0.354342   9.78031
   566.685   0.00399694  0.00692802 -0.00612864  0.147243 -0.336385   9.77553
    566.69   0.00373047  0.00746095 -0.00506279  0.161609 -0.349553   9.77433
   566.695   0.00346401  0.00826034 -0.00586217 0.167594 -0.35913  9.77672
     566.7    0.0042634  0.00932619 -0.00666156  0.175974 -0.378284   9.78271
   566.705   0.00559571    0.010925 -0.00746095  0.174777 -0.374693   9.78031
    566.71   0.00666156   0.0130567 -0.00532925  0.169988 -0.366313   9.77433
   566.715   0.00826034    0.014389 -0.00506279  0.167594 -0.363919   9.77792
    566.72    0.0101256   0.0151884 -0.00506279  0.162806 -0.354342   9.78031
   566.725    0.0119908   0.0159877 -0.00479632  0.159214 -0.341174   9.77792
    566.73    0.014389  0.0162542 -0.0042634  0.161609 -0.337582   9.77792
   566.735    0.0159877   0.0167871 -0.00399694  0.158017 -0.342371   9.77912
    566.74   0.0167871  0.0154548 -0.0042634  0.155623 -0.357933   9.78151
   566.745    0.0157213   0.0141225 -0.00399694  0.155623 -0.361524    9.7863
    566.75    0.014389  0.0127902 -0.0042634  0.159214 -0.362722    9.7851
   566.755    0.0133231   0.0119908 -0.00452986  0.159214 -0.353145   9.77912
    566.76     0.010392   0.0111914 -0.00373047  0.158017 -0.349553   9.77792
   566.765    0.0085268   0.0101256 -0.00506279  0.158017 -0.347159   9.77912
    566.77    0.0063951  0.00826034 -0.00532925  0.152032 -0.329203   9.77672
   566.775    0.0042634  0.00692802 -0.00532925  0.164003 -0.344765   9.77313
    566.78   0.00293109  0.00666156 -0.00799387    0.1652 -0.350751   9.77074
   566.785   0.00346401  0.00719449 -0.00692802  0.158017 -0.344765   9.77313
    566.79   0.00452986  0.00799387 -0.00452986  0.169988 -0.365116   9.77912
   566.795   0.00452986  0.00905972 -0.00479632  0.172383 -0.371101   9.78031
     566.8    0.0042634  0.00985911 -0.00586217  0.177171 -0.371101   9.77553
   566.805   0.00479632   0.0106585 -0.00666156  0.168791 -0.357933   9.77433
    566.81   0.00799387   0.0119908 -0.00559571  0.164003 -0.344765   9.77553
   566.815    0.0111914    0.013856 -0.00532925  0.162806 -0.345962   9.77792
    566.82    0.0133231   0.0154548 -0.00559571  0.161609 -0.350751   9.77912
   566.825    0.0135896   0.0154548 -0.00559571  0.159214 -0.355539   9.77433
    566.83    0.0135896   0.0157213 -0.00479632 0.161609 -0.35913  9.77433
   566.835    0.014389  0.0159877 -0.0042634  0.166397 -0.366313   9.77553
    566.84    0.0149219   0.0157213 -0.00506279  0.166397 -0.362722   9.77792
   566.845    0.0146554   0.0151884 -0.00399694  0.154426 -0.343568   9.77433
    566.85    0.0135896   0.0141225 -0.00293109  0.158017 -0.341174   9.77672
   566.855    0.0119908   0.0127902 -0.00399694  0.155623 -0.339977   9.77912
    566.86   0.0101256   0.010925 -0.0042634  0.162806 -0.343568   9.77912
   566.865   0.00799387  0.00932619 -0.00586217    0.1652 -0.344765   9.77672
    566.87  0.00612864 0.00826034 -0.0063951  0.154426 -0.342371   9.77553
   566.875   0.00479632  0.00746095 -0.00586217  0.162806 -0.363919   9.77553
    566.88    0.0042634  0.00746095 -0.00772741  0.169988 -0.372298   9.77672
   566.885   0.00373047  0.00746095 -0.00719449   0.15682 -0.351948   9.77553
    566.89   0.00319755  0.00799387 -0.00479632  0.161609 -0.356736   9.77672
   566.895    0.0042634  0.00879326 -0.00532925   0.1652 -0.35913  9.77433
     566.9   0.00559571   0.0101256 -0.00612864  0.164003 -0.356736   9.77074
   566.905   0.00612864   0.0111914 -0.00719449  0.159214 -0.351948   9.77313
    566.91   0.00799387   0.0122573 -0.00666156  0.158017 -0.350751   9.77672
   566.915    0.0106585   0.0130567 -0.00612864  0.164003 -0.357933   9.78031
    566.92    0.0133231   0.0149219 -0.00586217 0.159214 -0.35913  9.78271
   566.925    0.0141225   0.0159877 -0.00559571  0.159214 -0.356736   9.77912
    566.93    0.0141225   0.0162542 -0.00452986  0.162806 -0.350751   9.77912
   566.935    0.014389  0.0154548 -0.0042634  0.164003 -0.351948   9.77912
    566.94    0.0146554   0.0149219 -0.00506279  0.164003 -0.351948   9.77792
   566.945     0.013856   0.0146554 -0.00506279 0.153229 -0.33878  9.77792
    566.95   0.0125237   0.013856 -0.0042634  0.155623 -0.345962   9.77313
   566.955     0.010925   0.0119908 -0.00452986  0.155623 -0.350751   9.76954
    566.96   0.00905972   0.0101256 -0.00399694  0.155623 -0.353145   9.77792
   566.965   0.00746095  0.00826034 -0.00452986  0.167594 -0.361524   9.78271
    566.97   0.00692802  0.00772741 -0.00532925  0.159214 -0.353145   9.78031
   566.975   0.00666156  0.00826034 -0.00506279  0.160412 -0.354342   9.77433
    566.98   0.00612864  0.00826034 -0.00692802    0.1652 -0.361524   9.77074
   566.985    0.0042634  0.00799387 -0.00666156  0.154426 -0.343568   9.77074
    566.99   0.00346401  0.00799387 -0.00399694  0.161609 -0.353145   9.77912
   566.995   0.00532925  0.00879326 -0.00452986 0.166397 -0.35913  9.78031
       567   0.00719449   0.0101256 -0.00506279  0.167594 -0.356736   9.78151
   567.005    0.0063951   0.0114579 -0.00586217  0.164003 -0.356736   9.78391
    567.01    0.0063951   0.0119908 -0.00612864  0.155623 -0.347159   9.78031
   567.015   0.00772741   0.0125237 -0.00586217  0.159214 -0.349553   9.77553
    567.02    0.0101256   0.0133231 -0.00559571  0.159214 -0.355539   9.77433
   567.025    0.0127902   0.0149219 -0.00506279  0.158017 -0.357933   9.77672
    567.03    0.0141225   0.0159877 -0.00373047  0.154426 -0.351948   9.78031
   567.035     0.014389   0.0159877 -0.00319755  0.158017 -0.355539   9.78271
    567.04    0.0141225   0.0154548 -0.00452986 0.164003 -0.36751  9.77912
   567.045     0.014389   0.0154548 -0.00479632  0.154426 -0.360327   9.77553
    567.05    0.0135896    0.014389 -0.00373047  0.155623 -0.355539   9.77553
   567.055    0.0122573   0.0125237 -0.00479632   0.15682 -0.341174   9.77672
    567.06    0.0117243   0.0117243 -0.00479632   0.15682 -0.336385   9.77672
   567.065    0.0106585   0.0106585 -0.00559571  0.166397 -0.347159   9.77074
    567.07   0.00826034  0.00879326 -0.00586217  0.159214 -0.343568   9.76715
   567.075   0.00532925  0.00772741 -0.00559571  0.164003 -0.354342   9.77074
    567.08   0.00319755  0.00666156 -0.00719449  0.171185 -0.363919   9.77792
   567.085   0.00239816  0.00612864 -0.00826034  0.158017 -0.345962   9.78151
    567.09   0.00239816   0.0063951 -0.00506279  0.159214 -0.344765   9.78031
   567.095   0.00346401  0.00826034 -0.00479632  0.159214 -0.348356   9.77912
     567.1   0.00479632  0.00985911 -0.00532925   0.15682 -0.345962   9.77433
   567.105   0.00532925   0.0106585 -0.00719449  0.159214 -0.351948   9.77313
    567.11    0.0063951   0.0114579 -0.00746095   0.15682 -0.351948   9.78031
   567.115   0.00879326   0.0130567 -0.00666156    0.1652 -0.373495   9.78271
    567.12    0.010925  0.0149219 -0.0063951  0.160412 -0.380678   9.77912
   567.125    0.0125237   0.0154548 -0.00532925 0.160412 -0.37589  9.77313
    567.13     0.013856   0.0157213 -0.00399694  0.158017 -0.363919   9.77193
   567.135    0.0141225   0.0154548 -0.00319755  0.158017 -0.360327   9.77792
    567.14    0.0146554   0.0151884 -0.00346401   0.15682 -0.356736   9.77912
   567.145    0.0149219   0.0146554 -0.00452986  0.147243 -0.341174   9.77912
    567.15     0.013856   0.0135896 -0.00479632  0.148441 -0.337582   9.77792
   567.155    0.0127902   0.0122573 -0.00506279  0.154426 -0.344765   9.77074
    567.16   0.0111914  0.0114579 -0.0042634  0.161609 -0.351948   9.77074
   567.165  0.00879326 0.00985911 -0.0042634  0.172383 -0.360327   9.77553
    567.17   0.00772741   0.0085268 -0.00559571  0.167594 -0.354342   9.77792
   567.175    0.0063951  0.00799387 -0.00506279    0.1652 -0.350751   9.78271
    567.18  0.00506279 0.00746095 -0.0063951  0.162806 -0.353145    9.7851
   567.185   0.00399694  0.00692802 -0.00746095 0.144849 -0.33878  9.78151
    567.19   0.00399694  0.00772741 -0.00399694  0.148441 -0.337582   9.77912
   567.195   0.00452986  0.00905972 -0.00373047  0.162806 -0.354342   9.77792
     567.2   0.00506279  0.00985911 -0.00479632   0.17358 -0.366313   9.77792
   567.205   0.00559571    0.010392 -0.00559571  0.179565 -0.368707   9.77433
    567.21   0.00666156   0.0117243 -0.00586217  0.166397 -0.357933   9.77313
   567.215   0.00879326   0.0127902 -0.00506279  0.159214 -0.363919   9.77553
    567.22    0.0111914    0.013856 -0.00506279  0.155623 -0.353145   9.78151
   567.225    0.0133231   0.0151884 -0.00479632  0.155623 -0.342371   9.78151
    567.23    0.0149219   0.0159877 -0.00399694  0.150835 -0.341174   9.77792
   567.235    0.0159877   0.0162542 -0.00399694  0.152032 -0.350751   9.77433
    567.24    0.0167871   0.0159877 -0.00506279   0.15682 -0.360327   9.77553
   567.245    0.0159877   0.0151884 -0.00586217  0.159214 -0.356736   9.77792
    567.25     0.013856   0.0135896 -0.00373047  0.166397 -0.362722   9.77672
   567.255    0.0114579   0.0119908 -0.00346401   0.1652 -0.35913  9.78031
    567.26    0.0106585    0.010392 -0.00373047  0.155623 -0.339977    9.7863
   567.265   0.00985911  0.00985911 -0.00399694 0.152032 -0.33878  9.78391
    567.27   0.00826034  0.00932619 -0.00586217  0.147243 -0.339977   9.77792
   567.275    0.0063951   0.0085268 -0.00586217  0.150835 -0.345962   9.77912
    567.28   0.00452986  0.00719449 -0.00719449    0.1652 -0.353145   9.78151
   567.286  0.00373047 0.00692802 -0.0085268 0.158017 -0.33878  9.77912
    567.29   0.00293109  0.00746095 -0.00506279  0.155623 -0.336385   9.77912
   567.295  0.00186524 0.00772741 -0.0042634    0.1652 -0.353145   9.78151
     567.3   0.00159877  0.00772741 -0.00559571  0.177171 -0.368707   9.78271
   567.305    0.0021317   0.0085268 -0.00719449  0.185551 -0.381875   9.78031
   567.308   0.00532925    0.010925 -0.00719449  0.174777 -0.361524   9.77792
   567.315    0.0101256   0.0133231 -0.00479632  0.168791 -0.354342   9.77433
    567.32    0.0130567   0.0149219 -0.00479632 0.161609 -0.35913  9.77553
   567.325    0.0133231   0.0154548 -0.00506279  0.155623 -0.362722   9.77553
    567.33    0.0133231   0.0154548 -0.00506279  0.150835 -0.361524   9.77553
   567.335    0.0149219   0.0154548 -0.00479632 0.154426 -0.35913  9.78031
    567.34    0.0175865   0.0165207 -0.00479632  0.164003 -0.354342   9.78031
   567.345     0.017853   0.0162542 -0.00479632  0.162806 -0.349553   9.77193
    567.35    0.0157213    0.014389 -0.00346401 0.158017 -0.35913  9.76834
   567.355     0.013856   0.0125237 -0.00373047  0.149638 -0.360327   9.77792
    567.36    0.0125237   0.0117243 -0.00373047  0.142455 -0.343568   9.78271
   567.365     0.010925    0.010925 -0.00266462 0.148441 -0.33878  9.77912
    567.37  0.00826034 0.00959265 -0.0042634  0.154426 -0.339977   9.77792
   567.375   0.00399694  0.00772741 -0.00399694  0.152032 -0.339977   9.77912
    567.38   0.00133231  0.00586217 -0.00532925  0.162806 -0.353145   9.77912
   567.385   0.00239816  0.00559571 -0.00719449  0.168791 -0.356736   9.77672
    567.39   0.00346401  0.00666156 -0.00452986  0.168791 -0.353145   9.77193
   567.395   0.00319755  0.00772741 -0.00319755  0.179565 -0.378284   9.76475
     567.4   0.00346401  0.00879326 -0.00399694  0.175974 -0.377087   9.76595
   567.405   0.00399694    0.010392 -0.00506279  0.168791 -0.361524   9.77433
    567.41  0.00586217  0.0122573 -0.0063951  0.159214 -0.349553   9.77313
   567.415    0.0085268   0.0130567 -0.00559571  0.160412 -0.354342   9.77193
    567.42    0.0119908   0.0141225 -0.00532925  0.162806 -0.354342   9.77553
   567.425    0.0146554   0.0157213 -0.00506279    0.1652 -0.361524   9.78031
    567.43    0.0162542   0.0167871 -0.00479632 0.155623 -0.35913   9.7863
   567.435    0.0167871   0.0170536 -0.00346401  0.150835 -0.353145    9.7863
    567.44    0.0154548   0.0159877 -0.00293109   0.15682 -0.348356   9.78151
   567.445    0.0130567   0.0141225 -0.00373047  0.158017 -0.332794   9.78031
    567.45    0.0111914   0.0127902 -0.00319755  0.152032 -0.324414   9.78151
   567.455  0.00959265  0.0119908 -0.0042634  0.155623 -0.336385   9.78151
    567.46   0.00826034   0.0111914 -0.00506279  0.152032 -0.345962   9.78271
   567.465   0.00692802  0.00985911 -0.00506279 0.161609 -0.35913  9.78271
    567.47  0.00586217  0.0085268 -0.0063951  0.166397 -0.363919   9.77912
   567.475   0.00559571  0.00772741 -0.00532925  0.162806 -0.363919   9.77193
    567.48   0.00479632  0.00746095 -0.00532925   0.17358 -0.377087   9.77074
   567.485   0.00479632  0.00746095 -0.00826034  0.168791 -0.365116   9.76834
    567.49   0.00532925  0.00826034 -0.00612864  0.155623 -0.343568   9.76834
   567.495   0.00612864   0.0085268 -0.00399694  0.161609 -0.351948   9.77433
     567.5  0.00666156 0.00985911 -0.0042634  0.158017 -0.350751   9.77912
   567.505   0.00719449   0.0111914 -0.00532925  0.158017 -0.354342   9.78391
    567.51  0.00772741  0.0119908 -0.0063951  0.155623 -0.356736    9.7851
   567.515   0.00879326   0.0122573 -0.00532925  0.152032 -0.350751    9.7863
    567.52     0.010392    0.013856 -0.00506279   0.15682 -0.350751    9.7875
   567.525    0.0122573   0.0149219 -0.00479632  0.158017 -0.348356    9.7863
    567.53    0.0135896   0.0151884 -0.00452986  0.155623 -0.342371   9.77912
   567.535    0.0127902   0.0149219 -0.00346401  0.153229 -0.339977   9.77433
    567.54    0.0119908    0.014389 -0.00319755  0.155623 -0.347159   9.77553
   567.545   0.0127902   0.014389 -0.0042634   0.15682 -0.356736   9.77433
    567.55   0.0135896   0.013856 -0.0042634  0.153229 -0.361524   9.77074
   567.555   0.0127902  0.0125237 -0.0042634  0.160412 -0.369904   9.77553
    567.56     0.010925   0.0111914 -0.00452986  0.166397 -0.369904   9.77792
   567.565     0.010392   0.0106585 -0.00346401  0.168791 -0.366313   9.77792
    567.57     0.010392    0.010392 -0.00479632 0.164003 -0.35913  9.77672
   567.575   0.00879326  0.00985911 -0.00479632  0.154426 -0.342371   9.77792
    567.58    0.0063951  0.00826034 -0.00479632  0.164003 -0.354342   9.77792
   567.585   0.00479632  0.00719449 -0.00719449  0.162806 -0.337582   9.77912
    567.59   0.00319755  0.00692802 -0.00586217  0.148441 -0.347159   9.78031
   567.595   0.00346401  0.00746095 -0.00373047  0.161609 -0.347159    9.7851
     567.6  0.00452986  0.0085268 -0.0042634  0.158017 -0.350751   9.78031
   567.605  0.00506279 0.00932619 -0.0042634   0.15682 -0.349553   9.77912
    567.61   0.00559571   0.0106585 -0.00559571  0.158017 -0.354342   9.77313
   567.615   0.00719449   0.0114579 -0.00586217 0.162806 -0.36751  9.77074
    567.62   0.00932619   0.0130567 -0.00586217 0.166397 -0.37589  9.76954
   567.625    0.0117243   0.0146554 -0.00532925  0.159214 -0.373495   9.77553
    567.63    0.0141225   0.0157213 -0.00506279  0.154426 -0.366313   9.77912
   567.635    0.0151884   0.0162542 -0.00346401  0.148441 -0.354342   9.77193
    567.64    0.0154548   0.0162542 -0.00266462  0.149638 -0.344765   9.77553
   567.645    0.0159877   0.0157213 -0.00399694  0.147243 -0.337582   9.77912
    567.65   0.0151884  0.0141225 -0.0042634  0.142455 -0.335188   9.77313
   567.655    0.013856  0.0127902 -0.0042634 0.15682 -0.3304 9.77792
    567.66    0.0130567   0.0122573 -0.00452986  0.161609 -0.345962   9.78151
   567.665   0.0117243  0.0106585 -0.0042634  0.160412 -0.347159   9.78151
    567.67    0.0085268  0.00905972 -0.00506279  0.153229 -0.326809   9.77912
   567.675    0.0063951  0.00799387 -0.00452986  0.161609 -0.342371   9.77792
    567.68    0.0042634  0.00772741 -0.00479632  0.158017 -0.350751   9.77313
   567.685   0.00266462  0.00719449 -0.00746095  0.146046 -0.336385   9.77792
    567.69   0.00266462  0.00666156 -0.00692802  0.162806 -0.356736    9.7851
   567.695   0.00319755  0.00719449 -0.00479632  0.168791 -0.363919   9.78271
     567.7    0.0042634   0.0085268 -0.00532925  0.174777 -0.368707   9.77193
   567.705   0.00559571  0.00985911 -0.00586217  0.177171 -0.371101   9.76834
    567.71    0.0063951    0.010925 -0.00692802  0.167594 -0.361524   9.77193
   567.715   0.00799387   0.0122573 -0.00666156  0.158017 -0.354342   9.77553
    567.72   0.00905972   0.0133231 -0.00612864  0.162806 -0.366313   9.77672
   567.725     0.010392    0.014389 -0.00506279  0.158017 -0.354342   9.78151
    567.73    0.0135896   0.0151884 -0.00826034  0.147243 -0.342371   9.77792
   567.735   0.0173201  0.0167871 -0.0021317   0.1652 -0.36751  9.77193
    567.74   0.0167871  0.0173201 -0.0063951  0.153229 -0.349553   9.77074
   567.745    0.0130567   0.0154548 -0.00479632  0.144849 -0.337582   9.78031
    567.75     0.010925    0.013856 -0.00373047   0.15682 -0.354342   9.78391
   567.755    0.0119908   0.0127902 -0.00506279  0.159214 -0.347159   9.77792
    567.76    0.0133231   0.0130567 -0.00479632  0.152032 -0.326809   9.78031
   567.765   0.0125237  0.0119908 -0.0042634  0.158017 -0.342371   9.78031
    567.77   0.00879326  0.00985911 -0.00586217  0.159214 -0.354342   9.77313
   567.775   0.00586217  0.00772741 -0.00692802  0.167594 -0.362722   9.77193
    567.78   0.00399694   0.0063951 -0.00799387  0.177171 -0.368707   9.77433
   567.785   0.00266462  0.00532925 -0.00692802    0.1652 -0.349553   9.78031
    567.79  0.00293109 0.00532925 -0.0042634  0.162806 -0.350751   9.77792
   567.795   0.00479632  0.00746095 -0.00479632  0.158017 -0.356736   9.77433
     567.8   0.00586217  0.00932619 -0.00479632  0.161609 -0.360327   9.76595
   567.805  0.00559571 0.00985911 -0.0063951  0.167594 -0.368707   9.76834
    567.81   0.00559571   0.0114579 -0.00719449  0.162806 -0.363919   9.77313
   567.815  0.00746095  0.0135896 -0.0063951  0.164003 -0.365116    9.7851
    567.82     0.010392   0.0154548 -0.00586217  0.161609 -0.360327   9.78869
   567.825    0.0122573   0.0162542 -0.00586217  0.161609 -0.349553   9.77912
    567.83    0.0127902   0.0159877 -0.00399694  0.158017 -0.336385   9.77193
   567.835    0.0127902   0.0149219 -0.00346401   0.15682 -0.344765   9.77313
    567.84    0.0127902   0.0141225 -0.00479632   0.15682 -0.356736   9.77792
   567.845     0.013856   0.0146554 -0.00612864  0.150835 -0.348356   9.77792
    567.85    0.0154548   0.0141225 -0.00506279  0.150835 -0.351948   9.77912
   567.855   0.0149219  0.0119908 -0.0042634  0.148441 -0.351948   9.78151
    567.86    0.0122573  0.00985911 -0.00373047  0.150835 -0.341174   9.77672
   567.865   0.00905972  0.00826034 -0.00506279    0.1652 -0.347159   9.77193
    567.87   0.00772741  0.00826034 -0.00612864  0.158017 -0.342371   9.77792
   567.875   0.00719449  0.00772741 -0.00506279  0.161609 -0.350751   9.78271
    567.88   0.00559571  0.00692802 -0.00719449  0.169988 -0.362722   9.78031
   567.885    0.0042634  0.00692802 -0.00826034  0.160412 -0.350751   9.77313
    567.89   0.00239816   0.0063951 -0.00532925  0.161609 -0.361524   9.77074
   567.895   0.00266462  0.00692802 -0.00506279  0.166397 -0.368707   9.77553
     567.9   0.00506279  0.00905972 -0.00479632  0.168791 -0.365116   9.78151
   567.905  0.00772741  0.0114579 -0.0063951  0.168791 -0.355539   9.77792
    567.91    0.0085268   0.0125237 -0.00719449  0.15682 -0.33878  9.77553
   567.915  0.00826034  0.0130567 -0.0063951  0.160412 -0.349553   9.78151
    567.92  0.00959265  0.0141225 -0.0063951  0.162806 -0.355539   9.78391
   567.925    0.0119908   0.0154548 -0.00666156  0.166397 -0.363919   9.77553
    567.93    0.0130567   0.0157213 -0.00586217  0.166397 -0.361524   9.76715
   567.935    0.0141225   0.0154548 -0.00452986  0.162806 -0.354342   9.77074
    567.94    0.0146554   0.0157213 -0.00399694  0.161609 -0.356736   9.78031
   567.945     0.014389   0.0154548 -0.00479632  0.150835 -0.344765    9.7863
    567.95    0.0141225    0.014389 -0.00399694  0.147243 -0.343568    9.7851
   567.955    0.0133231   0.0130567 -0.00399694  0.154426 -0.342371   9.77792
    567.96    0.010392  0.0106585 -0.0042634  0.154426 -0.337582   9.77074
   567.965   0.00746095  0.00879326 -0.00586217  0.160412 -0.345962   9.77193
    567.97   0.00612864  0.00826034 -0.00666156  0.155623 -0.342371   9.77074
   567.975   0.00586217  0.00826034 -0.00506279  0.162806 -0.353145   9.77074
    567.98   0.00532925  0.00799387 -0.00666156   0.17358 -0.366313   9.77193
   567.985   0.00373047  0.00746095 -0.00799387  0.160412 -0.343568   9.77553
    567.99   0.00266462  0.00719449 -0.00506279  0.155623 -0.343568   9.77912
   567.995   0.00319755  0.00772741 -0.00479632  0.164003 -0.360327   9.77553
       568   0.00479632  0.00932619 -0.00612864    0.1652 -0.365116   9.77313
   568.005   0.00666156   0.0114579 -0.00746095 0.164003 -0.35913  9.77313
    568.01   0.00772741   0.0127902 -0.00719449  0.155623 -0.344765   9.77553
   568.015   0.00826034   0.0133231 -0.00559571  0.158017 -0.351948   9.78031
    568.02   0.00959265    0.013856 -0.00586217  0.158017 -0.357933   9.78271
   568.025    0.0111914   0.0146554 -0.00666156 0.161609 -0.35913  9.78271
    568.03     0.014389   0.0154548 -0.00586217 0.155623 -0.35913  9.77912
   568.035    0.0162542   0.0157213 -0.00452986  0.154426 -0.357933   9.77792
    568.04    0.0167871   0.0154548 -0.00452986  0.154426 -0.350751   9.77912
   568.045    0.0157213    0.014389 -0.00559571  0.144849 -0.342371   9.78031
    568.05     0.013856   0.0133231 -0.00399694  0.150835 -0.348356   9.77792
   568.055    0.0125237   0.0122573 -0.00452986  0.161609 -0.353145   9.77672
    568.06    0.0106585    0.010392 -0.00532925   0.15682 -0.347159   9.77313
   568.065   0.00879326  0.00905972 -0.00559571  0.162806 -0.355539   9.77433
    568.07  0.00772741 0.00826034 -0.0063951  0.162806 -0.351948   9.77433
   568.075   0.00586217  0.00799387 -0.00586217  0.161609 -0.348356   9.77193
    568.08   0.0042634 0.00746095 -0.0063951  0.167594 -0.355539   9.77193
   568.085   0.00266462  0.00692802 -0.00799387  0.158017 -0.347159   9.77193
    568.09   0.00186524  0.00719449 -0.00612864  0.154426 -0.344765   9.76954
   568.095   0.00346401  0.00772741 -0.00559571    0.1652 -0.356736   9.76834
     568.1   0.00532925  0.00905972 -0.00586217  0.167594 -0.357933   9.77313
   568.105    0.0063951    0.010925 -0.00692802  0.177171 -0.365116   9.77433
    568.11   0.00772741   0.0119908 -0.00772741  0.168791 -0.356736   9.77313
   568.115   0.00879326   0.0130567 -0.00612864  0.168791 -0.354342   9.77912
    568.12   0.00985911   0.0141225 -0.00586217    0.1652 -0.356736   9.78031
   568.125    0.0119908   0.0157213 -0.00559571  0.159214 -0.353145   9.78031
    568.13     0.014389   0.0162542 -0.00506279  0.149638 -0.343568   9.77553
   568.135   0.0154548  0.0162542 -0.0042634  0.153229 -0.343568   9.77553
    568.14    0.0146554   0.0154548 -0.00506279  0.160412 -0.351948   9.78031
   568.145    0.0146554   0.0154548 -0.00666156  0.155623 -0.349553   9.78151
    568.15    0.0135896    0.014389 -0.00666156  0.155623 -0.349553   9.78151
   568.155    0.0133231   0.0133231 -0.00532925  0.152032 -0.354342   9.77553
    568.16    0.0127902   0.0125237 -0.00506279  0.15682 -0.36751  9.76954
   568.165    0.0122573   0.0119908 -0.00506279  0.150835 -0.357933   9.76954
    568.17    0.0106585    0.010392 -0.00479632  0.154426 -0.353145   9.77313
   568.175   0.00826034  0.00905972 -0.00612864  0.155623 -0.347159   9.77912
    568.18   0.00666156  0.00826034 -0.00506279  0.150835 -0.343568   9.77912
   568.185   0.00559571  0.00772741 -0.00586217  0.161609 -0.363919   9.78151
    568.19   0.00559571  0.00772741 -0.00932619  0.159214 -0.366313   9.77553
   568.195   0.00506279  0.00772741 -0.00746095  0.149638 -0.344765   9.76715
     568.2   0.00373047  0.00772741 -0.00666156  0.169988 -0.356736   9.76236
   568.205   0.00133231  0.00719449 -0.00666156 0.154426 -0.33878  9.77074
    568.21    0.0021317  0.00772741 -0.00346401  0.171185 -0.366313   9.78031
   568.215  0.00692802  0.0111914 -0.0063951  0.174777 -0.369904   9.78271
    568.22    0.0117243   0.0141225 -0.00612864  0.162806 -0.351948   9.77912
   568.225    0.0149219   0.0154548 -0.00586217  0.162806 -0.354342   9.77433
    568.23   0.0159877  0.0157213 -0.0063951  0.160412 -0.356736   9.77074
   568.235   0.0159877  0.0162542 -0.0063951  0.150835 -0.350751   9.77074
    568.24    0.0146554   0.0154548 -0.00479632  0.143652 -0.344765   9.77193
   568.245    0.0125237   0.0141225 -0.00399694  0.148441 -0.351948   9.78031
    568.25    0.0106585   0.0127902 -0.00452986  0.148441 -0.353145   9.78391
   568.255     0.010392   0.0122573 -0.00399694  0.144849 -0.347159   9.78391
    568.26    0.0114579   0.0125237 -0.00399694   0.15682 -0.350751   9.78031
   568.265    0.0122573   0.0127902 -0.00479632  0.164003 -0.354342   9.77313
    568.27    0.0127902   0.0114579 -0.00532925    0.1652 -0.363919   9.77433
   568.275    0.0111914  0.00985911 -0.00666156  0.158017 -0.362722   9.77792
    568.28  0.00746095  0.0085268 -0.0063951  0.150835 -0.348356   9.77313
   568.285  0.00373047 0.00719449 -0.0063951  0.150835 -0.343568   9.77433
    568.29   0.00133231  0.00612864 -0.00746095  0.153229 -0.353145   9.77553
   568.295   0.00346401  0.00692802 -0.00666156  0.150835 -0.344765   9.77792
     568.3   0.00799387  0.00905972 -0.00532925  0.164003 -0.354342   9.77912
   568.305   0.00959265    0.010392 -0.00559571 0.164003 -0.35913  9.77433
   568.308  0.00826034   0.010925 -0.0063951 0.171185 -0.36751  9.77433
   568.315   0.00799387   0.0117243 -0.00799387  0.168791 -0.363919   9.77193
    568.32   0.00826034   0.0127902 -0.00692802  0.159214 -0.347159   9.76834
   568.325  0.00932619  0.0133231 -0.0063951  0.159214 -0.342371   9.77313
    568.33   0.00985911    0.013856 -0.00532925  0.155623 -0.347159   9.77313
   568.335    0.0106585    0.014389 -0.00452986  0.150835 -0.353145   9.78031
    568.34    0.0125237   0.0151884 -0.00373047  0.155623 -0.356736    9.7851
   568.345   0.0146554  0.0159877 -0.0042634  0.159214 -0.357933   9.78271
    568.35    0.0162542   0.0162542 -0.00506279  0.159214 -0.357933   9.78151
   568.355   0.0157213  0.0154548 -0.0042634  0.158017 -0.357933   9.77433
    568.36    0.0130567   0.0130567 -0.00479632  0.159214 -0.354342   9.77553
   568.365     0.010392   0.0106585 -0.00479632  0.154426 -0.341174   9.77672
    568.37    0.0085268  0.00959265 -0.00346401   0.15682 -0.335188   9.77433
   568.375   0.00666156   0.0085268 -0.00479632   0.15682 -0.335188   9.77193
    568.38   0.00506279  0.00719449 -0.00479632  0.149638 -0.335188   9.77193
   568.385    0.0042634   0.0063951 -0.00479632    0.1652 -0.363919   9.77074
    568.39   0.00399694  0.00612864 -0.00799387  0.166397 -0.368707   9.77074
   568.395   0.00399694   0.0063951 -0.00746095  0.158017 -0.356736   9.77074
     568.4   0.00399694  0.00746095 -0.00479632  0.168791 -0.360327   9.77313
   568.405    0.0042634   0.0085268 -0.00506279  0.166397 -0.354342   9.77313
    568.41   0.00399694  0.00959265 -0.00586217  0.166397 -0.354342   9.77553
   568.415   0.00452986   0.0106585 -0.00746095  0.162806 -0.349553   9.77553
    568.42   0.00666156   0.0122573 -0.00666156   0.15682 -0.343568   9.77672
   568.425   0.00985911   0.0135896 -0.00666156  0.164003 -0.355539   9.77912
    568.43    0.0133231   0.0151884 -0.00692802    0.1652 -0.363919   9.78391
   568.435    0.0149219   0.0157213 -0.00666156  0.159214 -0.357933    9.7851
    568.44    0.0149219   0.0159877 -0.00506279  0.154426 -0.355539   9.78391
   568.445    0.0141225   0.0151884 -0.00399694  0.159214 -0.349553   9.78271
    568.45   0.0135896   0.014389 -0.0042634  0.161609 -0.343568   9.77792
   568.455    0.0130567    0.013856 -0.00373047  0.149638 -0.337582   9.77672
    568.46    0.0122573   0.0127902 -0.00346401  0.155623 -0.345962   9.77553
   568.465    0.0114579   0.0114579 -0.00479632  0.158017 -0.344765   9.77792
    568.47     0.010392    0.010392 -0.00506279  0.161609 -0.345962   9.77433
   568.475   0.00879326  0.00959265 -0.00559571    0.1652 -0.350751   9.77313
    568.48   0.00666156   0.0085268 -0.00532925   0.15682 -0.351948   9.77074
   568.485    0.0042634  0.00746095 -0.00506279  0.160412 -0.361524   9.77074
    568.49   0.00319755  0.00692802 -0.00746095    0.1652 -0.360327   9.77313
   568.495   0.00266462  0.00666156 -0.00666156  0.155623 -0.341174   9.77313
     568.5  0.00319755 0.00692802 -0.0042634  0.160412 -0.348356   9.77313
   568.505   0.00479632  0.00826034 -0.00506279  0.164003 -0.354342   9.77313
    568.51   0.00612864  0.00985911 -0.00586217 0.167594 -0.35913  9.77193
   568.515    0.0063951   0.0106585 -0.00692802  0.164003 -0.356736   9.77074
    568.52  0.00719449  0.0119908 -0.0063951  0.155623 -0.350751   9.76954
   568.525   0.00932619   0.0135896 -0.00612864 0.161609 -0.35913  9.77074
    568.53    0.0111914   0.0149219 -0.00612864  0.158017 -0.353145   9.77792
   568.535    0.0127902   0.0151884 -0.00559571  0.160412 -0.339977   9.78031
    568.54   0.0135896  0.0151884 -0.0042634  0.161609 -0.339977   9.78151
   568.545    0.0141225   0.0154548 -0.00452986  0.162806 -0.354342   9.78031
    568.55    0.0151884   0.0157213 -0.00532925  0.164003 -0.357933   9.77553
   568.555    0.0151884   0.0151884 -0.00479632   0.15682 -0.339977   9.77433
    568.56     0.014389    0.013856 -0.00399694 0.155623 -0.33878  9.77792
   568.565   0.0127902  0.0119908 -0.0042634  0.154426 -0.342371   9.77553
    568.57     0.010925    0.010392 -0.00399694  0.153229 -0.344765   9.77433
   568.575   0.00879326  0.00932619 -0.00479632   0.15682 -0.354342   9.77433
    568.58    0.0063951  0.00826034 -0.00532925  0.150835 -0.342371   9.77313
   568.585    0.0042634  0.00719449 -0.00479632   0.15682 -0.345962   9.77193
    568.59   0.00399694   0.0063951 -0.00666156    0.1652 -0.356736   9.77074
   568.595   0.00293109  0.00692802 -0.00719449   0.15682 -0.341174   9.77313
     568.6   0.00293109  0.00772741 -0.00559571  0.166397 -0.350751   9.77433
   568.605   0.00373047  0.00826034 -0.00559571  0.169988 -0.361524   9.77313
    568.61   0.00479632  0.00879326 -0.00586217  0.168791 -0.365116   9.77193
   568.615  0.00586217  0.0101256 -0.0063951  0.167594 -0.362722   9.76954
    568.62   0.00772741   0.0117243 -0.00612864   0.15682 -0.347159   9.77193
   568.625   0.00879326   0.0130567 -0.00506279  0.159214 -0.348356   9.77553
    568.63    0.0101256   0.0141225 -0.00506279  0.159214 -0.349553   9.77433
   568.635    0.0122573   0.0151884 -0.00559571  0.155623 -0.348356   9.77433
    568.64    0.0130567   0.0154548 -0.00506279  0.153229 -0.351948   9.77912
   568.645    0.0127902   0.0151884 -0.00452986   0.15682 -0.353145   9.77433
    568.65    0.0127902   0.0151884 -0.00506279  0.162806 -0.355539   9.76715
   568.655    0.0127902    0.014389 -0.00532925  0.153229 -0.344765   9.77074
    568.66    0.0127902   0.0127902 -0.00452986  0.155623 -0.355539   9.77313
   568.665    0.0111914   0.0119908 -0.00559571  0.154426 -0.356736   9.77433
    568.67     0.010392    0.010392 -0.00559571  0.154426 -0.351948   9.77553
   568.675   0.00985911  0.00932619 -0.00532925 0.164003 -0.35913  9.77792
    568.68   0.00826034  0.00826034 -0.00666156  0.155623 -0.339977   9.77912
   568.685   0.00612864  0.00746095 -0.00532925  0.155623 -0.343568   9.77433
    568.69   0.00479632  0.00746095 -0.00692802  0.171185 -0.363919   9.77313
   568.695  0.00319755 0.00719449 -0.0085268  0.159214 -0.347159   9.77792
     568.7    0.0021317  0.00692802 -0.00559571  0.158017 -0.347159   9.77792
   568.705   0.00319755  0.00826034 -0.00506279   0.1652 -0.35913  9.77193
    568.71    0.0042634  0.00985911 -0.00532925 0.164003 -0.36751  9.77074
   568.715   0.00532925   0.0111914 -0.00666156  0.164003 -0.356736   9.77672
    568.72   0.00586217   0.0114579 -0.00692802    0.1652 -0.360327   9.77433
   568.725  0.00826034  0.0122573 -0.0063951  0.168791 -0.356736   9.77074
    568.73    0.0111914    0.013856 -0.00559571  0.161609 -0.355539   9.77313
   568.735    0.0141225   0.0151884 -0.00479632  0.164003 -0.354342   9.77912
    568.74   0.0141225  0.0159877 -0.0042634  0.161609 -0.355539   9.78151
   568.745   0.0141225  0.0162542 -0.0042634  0.161609 -0.350751   9.77792
    568.75     0.014389   0.0154548 -0.00479632  0.162806 -0.333991   9.77193
   568.755    0.0135896   0.0141225 -0.00506279  0.155623 -0.332794   9.77074
    568.76   0.00959265   0.0119908 -0.00239816  0.152032 -0.343568   9.77553
   568.765   0.00399694  0.00905972 -0.00159877  0.152032 -0.354342   9.78031
    568.77   0.00239816  0.00746095 -0.00239816  0.155623 -0.372298   9.78031
   568.775   0.00586217  0.00826034 -0.00373047  0.169988 -0.366313   9.77792
    568.78   0.00985911  0.00959265 -0.00586217 0.164003 -0.35913  9.77313
   568.785     0.010925   0.0101256 -0.00346401  0.161609 -0.363919   9.77193
    568.79   0.00746095   0.0085268 -0.00479632  0.169988 -0.344765   9.76954
   568.795  0.00133231  0.0063951 -0.0063951  0.161609 -0.347159   9.77313
     568.8  -0.00159877  0.00506279 -0.00346401  0.166397 -0.360327   9.77912
   568.805  0.000799387  0.00666156 -0.00373047  0.164003 -0.356736   9.77553
    568.81   0.00586217   0.0101256 -0.00479632  0.167594 -0.354342   9.77313
   568.815   0.00826034   0.0122573 -0.00586217  0.160412 -0.349553   9.77193
    568.82   0.0085268  0.0125237 -0.0063951  0.164003 -0.365116   9.77193
   568.825   0.00799387   0.0119908 -0.00506279  0.164003 -0.373495   9.77792
    568.83   0.00879326   0.0122573 -0.00532925  0.164003 -0.369904   9.78271
   568.835    0.0117243    0.014389 -0.00532925  0.160412 -0.360327   9.78271
    568.84   0.0151884  0.0157213 -0.0042634   0.15682 -0.351948   9.78151
   568.845    0.0165207   0.0165207 -0.00319755   0.15682 -0.347159   9.78271
    568.85    0.0157213   0.0157213 -0.00319755  0.149638 -0.341174   9.78271
   568.855    0.0141225   0.0141225 -0.00399694  0.158017 -0.349553    9.7851
    568.86    0.0127902   0.0130567 -0.00346401  0.162806 -0.357933   9.78151
   568.865    0.0127902   0.0127902 -0.00452986  0.154426 -0.349553   9.77433
    568.87    0.0122573   0.0125237 -0.00346401  0.159214 -0.357933   9.77193
   568.875    0.0101256   0.0111914 -0.00452986   0.15682 -0.354342   9.77433
    568.88   0.00719449  0.00932619 -0.00452986  0.159214 -0.344765   9.77792
   568.885   0.00479632  0.00799387 -0.00586217  0.175974 -0.356736   9.77912
    568.89   0.00373047  0.00692802 -0.00905972  0.167594 -0.344765   9.77792
   568.895   0.00319755  0.00692802 -0.00559571  0.158017 -0.339977   9.77313
     568.9   0.00373047  0.00719449 -0.00399694  0.172383 -0.357933   9.77193
   568.905   0.00532925  0.00799387 -0.00452986 0.174777 -0.35913  9.77433
    568.91  0.00666156 0.00985911 -0.0063951  0.177171 -0.363919   9.77553
   568.915   0.00692802   0.0106585 -0.00746095  0.168791 -0.361524   9.77193
    568.92   0.00746095   0.0119908 -0.00559571  0.162806 -0.361524   9.76954
   568.925   0.00879326   0.0130567 -0.00506279 0.159214 -0.35913  9.77074
    568.93    0.0106585   0.0135896 -0.00532925  0.162806 -0.356736   9.77553
   568.935    0.0127902   0.0149219 -0.00506279  0.160412 -0.349553   9.78031
    568.94    0.0141225   0.0162542 -0.00399694  0.161609 -0.351948   9.78271
   568.945   0.0151884  0.0165207 -0.0042634  0.161609 -0.351948   9.77912
    568.95    0.0165207   0.0151884 -0.00532925  0.159214 -0.347159   9.77553
   568.955    0.0162542    0.014389 -0.00452986  0.158017 -0.339977   9.77912
    568.96    0.0151884   0.0130567 -0.00506279   0.15682 -0.342371   9.77792
   568.965     0.013856   0.0117243 -0.00479632  0.154426 -0.344765   9.77553
    568.97    0.0119908    0.010392 -0.00319755   0.15682 -0.351948   9.77433
   568.975    0.010392 0.00932619 -0.0042634  0.159214 -0.351948   9.77193
    568.98    0.0085268  0.00826034 -0.00479632   0.15682 -0.342371   9.77313
   568.985    0.0063951  0.00719449 -0.00586217  0.168791 -0.353145   9.77433
    568.99   0.00452986  0.00666156 -0.00826034  0.161609 -0.348356   9.77553
   568.995   0.00293109  0.00719449 -0.00586217  0.155623 -0.344765   9.77672
       569   0.00319755  0.00826034 -0.00452986  0.171185 -0.361524   9.77553
   569.005   0.00506279  0.00959265 -0.00532925  0.175974 -0.365116   9.77313
    569.01  0.00612864  0.0106585 -0.0063951  0.172383 -0.366313   9.77433
   569.015   0.00586217   0.0111914 -0.00692802  0.167594 -0.355539   9.77433
    569.02    0.0063951   0.0127902 -0.00506279  0.164003 -0.349553   9.77792
   569.025    0.0117243   0.0146554 -0.00506279  0.161609 -0.351948   9.78151
    569.03     0.013856   0.0157213 -0.00586217  0.159214 -0.353145   9.78031
   569.035    0.0149219   0.0159877 -0.00559571  0.155623 -0.349553   9.77912
    569.04    0.0149219   0.0157213 -0.00399694   0.15682 -0.347159   9.77792
   569.045    0.0146554   0.0154548 -0.00399694  0.159214 -0.353145   9.78271
    569.05     0.014389   0.0146554 -0.00479632  0.159214 -0.355539    9.7863
   569.055    0.0135896   0.0135896 -0.00399694   0.15682 -0.350751   9.78151
    569.06    0.0130567   0.0122573 -0.00399694  0.158017 -0.349553   9.77433
   569.065   0.0117243  0.0111914 -0.0042634  0.155623 -0.351948   9.77193
    569.07   0.00905972  0.00985911 -0.00399694  0.155623 -0.356736   9.77193
   569.075   0.00719449  0.00879326 -0.00506279 0.154426 -0.35913  9.77313
    569.08   0.00559571  0.00799387 -0.00479632  0.152032 -0.350751   9.77433
   569.085   0.00479632  0.00746095 -0.00559571    0.1652 -0.360327   9.77792
    569.09   0.00399694  0.00719449 -0.00799387  0.162806 -0.355539   9.77912
   569.095   0.00346401  0.00746095 -0.00666156  0.152032 -0.339977   9.77672
     569.1   0.00399694  0.00826034 -0.00479632  0.162806 -0.354342   9.77313
   569.105   0.00532925  0.00985911 -0.00506279  0.162806 -0.351948   9.76834
    569.11   0.00586217   0.0106585 -0.00559571    0.1652 -0.351948   9.77074
   569.115   0.00719449   0.0117243 -0.00692802  0.167594 -0.347159   9.77553
    569.12   0.00905972   0.0130567 -0.00612864  0.164003 -0.342371   9.77792
   569.125   0.0117243   0.014389 -0.0063951    0.1652 -0.351948   9.78031
    569.13    0.0135896   0.0154548 -0.00586217  0.161609 -0.356736   9.78031
   569.135    0.0135896   0.0159877 -0.00506279  0.154426 -0.351948   9.77912
    569.14     0.013856   0.0157213 -0.00399694  0.149638 -0.350751   9.77912
   569.145    0.0146554   0.0151884 -0.00399694  0.152032 -0.353145   9.77912
    569.15    0.0157213   0.0151884 -0.00506279  0.155623 -0.356736   9.77672
   569.155    0.0151884    0.014389 -0.00479632  0.152032 -0.345962   9.77313
    569.16   0.0135896  0.0133231 -0.0042634  0.155623 -0.348356   9.77912
   569.165    0.0130567   0.0122573 -0.00479632  0.149638 -0.345962   9.78031
    569.17    0.0119908    0.010925 -0.00399694  0.158017 -0.353145   9.77553
   569.175    0.0101256  0.00959265 -0.00532925    0.1652 -0.354342   9.77313
    569.18   0.00746095  0.00826034 -0.00586217  0.154426 -0.336385   9.77074
   569.185   0.00452986  0.00692802 -0.00586217  0.160412 -0.343568   9.77074
    569.19  0.00319755 0.00692802 -0.0085268  0.162806 -0.351948   9.77313
   569.195   0.00293109  0.00746095 -0.00719449  0.154426 -0.342371   9.77193
     569.2   0.00373047  0.00826034 -0.00479632  0.161609 -0.357933   9.77193
   569.205   0.00479632  0.00905972 -0.00479632  0.161609 -0.361524   9.77433
    569.21   0.00559571   0.0101256 -0.00479632    0.1652 -0.361524   9.77193
   569.215   0.00666156   0.0106585 -0.00612864  0.169988 -0.357933   9.77313
    569.22   0.00772741   0.0119908 -0.00586217  0.164003 -0.349553   9.77553
   569.225   0.0101256   0.013856 -0.0063951  0.166397 -0.351948   9.77193
    569.23   0.0127902  0.0154548 -0.0063951  0.158017 -0.347159   9.76715
   569.235    0.0141225   0.0159877 -0.00532925  0.152032 -0.342371   9.76595
    569.24    0.0141225   0.0157213 -0.00346401  0.155623 -0.347159   9.77433
   569.245     0.014389   0.0151884 -0.00346401  0.158017 -0.357933   9.78271
    569.25     0.014389   0.0149219 -0.00506279  0.158017 -0.357933    9.7851
   569.255    0.0135896    0.014389 -0.00479632  0.148441 -0.345962    9.7851
    569.26    0.0122573   0.0130567 -0.00399694   0.15682 -0.349553   9.77553
   569.265    0.0111914   0.0117243 -0.00532925  0.159214 -0.344765   9.77313
    569.27   0.00985911   0.0106585 -0.00479632   0.15682 -0.336385   9.77792
   569.275    0.0085268  0.00985911 -0.00506279  0.161609 -0.343568   9.78151
    569.28   0.00746095  0.00879326 -0.00532925  0.158017 -0.339977   9.78031
   569.285   0.00559571  0.00746095 -0.00506279  0.166397 -0.348356   9.77672
    569.29   0.00346401  0.00666156 -0.00799387  0.171185 -0.355539   9.77193
   569.295   0.00266462  0.00666156 -0.00746095   0.15682 -0.337582   9.77433
     569.3   0.00373047  0.00746095 -0.00452986  0.159214 -0.349553   9.78031
   569.305   0.00506279  0.00879326 -0.00479632  0.167594 -0.357933   9.78031
   569.308   0.00612864    0.010392 -0.00586217 0.174777 -0.35913  9.77553
   569.315   0.00719449   0.0114579 -0.00666156  0.167594 -0.354342   9.77313
    569.32   0.00799387   0.0125237 -0.00612864   0.15682 -0.345962   9.77433
   569.325  0.00879326  0.0125237 -0.0063951    0.1652 -0.357933   9.77553
    569.33    0.010392  0.0135896 -0.0063951    0.1652 -0.360327   9.77433
   569.335    0.0125237   0.0151884 -0.00506279  0.159214 -0.354342   9.77313
    569.34     0.013856   0.0162542 -0.00373047  0.150835 -0.347159   9.77433
   569.345    0.0149219   0.0162542 -0.00399694  0.155623 -0.349553   9.77553
    569.35    0.0149219   0.0154548 -0.00506279  0.160412 -0.351948   9.77193
   569.355    0.0135896    0.014389 -0.00506279  0.152032 -0.342371   9.77193
    569.36    0.0122573   0.0127902 -0.00452986  0.155623 -0.343568   9.77553
   569.365    0.0111914   0.0119908 -0.00506279   0.15682 -0.342371   9.77912
    569.37    0.0101256   0.0111914 -0.00479632 0.158017 -0.33878  9.77553
   569.375   0.00799387   0.0101256 -0.00506279  0.161609 -0.350751   9.77313
    569.38   0.00586217  0.00879326 -0.00612864  0.152032 -0.343568   9.77074
   569.385    0.0042634  0.00772741 -0.00586217  0.159214 -0.351948   9.76834
    569.39   0.00373047  0.00746095 -0.00799387  0.166397 -0.363919   9.77074
   569.395   0.00319755  0.00746095 -0.00826034  0.155623 -0.344765   9.77553
     569.4   0.00293109  0.00746095 -0.00506279  0.161609 -0.349553   9.77433
   569.405   0.00373047  0.00799387 -0.00506279  0.164003 -0.354342   9.77313
    569.41   0.00559571  0.00959265 -0.00506279    0.1652 -0.353145   9.77193
   569.415   0.00719449    0.010925 -0.00586217  0.169988 -0.356736   9.77433
    569.42    0.0085268   0.0119908 -0.00559571  0.169988 -0.353145   9.77433
   569.425   0.00985911   0.0130567 -0.00532925  0.171185 -0.354342   9.77433
    569.43     0.010392   0.0141225 -0.00666156  0.164003 -0.354342   9.77433
   569.435   0.0114579  0.0151884 -0.0063951  0.158017 -0.354342   9.77553
    569.44    0.0135896   0.0159877 -0.00373047 0.162806 -0.35913  9.77313
   569.445    0.0151884   0.0167871 -0.00399694  0.162806 -0.357933   9.77313
    569.45    0.0149219   0.0162542 -0.00479632  0.155623 -0.356736   9.77553
   569.455     0.014389   0.0151884 -0.00506279  0.152032 -0.347159   9.77912
    569.46    0.0133231   0.0135896 -0.00479632  0.154426 -0.342371   9.78151
   569.465    0.0119908   0.0122573 -0.00479632  0.153229 -0.345962   9.78151
    569.47  0.00959265  0.0111914 -0.0042634  0.153229 -0.342371   9.78151
   569.475   0.00719449  0.00932619 -0.00452986  0.161609 -0.354342   9.78151
    569.48   0.00532925  0.00799387 -0.00586217  0.162806 -0.347159   9.77792
   569.485   0.00479632  0.00746095 -0.00506279  0.168791 -0.347159   9.77313
    569.49   0.00506279  0.00692802 -0.00666156  0.174777 -0.357933   9.77074
   569.495   0.0042634 0.00719449 -0.0085268  0.159214 -0.342371   9.77074
     569.5   0.00266462  0.00826034 -0.00586217  0.159214 -0.345962   9.77193
   569.505   0.00266462  0.00879326 -0.00532925  0.167594 -0.354342   9.76954
    569.51   0.00373047  0.00932619 -0.00506279 0.166397 -0.35913  9.77553
   569.515   0.00506279   0.0106585 -0.00559571    0.1652 -0.365116   9.78031
    569.52   0.00692802   0.0119908 -0.00586217   0.15682 -0.351948   9.78151
   569.525   0.00799387   0.0127902 -0.00559571  0.162806 -0.356736   9.78271
    569.53     0.010392    0.013856 -0.00559571  0.164003 -0.357933    9.7875
   569.535    0.0127902   0.0146554 -0.00559571  0.164003 -0.353145   9.78031
    569.54    0.0141225   0.0159877 -0.00452986  0.159214 -0.344765   9.77433
   569.545     0.014389   0.0159877 -0.00399694  0.159214 -0.345962   9.77074
    569.55    0.0130567   0.0146554 -0.00452986  0.161609 -0.351948   9.77074
   569.555    0.0111914   0.0130567 -0.00532925  0.155623 -0.350751   9.77313
    569.56   0.0111914  0.0122573 -0.0042634   0.15682 -0.353145   9.77433
   569.565   0.0117243  0.0114579 -0.0042634   0.15682 -0.353145   9.77313
    569.57   0.0106585  0.0111914 -0.0042634  0.155623 -0.343568   9.77672
   569.575   0.00719449  0.00905972 -0.00479632  0.158017 -0.342371   9.77433
    569.58    0.0042634  0.00719449 -0.00559571  0.152032 -0.336385   9.77193
   569.585   0.00346401   0.0063951 -0.00532925  0.159214 -0.347159   9.77193
    569.59   0.00399694  0.00692802 -0.00719449  0.171185 -0.356736   9.77672
   569.595   0.00532925  0.00799387 -0.00879326    0.1652 -0.347159   9.78031
     569.6  0.00532925 0.00826034 -0.0063951  0.161609 -0.349553   9.77912
   569.605   0.00452986   0.0085268 -0.00586217  0.167594 -0.360327   9.77912
    569.61    0.0042634  0.00905972 -0.00586217  0.167594 -0.351948   9.77553
   569.615   0.00506279   0.0101256 -0.00692802  0.168791 -0.351948   9.77193
    569.62   0.00586217   0.0111914 -0.00719449  0.158017 -0.350751   9.77313
   569.625   0.00799387   0.0117243 -0.00586217  0.158017 -0.356736   9.78031
    569.63    0.0111914   0.0133231 -0.00612864  0.161609 -0.360327   9.78151
   569.635   0.0141225  0.0149219 -0.0063951  0.161609 -0.363919   9.77792
    569.64    0.0151884   0.0154548 -0.00586217   0.15682 -0.353145   9.77433
   569.645     0.014389   0.0157213 -0.00506279   0.15682 -0.349553   9.77553
    569.65    0.0141225   0.0151884 -0.00452986   0.15682 -0.351948   9.77912
   569.655    0.0146554   0.0141225 -0.00559571  0.152032 -0.349553   9.78031
    569.66     0.014389   0.0130567 -0.00452986  0.149638 -0.347159   9.78151
   569.665    0.0133231   0.0127902 -0.00479632  0.150835 -0.356736   9.78151
    569.67    0.0122573   0.0117243 -0.00479632  0.149638 -0.354342   9.77313
   569.675    0.0111914    0.010925 -0.00479632  0.162806 -0.360327   9.77193
    569.68   0.00905972  0.00959265 -0.00692802   0.15682 -0.353145   9.77074
   569.685   0.00666156  0.00826034 -0.00612864  0.152032 -0.347159   9.77313
    569.69   0.00399694  0.00746095 -0.00666156    0.1652 -0.353145   9.77313
   569.695   0.00159877  0.00719449 -0.00772741  0.164003 -0.344765   9.77433
     569.7   0.00159877  0.00692802 -0.00506279  0.158017 -0.337582   9.77792
   569.705   0.00266462  0.00746095 -0.00479632    0.1652 -0.351948   9.77672
    569.71   0.00399694  0.00879326 -0.00612864  0.166397 -0.354342   9.77313
   569.715   0.00532925   0.0106585 -0.00666156  0.167594 -0.362722   9.77193
    569.72   0.00666156   0.0117243 -0.00719449    0.1652 -0.365116   9.77433
   569.725   0.00932619   0.0135896 -0.00586217  0.167594 -0.365116   9.77433
    569.73    0.0119908   0.0146554 -0.00612864  0.164003 -0.357933   9.77193
   569.735    0.0135896   0.0151884 -0.00452986  0.158017 -0.344765   9.76954
    569.74    0.0146554   0.0159877 -0.00346401  0.159214 -0.342371   9.77074
   569.745    0.0146554   0.0157213 -0.00479632  0.161609 -0.348356   9.77553
    569.75     0.013856   0.0149219 -0.00532925  0.159214 -0.345962   9.77553
   569.755    0.0135896   0.0146554 -0.00559571  0.159214 -0.344765   9.77672
    569.76    0.0141225   0.0141225 -0.00452986  0.155623 -0.349553   9.77792
   569.765   0.0135896  0.0127902 -0.0042634  0.152032 -0.355539   9.77553
    569.77    0.0111914   0.0114579 -0.00373047  0.149638 -0.347159   9.77074
   569.775   0.00932619  0.00985911 -0.00319755  0.162806 -0.351948   9.76834
    569.78   0.00799387  0.00905972 -0.00559571  0.167594 -0.351948   9.77074
   569.785   0.00666156   0.0085268 -0.00559571  0.158017 -0.344765   9.77672
    569.79  0.00532925 0.00826034 -0.0063951  0.161609 -0.353145   9.77553
   569.795   0.00452986  0.00746095 -0.00772741  0.158017 -0.349553   9.77313
     569.8   0.00399694  0.00719449 -0.00586217  0.154426 -0.337582   9.77792
   569.805   0.00399694  0.00746095 -0.00452986  0.168791 -0.351948   9.78151
    569.81   0.00452986  0.00905972 -0.00506279  0.167594 -0.361524   9.77912
   569.815   0.00559571   0.0101256 -0.00612864  0.167594 -0.365116   9.77313
    569.82   0.00746095   0.0111914 -0.00692802  0.162806 -0.354342   9.77074
   569.825    0.0101256   0.0127902 -0.00532925  0.164003 -0.349553   9.77074
    569.83    0.0117243    0.014389 -0.00559571    0.1652 -0.357933   9.77553
   569.835    0.0119908   0.0154548 -0.00586217 0.162806 -0.35913  9.77792
    569.84    0.0127902   0.0154548 -0.00532925  0.159214 -0.357933   9.77313
   569.845   0.0149219  0.0154548 -0.0042634 0.161609 -0.35913  9.77193
    569.85   0.0167871  0.0157213 -0.0042634  0.161609 -0.351948   9.77553
   569.855    0.0170536   0.0154548 -0.00506279  0.154426 -0.345962   9.78271
    569.86    0.0157213    0.014389 -0.00399694  0.147243 -0.348356    9.7851
   569.865   0.0141225  0.0127902 -0.0042634 0.155623 -0.33878  9.78151
    569.87    0.0130567   0.0114579 -0.00506279  0.154426 -0.339977   9.77553
   569.875    0.0111914    0.010392 -0.00506279  0.155623 -0.347159   9.77792
    569.88   0.00826034  0.00879326 -0.00612864  0.155623 -0.350751   9.78031
   569.885   0.00666156  0.00799387 -0.00506279  0.154426 -0.365116   9.77912
    569.89    0.0042634  0.00719449 -0.00532925   0.17358 -0.363919   9.77792
   569.895   0.00239816  0.00666156 -0.00826034   0.17358 -0.344765   9.77313
     569.9    0.0021317  0.00692802 -0.00719449 0.159214 -0.35913  9.77193
   569.905  0.00319755 0.00746095 -0.0042634  0.166397 -0.357933   9.77672
    569.91   0.00559571  0.00905972 -0.00452986  0.159214 -0.353145   9.77792
   569.915    0.0063951    0.010392 -0.00559571  0.164003 -0.350751   9.77792
    569.92  0.00719449  0.0119908 -0.0063951  0.161609 -0.353145   9.77553
   569.925   0.00826034   0.0127902 -0.00612864  0.164003 -0.363919   9.77792
    569.93   0.00985911   0.0141225 -0.00559571  0.164003 -0.362722   9.77912
   569.935    0.0117243   0.0146554 -0.00559571  0.158017 -0.353145   9.77912
    569.94    0.0135896   0.0154548 -0.00506279  0.160412 -0.350751   9.77912
   569.945   0.0149219  0.0162542 -0.0042634  0.161609 -0.350751   9.77792
    569.95    0.0157213   0.0159877 -0.00399694  0.159214 -0.344765   9.78031
   569.955    0.0149219   0.0149219 -0.00506279  0.152032 -0.342371   9.77912
    569.96   0.0133231   0.013856 -0.0042634  0.154426 -0.349553   9.78031
   569.965    0.0119908   0.0125237 -0.00399694  0.153229 -0.344765   9.78271
    569.97    0.0119908   0.0117243 -0.00479632 0.152032 -0.33878  9.78031
   569.975     0.010925    0.010925 -0.00452986  0.159214 -0.344765   9.77193
    569.98   0.00799387  0.00905972 -0.00532925  0.161609 -0.344765   9.76954
   569.985   0.00559571  0.00719449 -0.00479632  0.171185 -0.357933   9.77553
    569.99   0.00479632   0.0063951 -0.00506279  0.166397 -0.360327   9.77912
   569.995   0.00506279  0.00746095 -0.00746095  0.153229 -0.350751   9.77553
       570   0.00506279   0.0085268 -0.00452986  0.158017 -0.360327   9.77912
   570.005   0.00452986  0.00905972 -0.00506279  0.160412 -0.356736   9.78031
    570.01   0.00399694  0.00905972 -0.00586217 0.162806 -0.35913  9.78151
   570.015  0.00479632 0.00932619 -0.0063951  0.162806 -0.360327   9.78031
    570.02   0.00692802   0.0111914 -0.00532925  0.159214 -0.354342   9.77792
   570.025   0.00959265   0.0130567 -0.00532925   0.1652 -0.35913  9.77553
    570.03    0.0117243    0.013856 -0.00586217  0.159214 -0.353145   9.77313
   570.035    0.0127902    0.014389 -0.00612864   0.15682 -0.349553   9.77313
    570.04    0.0135896   0.0149219 -0.00506279  0.160412 -0.351948   9.77792
   570.045    0.0149219   0.0157213 -0.00373047    0.1652 -0.351948   9.78271
    570.05    0.0167871   0.0165207 -0.00452986  0.158017 -0.349553   9.78271
   570.055    0.0173201   0.0162542 -0.00452986 0.149638 -0.33878  9.78031
    570.06   0.0162542  0.0151884 -0.0042634  0.155623 -0.344765   9.77792
   570.065    0.0141225   0.0133231 -0.00479632  0.155623 -0.349553   9.77553
    570.07   0.0119908  0.0117243 -0.0042634  0.154426 -0.347159   9.77433
   570.075    0.0106585   0.0106585 -0.00559571  0.160412 -0.354342   9.77433
    570.08   0.00905972   0.0085268 -0.00586217  0.155623 -0.349553   9.77313
   570.085   0.00666156  0.00746095 -0.00506279  0.164003 -0.353145   9.77193
    570.09   0.00506279  0.00746095 -0.00772741  0.164003 -0.348356   9.77193
   570.095   0.00399694  0.00746095 -0.00772741 0.152032  -0.3304  9.77074
     570.1   0.00399694  0.00772741 -0.00506279  0.166397 -0.348356   9.77074
   570.105   0.00319755   0.0085268 -0.00479632  0.168791 -0.361524   9.77672
    570.11   0.00346401  0.00959265 -0.00532925  0.167594 -0.363919   9.77912
   570.115   0.00506279   0.0111914 -0.00719449  0.161609 -0.361524   9.78031
    570.12   0.00746095   0.0125237 -0.00666156  0.154426 -0.354342   9.77792
   570.125   0.00932619   0.0135896 -0.00586217  0.159214 -0.357933   9.77553
    570.13     0.010392   0.0149219 -0.00559571   0.15682 -0.353145   9.78151
   570.135    0.0119908   0.0151884 -0.00559571  0.162806 -0.353145    9.7851
    570.14    0.0133231   0.0154548 -0.00506279  0.164003 -0.354342   9.78271
   570.145    0.014389  0.0154548 -0.0042634  0.166397 -0.354342   9.78031
    570.15    0.0149219   0.0146554 -0.00506279  0.164003 -0.350751   9.78031
   570.155    0.0149219    0.013856 -0.00532925 0.149638 -0.33878  9.78271
    570.16    0.0141225   0.0135896 -0.00399694  0.152032 -0.344765   9.77912
   570.165    0.0135896   0.0130567 -0.00452986  0.154426 -0.353145   9.77553
    570.17    0.0114579   0.0117243 -0.00479632  0.150835 -0.344765   9.77313
   570.176   0.00905972  0.00985911 -0.00532925  0.159214 -0.349553   9.77672
   570.181   0.00692802  0.00826034 -0.00586217  0.158017 -0.342371   9.77792
   570.186   0.00559571  0.00692802 -0.00506279    0.1652 -0.345962   9.77433
   570.191    0.0042634  0.00666156 -0.00746095  0.172383 -0.356736   9.76954
   570.196   0.00319755  0.00772741 -0.00799387   0.15682 -0.339977   9.77074
   570.201   0.00346401  0.00826034 -0.00559571  0.160412 -0.343568   9.77553
   570.206   0.00452986  0.00905972 -0.00559571    0.1652 -0.349553   9.78031
   570.211   0.00559571    0.010392 -0.00612864  0.164003 -0.350751   9.78031
   570.216    0.0063951   0.0114579 -0.00666156  0.162806 -0.354342   9.77912
   570.221   0.00746095   0.0127902 -0.00666156  0.152032 -0.354342   9.78031
   570.226   0.00932619   0.0135896 -0.00586217 0.159214 -0.35913  9.78031
   570.231    0.0117243    0.014389 -0.00586217    0.1652 -0.361524   9.77672
   570.236    0.0117243    0.014389 -0.00586217  0.160412 -0.353145   9.77193
   570.241    0.0141225   0.0157213 -0.00586217  0.160412 -0.353145   9.77193
   570.246    0.0149219   0.0167871 -0.00506279   0.15682 -0.343568   9.77193
   570.251   0.0151884  0.0162542 -0.0042634  0.158017 -0.339977   9.77553
   570.256     0.014389   0.0151884 -0.00452986  0.154426 -0.345962   9.77672
   570.261    0.0133231    0.014389 -0.00479632  0.148441 -0.342371   9.77553
   570.266    0.0130567    0.013856 -0.00399694  0.155623 -0.347159   9.77433
   570.271   0.0127902  0.0127902 -0.0042634  0.159214 -0.350751   9.77074
   570.276    0.0125237   0.0111914 -0.00373047 0.158017 -0.33878  9.76475
   570.281    0.010925 0.00985911 -0.0042634  0.164003 -0.345962   9.76715
   570.286   0.00799387   0.0085268 -0.00586217  0.155623 -0.341174   9.76834
   570.291   0.00559571  0.00746095 -0.00532925  0.158017 -0.347159   9.77433
   570.296    0.0042634  0.00666156 -0.00692802 0.172383 -0.35913  9.78031
   570.301   0.00373047  0.00719449 -0.00826034  0.159214 -0.342371   9.77792
   570.306   0.00399694  0.00799387 -0.00559571  0.162806 -0.343568   9.77553
   570.308   0.00399694   0.0085268 -0.00586217  0.167594 -0.355539   9.77553
   570.316   0.0042634 0.00932619 -0.0063951  0.166397 -0.355539   9.77792
   570.321   0.00586217   0.0106585 -0.00692802 0.167594 -0.35913  9.77912
   570.326  0.00746095  0.0127902 -0.0063951  0.159214 -0.357933   9.77912
   570.331   0.00772741    0.013856 -0.00559571  0.160412 -0.361524   9.78031
   570.336    0.0101256   0.0146554 -0.00586217  0.158017 -0.357933   9.77912
   570.341    0.0125237   0.0157213 -0.00559571 0.161609 -0.35913  9.77553
   570.346    0.0133231   0.0162542 -0.00479632  0.164003 -0.356736   9.77313
   570.351    0.0141225   0.0159877 -0.00346401  0.161609 -0.351948   9.77433
   570.356    0.0149219   0.0151884 -0.00373047   0.15682 -0.345962   9.77912
   570.361    0.0149219   0.0149219 -0.00479632  0.150835 -0.337582   9.77792
   570.366   0.0141225   0.013856 -0.0042634  0.155623 -0.347159   9.77672
   570.371    0.0119908   0.0122573 -0.00506279  0.158017 -0.351948   9.77553
   570.376     0.010925   0.0114579 -0.00506279  0.154426 -0.342371   9.77792
   570.381  0.00959265   0.010392 -0.0042634  0.161609 -0.344765   9.77912
   570.386   0.00799387  0.00905972 -0.00559571  0.159214 -0.339977   9.77912
   570.391   0.00586217  0.00826034 -0.00532925  0.162806 -0.342371   9.77553
   570.396    0.0042634  0.00746095 -0.00666156  0.172383 -0.357933   9.77313
   570.401   0.00319755  0.00772741 -0.00826034  0.162806 -0.351948   9.77433
   570.406   0.00319755  0.00772741 -0.00479632  0.158017 -0.348356   9.77792
   570.411   0.00399694   0.0085268 -0.00479632  0.167594 -0.356736   9.77792
   570.416   0.00506279  0.00985911 -0.00532925  0.169988 -0.357933   9.77313
   570.421   0.00559571    0.010392 -0.00612864  0.169988 -0.360327   9.77313
   570.426  0.00666156   0.010925 -0.0063951  0.161609 -0.349553   9.77193
   570.431   0.00905972   0.0119908 -0.00532925  0.164003 -0.351948   9.77193
   570.436    0.0119908    0.013856 -0.00612864  0.164003 -0.353145   9.77553
   570.441    0.0135896   0.0149219 -0.00559571  0.168791 -0.351948   9.78031
   570.446    0.0141225   0.0154548 -0.00479632  0.158017 -0.345962   9.77912
   570.451     0.014389   0.0154548 -0.00346401  0.159214 -0.349553   9.78031
   570.456    0.0151884   0.0157213 -0.00346401    0.1652 -0.351948    9.7851
   570.461   0.0151884  0.0151884 -0.0042634    0.1652 -0.345962    9.7875
   570.466    0.0135896    0.013856 -0.00346401  0.159214 -0.342371   9.78151
   570.471    0.0122573   0.0119908 -0.00373047  0.154426 -0.343568   9.77792
   570.476    0.0111914    0.010925 -0.00399694 0.152032 -0.33878  9.78151
   570.481  0.00959265   0.010392 -0.0042634  0.159214 -0.345962   9.77912
   570.486   0.00746095  0.00959265 -0.00559571  0.162806 -0.348356   9.77433
   570.491   0.00586217   0.0085268 -0.00479632  0.160412 -0.350751   9.77553
   570.496   0.00399694  0.00746095 -0.00612864  0.169988 -0.360327   9.77912
   570.501   0.00346401  0.00692802 -0.00826034  0.158017 -0.350751   9.77672
   570.506   0.00319755  0.00772741 -0.00532925  0.150835 -0.339977   9.77433
   570.511   0.00346401  0.00826034 -0.00399694  0.160412 -0.353145   9.77912
   570.516   0.00452986  0.00879326 -0.00452986  0.158017 -0.355539   9.77912
   570.521   0.00612864  0.00932619 -0.00532925  0.159214 -0.361524   9.77792
   570.526  0.00746095  0.0106585 -0.0063951  0.154426 -0.355539   9.77313
   570.531   0.00879326   0.0122573 -0.00506279  0.158017 -0.351948   9.77433
   570.536     0.010925   0.0141225 -0.00559571  0.162806 -0.354342   9.78151
   570.541    0.0127902   0.0151884 -0.00532925  0.160412 -0.355539   9.78271
   570.546    0.0141225   0.0157213 -0.00506279  0.158017 -0.342371   9.77792
   570.551     0.014389   0.0154548 -0.00399694  0.158017 -0.337582   9.77553
   570.556    0.0146554   0.0151884 -0.00373047  0.161609 -0.343568   9.77553
   570.561    0.0141225    0.014389 -0.00506279  0.158017 -0.350751   9.77912
   570.566    0.0141225    0.013856 -0.00479632  0.158017 -0.355539   9.78271
   570.571   0.0133231  0.0127902 -0.0042634  0.155623 -0.350751   9.78391
   570.576   0.0114579  0.0114579 -0.0042634  0.155623 -0.342371   9.78151
   570.581    0.0101256  0.00985911 -0.00399694  0.161609 -0.339977   9.77553
   570.586   0.00879326  0.00879326 -0.00559571 0.164003 -0.33878  9.77313
   570.591   0.00719449  0.00826034 -0.00532925   0.15682 -0.342371   9.76954
   570.596   0.00506279  0.00772741 -0.00612864 0.164003 -0.35913  9.76595
   570.601   0.00399694  0.00692802 -0.00826034 0.161609 -0.35913  9.77193
   570.606   0.00319755  0.00719449 -0.00612864  0.155623 -0.350751   9.77792
   570.611   0.00399694  0.00799387 -0.00479632    0.1652 -0.357933   9.78031
   570.616   0.00532925  0.00932619 -0.00532925  0.167594 -0.351948   9.77912
   570.621   0.0063951   0.010392 -0.0063951   0.17358 -0.353145   9.77672
   570.626   0.00719449   0.0111914 -0.00746095  0.167594 -0.350751   9.77792
   570.631  0.00932619  0.0130567 -0.0063951  0.158017 -0.345962   9.77912
   570.636    0.0117243   0.0146554 -0.00586217  0.162806 -0.349553   9.77553
   570.641    0.0133231   0.0151884 -0.00586217  0.162806 -0.343568   9.77553
   570.646    0.0130567   0.0146554 -0.00559571  0.15682 -0.33878  9.77792
   570.651    0.0133231   0.0146554 -0.00452986  0.155623 -0.345962   9.77912
   570.656     0.014389   0.0149219 -0.00452986   0.15682 -0.349553   9.77792
   570.661    0.0154548   0.0151884 -0.00559571   0.15682 -0.349553   9.77313
   570.666     0.014389    0.014389 -0.00452986  0.153229 -0.343568   9.77074
   570.671    0.0125237   0.0127902 -0.00399694  0.152032 -0.348356   9.77313
   570.676    0.0106585   0.0111914 -0.00452986  0.153229 -0.351948   9.77433
   570.681   0.00985911  0.00985911 -0.00452986  0.158017 -0.356736   9.77313
   570.686   0.00826034  0.00879326 -0.00586217  0.161609 -0.356736   9.77433
   570.691   0.00586217  0.00826034 -0.00559571  0.155623 -0.348356   9.77553
   570.696   0.00479632   0.0085268 -0.00559571   0.1652 -0.35913  9.77672
   570.701   0.00506279  0.00799387 -0.00772741  0.164003 -0.353145   9.77912
   570.706   0.0042634 0.00799387 -0.0063951  0.152032 -0.331597   9.77912
   570.711   0.00346401  0.00772741 -0.00506279  0.164003 -0.343568   9.77433
   570.716   0.00373047  0.00879326 -0.00559571  0.162806 -0.344765   9.76595
   570.721   0.00452986  0.00985911 -0.00586217  0.159214 -0.351948   9.77074
   570.726   0.00586217    0.010925 -0.00719449  0.161609 -0.356736   9.77792
   570.731   0.00772741   0.0127902 -0.00586217  0.161609 -0.350751   9.77912
   570.736     0.010392    0.013856 -0.00586217    0.1652 -0.361524   9.77792
   570.741    0.0125237   0.0149219 -0.00559571  0.164003 -0.361524   9.77433
   570.746     0.013856   0.0159877 -0.00479632  0.158017 -0.356736   9.77672
   570.751    0.0149219   0.0159877 -0.00373047  0.154426 -0.350751   9.78031
   570.756    0.0151884   0.0159877 -0.00399694  0.158017 -0.344765   9.77912
   570.761    0.0151884   0.0151884 -0.00506279  0.159214 -0.343568   9.78151
   570.766     0.013856   0.0141225 -0.00479632 0.150835 -0.33878  9.78271
   570.771    0.0122573   0.0127902 -0.00479632  0.154426 -0.342371   9.78031
   570.776    0.0114579   0.0114579 -0.00532925  0.153229 -0.342371   9.77433
   570.781    0.0106585   0.0106585 -0.00452986  0.153229 -0.345962   9.77313
   570.786   0.00959265  0.00959265 -0.00506279  0.152032 -0.350751   9.77074
   570.791   0.00746095  0.00826034 -0.00559571 0.149638 -0.33878  9.76595
   570.796   0.00506279  0.00826034 -0.00532925    0.1652 -0.348356   9.76715
   570.801   0.00373047  0.00772741 -0.00772741  0.169988 -0.354342   9.77313
   570.806   0.00346401  0.00746095 -0.00746095  0.159214 -0.339977   9.78031
   570.811   0.00373047  0.00719449 -0.00506279    0.1652 -0.351948   9.78271
   570.816   0.00479632  0.00799387 -0.00532925  0.162806 -0.353145   9.78031
   570.821   0.00612864  0.00959265 -0.00559571  0.166397 -0.357933   9.77912
   570.826   0.00666156    0.010925 -0.00692802  0.167594 -0.361524   9.77553
   570.831  0.00799387  0.0125237 -0.0063951  0.158017 -0.356736   9.77553
   570.836   0.00932619    0.013856 -0.00586217  0.160412 -0.356736   9.77912
   570.841    0.0111914   0.0149219 -0.00532925  0.160412 -0.349553   9.77912
   570.846    0.0135896   0.0157213 -0.00506279  0.160412 -0.342371   9.78031
   570.851   0.0146554  0.0157213 -0.0042634 0.155623  -0.3304  9.77433
   570.856   0.0149219  0.0154548 -0.0042634  0.160412 -0.336385   9.77193
   570.861     0.014389   0.0146554 -0.00532925  0.158017 -0.347159   9.77313
   570.866     0.013856    0.013856 -0.00506279  0.147243 -0.347159   9.78031
   570.871    0.0125237   0.0130567 -0.00373047  0.154426 -0.347159   9.78271
   570.876   0.0122573  0.0122573 -0.0042634  0.154426 -0.342371   9.77672
   570.881     0.010925   0.0111914 -0.00399694 0.150835 -0.33878  9.77433
   570.886   0.00879326  0.00985911 -0.00506279  0.152032 -0.344765   9.77313
   570.891   0.00666156   0.0085268 -0.00559571  0.150835 -0.342371   9.77433
   570.896   0.00506279  0.00746095 -0.00506279  0.166397 -0.356736   9.77313
   570.901   0.00452986  0.00719449 -0.00719449  0.169988 -0.363919   9.77313
   570.906   0.00399694  0.00772741 -0.00746095  0.154426 -0.343568   9.77792
   570.911   0.00373047  0.00826034 -0.00559571  0.159214 -0.350751   9.77433
   570.916   0.00479632  0.00905972 -0.00532925  0.164003 -0.353145   9.76954
   570.921   0.00532925  0.00985911 -0.00559571 0.171185 -0.35913  9.77193
   570.926   0.00559571   0.0111914 -0.00719449  0.171185 -0.356736   9.77912
   570.931   0.00746095   0.0125237 -0.00666156  0.158017 -0.344765   9.77912
   570.936   0.00959265   0.0135896 -0.00532925  0.162806 -0.350751   9.78031
   570.941    0.0114579    0.014389 -0.00559571   0.15682 -0.353145   9.77792
   570.946    0.0133231   0.0159877 -0.00532925  0.159214 -0.348356   9.77433
   570.951    0.013856  0.0162542 -0.0042634  0.159214 -0.343568   9.77792
   570.956    0.0141225   0.0154548 -0.00399694  0.152032 -0.345962    9.7851
   570.961     0.013856    0.014389 -0.00452986  0.148441 -0.350751    9.7863
   570.966     0.014389   0.0141225 -0.00479632 0.143652 -0.33878  9.78391
   570.971     0.013856   0.0135896 -0.00399694  0.150835 -0.344765   9.77912
   570.976   0.0125237  0.0127902 -0.0042634   0.15682 -0.343568   9.77074
   570.981    0.0101256   0.0114579 -0.00399694   0.15682 -0.353145   9.76834
   570.986   0.00799387  0.00905972 -0.00532925  0.166397 -0.342371   9.77313
   570.991   0.00666156  0.00799387 -0.00612864  0.158017 -0.343568   9.78151
   570.996   0.00586217  0.00746095 -0.00479632  0.158017 -0.353145   9.78391
   571.001   0.00559571  0.00692802 -0.00666156  0.164003 -0.339977   9.77553
   571.006   0.00452986  0.00719449 -0.00772741  0.152032 -0.341174   9.77074
   571.011   0.00319755  0.00746095 -0.00506279  0.154426 -0.350751   9.77193
   571.016   0.00293109  0.00772741 -0.00479632  0.162806 -0.353145   9.77313
   571.021   0.00452986  0.00905972 -0.00532925  0.168791 -0.355539   9.77193
   571.026  0.00612864   0.010925 -0.0063951  0.172383 -0.351948   9.77074
   571.031   0.00799387   0.0127902 -0.00666156 0.162806 -0.35913  9.77313
   571.036  0.00959265  0.0135896 -0.0063951  0.164003 -0.353145   9.77792
   571.041    0.0111914    0.014389 -0.00586217  0.158017 -0.349553   9.77553
   571.046    0.0130567   0.0151884 -0.00532925   0.15682 -0.349553   9.77433
   571.051   0.0135896  0.0154548 -0.0042634  0.159214 -0.356736   9.77672
   571.056    0.0141225   0.0157213 -0.00399694    0.1652 -0.356736   9.77912
   571.061     0.014389   0.0154548 -0.00399694  0.152032 -0.344765   9.77553
   571.066    0.0154548   0.0149219 -0.00399694  0.154426 -0.344765   9.77792
   571.071     0.014389   0.0135896 -0.00399694  0.153229 -0.345962   9.78031
   571.076    0.0117243   0.0119908 -0.00452986  0.152032 -0.337582   9.78151
   571.081    0.0101256   0.0106585 -0.00399694  0.159214 -0.347159   9.77792
   571.086  0.00905972 0.00959265 -0.0042634  0.154426 -0.342371   9.77313
   571.091   0.00799387  0.00879326 -0.00532925  0.158017 -0.344765   9.77553
   571.096    0.0063951  0.00746095 -0.00452986  0.162806 -0.356736   9.77792
   571.101   0.00452986  0.00666156 -0.00692802  0.150835 -0.339977   9.78031
   571.106   0.00319755  0.00692802 -0.00799387   0.15682 -0.339977   9.77672
   571.111   0.00319755  0.00799387 -0.00506279  0.167594 -0.353145   9.77313
   571.116   0.00399694  0.00826034 -0.00479632  0.169988 -0.360327   9.77074
   571.121   0.00532925   0.0085268 -0.00559571  0.168791 -0.360327   9.77193
   571.126  0.00692802   0.010392 -0.0063951   0.15682 -0.350751   9.77313
   571.131   0.00826034   0.0119908 -0.00666156  0.158017 -0.356736   9.77193
   571.136   0.00985911   0.0130567 -0.00559571   0.15682 -0.351948   9.77313
   571.141     0.010925   0.0141225 -0.00506279  0.158017 -0.349553   9.77433
   571.146   0.0119908  0.0154548 -0.0042634   0.15682 -0.341174   9.78031
   571.151     0.013856   0.0159877 -0.00399694  0.158017 -0.339977   9.78031
   571.156   0.0154548  0.0162542 -0.0042634  0.159214 -0.343568   9.77553
   571.161    0.0157213   0.0159877 -0.00506279  0.152032 -0.341174   9.77553
   571.166   0.0149219  0.0146554 -0.0042634  0.150835 -0.344765   9.77553
   571.171    0.0135896   0.0135896 -0.00506279  0.155623 -0.351948   9.78031
   571.176    0.0125237   0.0127902 -0.00506279  0.154426 -0.343568   9.78031
   571.181     0.010392   0.0114579 -0.00479632  0.158017 -0.347159   9.77313
   571.186   0.00932619  0.00985911 -0.00586217  0.154426 -0.339977   9.77433
   571.191   0.00746095  0.00826034 -0.00532925  0.154426 -0.337582   9.77553
   571.196   0.00506279  0.00746095 -0.00719449  0.162806 -0.356736   9.77912
   571.201   0.00293109  0.00719449 -0.00932619   0.15682 -0.349553   9.77912
   571.206    0.0021317  0.00719449 -0.00586217  0.158017 -0.347159   9.77553
   571.211   0.00266462  0.00772741 -0.00506279  0.167594 -0.363919   9.77433
   571.216   0.00399694  0.00932619 -0.00559571    0.1652 -0.360327   9.77433
   571.221  0.00506279 0.00959265 -0.0063951  0.162806 -0.354342   9.77193
   571.226   0.00532925    0.010925 -0.00692802  0.161609 -0.343568   9.77193
   571.231   0.00692802   0.0130567 -0.00559571  0.164003 -0.350751   9.77193
   571.236   0.00985911    0.014389 -0.00559571  0.161609 -0.354342   9.77792
   571.241    0.0114579   0.0146554 -0.00612864  0.159214 -0.354342   9.77672
   571.246    0.0125237   0.0146554 -0.00532925  0.158017 -0.345962   9.77433
   571.251    0.0135896   0.0149219 -0.00399694  0.154426 -0.345962   9.77792
   571.256    0.0151884   0.0146554 -0.00373047  0.159214 -0.353145   9.78031
   571.261    0.0157213    0.014389 -0.00479632  0.159214 -0.353145   9.77912
   571.266     0.014389   0.0135896 -0.00399694  0.154426 -0.348356   9.77792
   571.271   0.0127902  0.0125237 -0.0042634  0.150835 -0.343568   9.77792
   571.276   0.0122573  0.0119908 -0.0042634  0.149638 -0.337582   9.77912
   571.281   0.0117243   0.010925 -0.0042634  0.159214 -0.343568   9.78031
   571.286    0.0101256  0.00932619 -0.00586217 0.159214 -0.33878  9.77792
   571.291   0.00479632  0.00799387 -0.00506279  0.159214 -0.342371   9.77313
   571.296  0.00346401 0.00719449 -0.0063951    0.1652 -0.357933   9.77433
   571.301   0.00399694  0.00692802 -0.00826034  0.160412 -0.350751   9.77433
   571.306    0.0042634  0.00692802 -0.00586217   0.15682 -0.339977   9.77672
   571.308   0.00399694  0.00799387 -0.00479632  0.164003 -0.350751   9.77792
   571.316   0.00452986  0.00905972 -0.00559571  0.160412 -0.349553   9.77553
   571.321  0.00559571 0.00959265 -0.0063951  0.161609 -0.348356   9.77074
   571.326   0.00666156   0.0111914 -0.00666156  0.161609 -0.345962   9.77193
   571.331    0.0085268   0.0127902 -0.00532925  0.162806 -0.349553   9.77193
   571.336    0.0106585    0.014389 -0.00612864  0.158017 -0.347159   9.77313
   571.341    0.0127902   0.0146554 -0.00586217  0.155623 -0.347159   9.77912
   571.346     0.014389   0.0146554 -0.00506279  0.155623 -0.342371   9.78031
   571.351    0.0149219   0.0151884 -0.00293109  0.159214 -0.347159   9.77672
   571.356    0.0149219   0.0157213 -0.00319755   0.15682 -0.354342   9.77553
   571.361     0.014389   0.0146554 -0.00452986  0.150835 -0.345962   9.77193
   571.366    0.0130567   0.0130567 -0.00399694  0.150835 -0.332794   9.77193
   571.371   0.0119908  0.0119908 -0.0042634  0.158017 -0.343568   9.77193
   571.376     0.010925   0.0111914 -0.00479632  0.155623 -0.351948   9.77193
   571.381  0.00932619  0.0101256 -0.0042634  0.154426 -0.356736   9.77313
   571.386   0.00746095  0.00879326 -0.00559571  0.158017 -0.353145   9.77313
   571.391   0.00559571  0.00772741 -0.00479632  0.155623 -0.341174   9.77074
   571.396    0.0042634  0.00719449 -0.00506279  0.161609 -0.349553   9.77313
   571.401    0.0042634  0.00719449 -0.00719449 0.155623 -0.33878  9.77912
   571.406   0.00346401  0.00719449 -0.00666156  0.149638 -0.325611   9.77912
   571.411   0.00319755  0.00746095 -0.00559571  0.164003 -0.344765   9.77553
   571.416  0.00452986  0.0085268 -0.0063951  0.168791 -0.350751   9.77313
   571.421   0.00719449   0.0101256 -0.00692802  0.17358 -0.35913  9.77074
   571.426   0.00826034   0.0117243 -0.00719449  0.166397 -0.354342   9.77553
   571.431   0.00879326   0.0130567 -0.00612864  0.155623 -0.342371   9.77792
   571.436    0.0101256    0.013856 -0.00559571  0.152032 -0.342371   9.77553
   571.441    0.0117243   0.0151884 -0.00559571  0.150835 -0.342371   9.77553
   571.446    0.0135896   0.0154548 -0.00586217  0.149638 -0.339977   9.78031
   571.451    0.0141225   0.0157213 -0.00452986  0.155623 -0.345962   9.78391
   571.456   0.0146554  0.0154548 -0.0042634  0.162806 -0.349553   9.78151
   571.461     0.014389   0.0149219 -0.00506279  0.162806 -0.351948   9.78151
   571.466    0.013856  0.0135896 -0.0042634  0.159214 -0.344765   9.78151
   571.471    0.0127902   0.0119908 -0.00399694  0.159214 -0.342371   9.78031
   571.476    0.0122573   0.0114579 -0.00399694  0.150835 -0.335188   9.77553
   571.481     0.010925   0.0111914 -0.00346401 0.146046 -0.33878  9.77553
   571.486   0.00879326   0.0101256 -0.00506279  0.150835 -0.339977   9.78031
   571.491   0.00586217  0.00799387 -0.00506279  0.148441 -0.332794   9.77912
   571.496   0.00399694  0.00692802 -0.00532925  0.161609 -0.349553   9.77433
   571.501   0.00293109   0.0063951 -0.00826034  0.164003 -0.349553   9.77553
   571.506   0.00319755  0.00692802 -0.00719449  0.155623 -0.337582   9.78151
   571.511   0.00373047  0.00799387 -0.00506279    0.1652 -0.356736   9.78271
   571.516   0.00479632  0.00905972 -0.00532925  0.171185 -0.354342   9.77553
   571.521   0.00586217  0.00985911 -0.00586217  0.169988 -0.347159   9.76595
   571.526   0.00692802    0.010925 -0.00666156  0.162806 -0.339977   9.76834
   571.531   0.00772741   0.0117243 -0.00586217  0.158017 -0.333991   9.77672
   571.536  0.00879326  0.0130567 -0.0063951  0.164003 -0.350751   9.78031
   571.541    0.0117243    0.014389 -0.00719449  0.161609 -0.355539   9.78271
   571.546    0.0135896   0.0154548 -0.00612864  0.159214 -0.350751   9.78031
   571.551    0.0141225   0.0154548 -0.00399694  0.159214 -0.351948   9.77912
   571.556    0.0141225   0.0146554 -0.00399694  0.160412 -0.349553   9.77553
   571.561    0.0141225    0.013856 -0.00506279  0.164003 -0.349553   9.77792
   571.566     0.013856   0.0135896 -0.00506279   0.15682 -0.339977   9.77912
   571.571   0.0127902  0.0125237 -0.0042634  0.152032 -0.337582   9.77912
   571.576    0.0114579   0.0114579 -0.00399694  0.155623 -0.336385   9.77792
   571.581  0.00932619 0.00985911 -0.0042634  0.15682 -0.33878  9.77792
   571.586   0.00719449   0.0085268 -0.00532925  0.161609 -0.353145   9.77792
   571.591   0.00586217  0.00772741 -0.00586217  0.159214 -0.347159   9.77792
   571.596   0.00532925  0.00799387 -0.00586217  0.169988 -0.349553   9.78151
   571.601   0.00452986  0.00799387 -0.00799387  0.168791 -0.356736   9.77792
   571.606   0.00399694  0.00746095 -0.00666156  0.144849 -0.337582   9.77672
   571.611   0.00266462  0.00719449 -0.00479632  0.152032 -0.343568   9.77792
   571.616   0.00346401   0.0085268 -0.00586217  0.161609 -0.347159   9.77792
   571.621   0.00559571    0.010392 -0.00612864  0.166397 -0.350751   9.77313
   571.626   0.00719449   0.0114579 -0.00692802  0.162806 -0.351948   9.77193
   571.631   0.00826034   0.0119908 -0.00586217  0.154426 -0.349553   9.77433
   571.636   0.00932619   0.0127902 -0.00506279 0.162806 -0.35913  9.77553
   571.641    0.0114579   0.0141225 -0.00532925    0.1652 -0.356736   9.77553
   571.646    0.0130567   0.0151884 -0.00559571  0.158017 -0.343568   9.77672
   571.651   0.0135896  0.0159877 -0.0042634  0.154426 -0.333991   9.77553
   571.656     0.014389   0.0157213 -0.00346401  0.158017 -0.341174   9.77193
   571.661     0.014389   0.0146554 -0.00479632  0.161609 -0.348356   9.77313
   571.666     0.013856   0.0135896 -0.00479632  0.158017 -0.350751   9.77433
   571.671    0.0125237   0.0130567 -0.00479632 0.161609 -0.35913  9.77912
   571.676    0.0117243   0.0122573 -0.00452986  0.158017 -0.353145   9.78031
   571.681    0.0111914   0.0111914 -0.00373047   0.15682 -0.343568   9.77912
   571.686    0.0085268  0.00932619 -0.00559571  0.160412 -0.342371   9.77193
   571.691    0.0063951  0.00746095 -0.00612864  0.154426 -0.335188   9.77193
   571.696   0.00506279  0.00692802 -0.00559571  0.158017 -0.343568   9.77074
   571.701   0.00373047  0.00719449 -0.00746095  0.155623 -0.347159   9.77074
   571.706   0.00266462  0.00746095 -0.00746095  0.147243 -0.335188   9.76954
   571.711   0.00239816  0.00772741 -0.00479632  0.158017 -0.345962   9.77313
   571.716   0.00373047  0.00879326 -0.00479632  0.167594 -0.357933   9.77792
   571.721   0.00506279  0.00985911 -0.00506279 0.167594 -0.35913  9.77912
   571.726  0.00559571   0.010925 -0.0063951  0.164003 -0.353145   9.77912
   571.731   0.00692802   0.0122573 -0.00612864  0.159214 -0.342371   9.77433
   571.736   0.00985911   0.0130567 -0.00532925  0.162806 -0.345962   9.77433
   571.741    0.0125237    0.014389 -0.00559571  0.158017 -0.347159   9.77792
   571.746     0.013856   0.0154548 -0.00559571  0.150835 -0.343568   9.77912
   571.751   0.0141225  0.0154548 -0.0042634  0.149638 -0.347159   9.77792
   571.756     0.013856   0.0146554 -0.00399694  0.158017 -0.353145   9.77792
   571.761   0.0149219  0.0146554 -0.0042634   0.15682 -0.353145   9.77553
   571.766    0.0157213   0.0146554 -0.00479632  0.149638 -0.341174   9.77553
   571.771    0.014389   0.013856 -0.0042634 0.150835 -0.33878  9.77792
   571.776    0.0117243   0.0119908 -0.00452986  0.150835 -0.342371   9.77553
   571.781   0.00985911    0.010392 -0.00399694  0.152032 -0.333991   9.77672
   571.786   0.00932619  0.00932619 -0.00479632  0.160412 -0.345962   9.78031
   571.791  0.00826034  0.0085268 -0.0063951  0.149638 -0.341174   9.78031
   571.796   0.00586217  0.00719449 -0.00586217  0.154426 -0.349553   9.77672
   571.801   0.00346401  0.00666156 -0.00692802  0.162806 -0.360327   9.77553
   571.806   0.00293109  0.00692802 -0.00719449  0.155623 -0.345962   9.77553
   571.811   0.00346401  0.00826034 -0.00479632  0.162806 -0.349553   9.77433
   571.816   0.00452986  0.00879326 -0.00506279  0.167594 -0.351948   9.77193
   571.821   0.00586217  0.00985911 -0.00532925  0.168791 -0.347159   9.77313
   571.826   0.00692802   0.0111914 -0.00692802  0.167594 -0.351948   9.77553
   571.831   0.00772741   0.0122573 -0.00719449  0.158017 -0.347159   9.77553
   571.836   0.00932619   0.0135896 -0.00586217  0.159214 -0.354342   9.77912
   571.841    0.0114579   0.0149219 -0.00559571  0.155623 -0.356736   9.78151
   571.846    0.0125237   0.0154548 -0.00559571  0.159214 -0.355539   9.77912
   571.851   0.0135896  0.0154548 -0.0042634   0.15682 -0.351948   9.77433
   571.856     0.014389   0.0149219 -0.00346401  0.154426 -0.343568   9.77553
   571.861    0.0151884   0.0146554 -0.00373047   0.15682 -0.341174   9.77792
   571.866   0.0146554  0.0146554 -0.0042634  0.149638 -0.337582   9.78031
   571.871   0.0133231  0.0135896 -0.0042634 0.152032 -0.33878  9.78271
   571.876   0.0114579  0.0122573 -0.0042634  0.155623 -0.343568   9.77912
   571.881    0.0106585   0.0111914 -0.00399694  0.152032 -0.343568   9.77792
   571.886   0.00932619  0.00985911 -0.00452986  0.158017 -0.351948   9.77912
   571.891   0.00719449   0.0085268 -0.00612864  0.158017 -0.344765   9.77792
   571.896   0.00559571  0.00746095 -0.00506279  0.159214 -0.344765   9.77672
   571.901   0.00479632  0.00692802 -0.00719449  0.167594 -0.348356   9.77433
   571.906   0.00452986  0.00719449 -0.00826034  0.158017 -0.332794   9.77313
   571.911   0.00373047  0.00746095 -0.00532925  0.152032 -0.335188   9.77193
   571.916   0.00399694  0.00772741 -0.00506279  0.160412 -0.345962   9.77313
   571.921   0.00506279  0.00879326 -0.00532925  0.162806 -0.351948   9.77074
   571.926  0.00719449   0.010392 -0.0063951  0.167594 -0.357933   9.77193
   571.931   0.00879326   0.0117243 -0.00692802  0.161609 -0.347159   9.78151
   571.936   0.00959265   0.0130567 -0.00532925    0.1652 -0.345962    9.7851
   571.941     0.010392    0.014389 -0.00506279  0.164003 -0.343568   9.77912
   571.946    0.0119908   0.0154548 -0.00506279  0.158017 -0.342371   9.77433
   571.951    0.0135896   0.0159877 -0.00532925  0.148441 -0.341174   9.77433
   571.956    0.0149219   0.0162542 -0.00479632  0.152032 -0.350751   9.77912
   571.961    0.0146554   0.0157213 -0.00506279  0.155623 -0.361524   9.78151
   571.966     0.014389   0.0149219 -0.00532925  0.152032 -0.354342   9.77792
   571.971    0.0133231   0.0130567 -0.00373047  0.154426 -0.350751   9.77193
   571.976   0.0117243  0.0117243 -0.0042634  0.158017 -0.345962   9.77553
   571.981    0.0106585    0.010925 -0.00452986  0.154426 -0.341174   9.77912
   571.986   0.00932619  0.00959265 -0.00452986  0.155623 -0.343568   9.77433
   571.991   0.00746095   0.0085268 -0.00586217  0.149638 -0.337582   9.77553
   571.996   0.00586217  0.00826034 -0.00559571  0.154426 -0.343568   9.77553
   572.001    0.0042634  0.00746095 -0.00692802  0.164003 -0.361524   9.77672
   572.006   0.00373047  0.00692802 -0.00879326 0.158017 -0.35913  9.77433
   572.011   0.00399694  0.00772741 -0.00612864  0.164003 -0.357933   9.77433
   572.016    0.0042634  0.00826034 -0.00479632   0.17358 -0.357933   9.77313
   572.021   0.00506279  0.00932619 -0.00452986  0.166397 -0.348356   9.77313
   572.026    0.0063951   0.0106585 -0.00506279  0.164003 -0.347159   9.77553
   572.031   0.00719449   0.0119908 -0.00559571  0.160412 -0.337582   9.77792
   572.036   0.00905972   0.0135896 -0.00452986  0.164003 -0.341174   9.77912
   572.041    0.0114579   0.0149219 -0.00532925  0.167594 -0.347159   9.77672
   572.046    0.0130567   0.0154548 -0.00586217    0.1652 -0.351948   9.77912
   572.051    0.0141225   0.0157213 -0.00452986  0.158017 -0.356736   9.78151
   572.056    0.0149219   0.0154548 -0.00346401  0.159214 -0.357933   9.78391
   572.061    0.0151884   0.0149219 -0.00452986  0.161609 -0.350751   9.78151
   572.066     0.014389   0.0141225 -0.00479632  0.155623 -0.336385   9.77912
   572.071    0.0133231   0.0135896 -0.00373047  0.154426 -0.335188   9.77912
   572.076   0.0125237  0.0127902 -0.0042634  0.154426 -0.342371   9.77912
   572.081    0.0106585   0.0114579 -0.00479632  0.155623 -0.343568   9.77912
   572.086   0.00959265   0.0101256 -0.00452986  0.166397 -0.349553   9.77433
   572.091   0.00772741   0.0085268 -0.00666156  0.169988 -0.349553   9.77313
   572.096   0.00506279  0.00772741 -0.00612864  0.160412 -0.347159   9.77313
   572.101   0.00346401  0.00692802 -0.00666156  0.167594 -0.361524   9.77433
   572.106   0.00346401  0.00692802 -0.00879326    0.1652 -0.349553   9.77553
   572.111  0.00346401 0.00746095 -0.0063951 0.159214 -0.33878  9.77792
   572.116   0.00399694   0.0085268 -0.00506279  0.164003 -0.343568   9.77553
   572.121   0.00506279    0.010392 -0.00532925  0.168791 -0.356736   9.77313
   572.126   0.00586217    0.010925 -0.00612864  0.175974 -0.354342   9.77433
   572.131   0.00666156   0.0111914 -0.00692802  0.169988 -0.357933   9.77433
   572.136   0.00799387   0.0119908 -0.00559571  0.168791 -0.357933   9.77313
   572.141     0.010392   0.0135896 -0.00586217  0.162806 -0.349553   9.77553
   572.146    0.0133231   0.0151884 -0.00586217   0.15682 -0.339977   9.78271
   572.151     0.014389   0.0157213 -0.00479632  0.149638 -0.343568    9.7851
   572.156    0.0149219   0.0157213 -0.00373047  0.152032 -0.347159   9.78151
   572.161    0.014389  0.0151884 -0.0042634  0.155623 -0.342371   9.77912
   572.166    0.0135896   0.0146554 -0.00506279  0.154426 -0.339977   9.77792
   572.171   0.0135896   0.013856 -0.0042634  0.150835 -0.345962   9.78031
   572.176    0.0133231   0.0130567 -0.00399694   0.15682 -0.345962   9.78271
   572.181   0.0117243  0.0122573 -0.0042634  0.154426 -0.350751   9.78031
   572.186   0.0101256   0.010925 -0.0042634  0.164003 -0.345962   9.77553
   572.191   0.00772741   0.0085268 -0.00612864  0.158017 -0.332794   9.77553
   572.196   0.00612864  0.00719449 -0.00559571  0.162806 -0.347159   9.77553
   572.201   0.00479632  0.00692802 -0.00559571  0.160412 -0.349553   9.77553
   572.206   0.00373047  0.00719449 -0.00772741  0.153229 -0.342371   9.77433
   572.211   0.00293109  0.00746095 -0.00666156  0.162806 -0.355539   9.77553
   572.216   0.00399694  0.00799387 -0.00479632  0.159214 -0.354342   9.77792
   572.221   0.00506279  0.00905972 -0.00479632  0.161609 -0.355539   9.77553
   572.226   0.00586217    0.010392 -0.00559571  0.160412 -0.353145   9.77553
   572.231   0.00666156   0.0114579 -0.00719449  0.154426 -0.349553   9.77433
   572.236  0.00826034  0.0127902 -0.0063951  0.159214 -0.349553   9.77553
   572.241    0.0106585    0.014389 -0.00586217  0.164003 -0.354342   9.77433
   572.246    0.0125237   0.0154548 -0.00586217  0.160412 -0.353145   9.77433
   572.251   0.0133231  0.0157213 -0.0063951  0.162806 -0.350751   9.77792
   572.256     0.013856   0.0157213 -0.00532925  0.164003 -0.347159   9.78031
   572.261    0.0141225   0.0154548 -0.00452986  0.161609 -0.347159   9.77672
   572.266    0.0135896   0.0151884 -0.00479632  0.155623 -0.342371   9.77672
   572.271    0.0133231   0.0146554 -0.00479632   0.15682 -0.342371   9.77672
   572.276    0.0127902   0.0133231 -0.00479632  0.154426 -0.335188   9.76834
   572.281    0.0111914   0.0119908 -0.00399694 0.155623 -0.33878  9.76595
   572.286    0.0085268   0.0106585 -0.00532925   0.15682 -0.343568   9.76834
   572.291   0.00692802   0.0085268 -0.00532925   0.15682 -0.345962   9.77313
   572.296    0.0063951  0.00746095 -0.00559571  0.161609 -0.362722   9.77672
   572.301   0.00559571  0.00746095 -0.00772741  0.158017 -0.357933   9.77313
   572.306    0.0042634  0.00719449 -0.00612864  0.150835 -0.337582   9.77433
   572.308  0.00373047 0.00746095 -0.0042634  0.162806 -0.349553   9.77193
   572.316   0.00452986  0.00799387 -0.00479632  0.161609 -0.350751   9.77313
   572.321   0.00586217   0.0085268 -0.00506279  0.160412 -0.353145   9.77792
   572.326   0.00586217   0.0085268 -0.00506279  0.160412 -0.353145   9.78031
   572.331   0.00532925  0.00959265 -0.00692802  0.159214 -0.353145   9.78031
   572.336   0.00612864   0.0106585 -0.00612864  0.152032 -0.343568   9.78031
   572.341   0.00826034   0.0119908 -0.00559571  0.158017 -0.353145   9.77433
   572.346     0.010925   0.0135896 -0.00506279  0.161609 -0.350751   9.77193
   572.351    0.0130567   0.0151884 -0.00479632   0.15682 -0.347159   9.77433
   572.356   0.0141225  0.0154548 -0.0042634  0.159214 -0.350751   9.77672
   572.361    0.0141225   0.0151884 -0.00373047  0.162806 -0.351948   9.77672
   572.366    0.014389   0.014389 -0.0042634  0.160412 -0.349553   9.77672
   572.371    0.0146554    0.013856 -0.00452986  0.148441 -0.341174   9.77553
   572.376    0.0141225   0.0130567 -0.00399694  0.148441 -0.343568   9.77433
   572.381   0.0125237  0.0117243 -0.0042634  0.150835 -0.339977   9.77193
   572.386     0.010925   0.0106585 -0.00373047   0.15682 -0.343568   9.77553
   572.391   0.00905972  0.00932619 -0.00506279  0.162806 -0.354342   9.78151
   572.396   0.00719449  0.00826034 -0.00506279  0.155623 -0.349553   9.78271
   572.401    0.0063951  0.00719449 -0.00479632  0.161609 -0.347159   9.77912
   572.406   0.00586217  0.00719449 -0.00719449  0.160412 -0.344765   9.77313
   572.411   0.00506279  0.00666156 -0.00719449  0.152032 -0.329203   9.77313
   572.416   0.00346401  0.00692802 -0.00506279  0.160412 -0.339977   9.77433
   572.421   0.00239816   0.0085268 -0.00532925  0.160412 -0.343568   9.77433
   572.426    0.0063951   0.0106585 -0.00559571  0.168791 -0.350751   9.77792
   572.431   0.00719449   0.0119908 -0.00692802  0.172383 -0.354342   9.77672
   572.436   0.00746095   0.0127902 -0.00692802    0.1652 -0.351948   9.77553
   572.441    0.0085268   0.0133231 -0.00586217    0.1652 -0.360327   9.77792
   572.446     0.010392    0.013856 -0.00532925  0.160412 -0.357933   9.78031
   572.451    0.0130567   0.0149219 -0.00532925  0.155623 -0.350751   9.77672
   572.456    0.0141225   0.0159877 -0.00399694  0.148441 -0.339977   9.77553
   572.461    0.0141225   0.0151884 -0.00373047  0.149638 -0.335188   9.77433
   572.466     0.014389   0.0146554 -0.00479632  0.154426 -0.339977   9.77313
   572.471     0.014389    0.014389 -0.00506279  0.152032 -0.332794   9.77433
   572.476   0.0130567  0.0135896 -0.0042634  0.155623 -0.337582   9.77912
   572.481    0.0111914   0.0119908 -0.00479632  0.159214 -0.347159   9.78151
   572.486    0.0101256   0.0106585 -0.00452986  0.161609 -0.349553    9.7863
   572.491    0.0085268   0.0101256 -0.00506279  0.162806 -0.348356   9.78271
   572.496   0.00719449  0.00932619 -0.00532925  0.149638 -0.332794   9.77792
   572.501   0.00506279  0.00826034 -0.00452986  0.155623 -0.342371   9.77433
   572.506   0.00399694  0.00719449 -0.00692802  0.164003 -0.347159   9.77433
   572.511   0.00373047  0.00692802 -0.00772741  0.155623 -0.332794   9.77313
   572.516   0.00346401  0.00719449 -0.00559571  0.161609 -0.344765   9.77193
   572.521   0.00346401  0.00826034 -0.00532925  0.161609 -0.353145   9.77313
   572.526   0.00452986  0.00932619 -0.00532925  0.162806 -0.360327   9.77313
   572.531  0.00586217   0.010925 -0.0063951  0.167594 -0.363919   9.77553
   572.536  0.00772741  0.0119908 -0.0063951    0.1652 -0.355539   9.77912
   572.541   0.00959265   0.0130567 -0.00559571  0.166397 -0.360327   9.78271
   572.546    0.0114579   0.0146554 -0.00532925  0.159214 -0.354342   9.78031
   572.551    0.0125237   0.0151884 -0.00559571  0.154426 -0.344765   9.77912
   572.556    0.0133231   0.0151884 -0.00452986  0.154426 -0.337582   9.78031
   572.561    0.0133231   0.0151884 -0.00399694  0.159214 -0.342371   9.78151
   572.566    0.0141225   0.0151884 -0.00452986  0.159214 -0.349553   9.77553
   572.571    0.0149219   0.0146554 -0.00479632  0.152032 -0.341174   9.77313
   572.576    0.0135896   0.0130567 -0.00399694  0.152032 -0.342371   9.77074
   572.581   0.0114579  0.0111914 -0.0042634  0.159214 -0.348356   9.77074
   572.586  0.00985911 0.00985911 -0.0042634  0.159214 -0.345962   9.77193
   572.591    0.0085268   0.0085268 -0.00452986  0.159214 -0.351948   9.77074
   572.596   0.00692802  0.00799387 -0.00532925  0.148441 -0.342371   9.77433
   572.601   0.00479632  0.00772741 -0.00479632  0.153229 -0.353145   9.77792
   572.606   0.00293109  0.00746095 -0.00719449  0.161609 -0.360327   9.77313
   572.611   0.00266462  0.00719449 -0.00826034  0.150835 -0.343568   9.76954
   572.616   0.00293109  0.00799387 -0.00506279   0.15682 -0.350751   9.77193
   572.621   0.00373047  0.00905972 -0.00479632    0.1652 -0.355539   9.77433
   572.626   0.00506279  0.00985911 -0.00532925  0.168791 -0.354342   9.77433
   572.631    0.0063951    0.010925 -0.00666156  0.166397 -0.353145   9.76954
   572.636   0.00719449   0.0122573 -0.00666156  0.159214 -0.348356   9.76834
   572.641   0.00905972   0.0135896 -0.00586217  0.162806 -0.353145   9.77313
   572.646    0.0111914   0.0149219 -0.00586217  0.160412 -0.339977   9.77672
   572.651    0.0130567   0.0154548 -0.00559571  0.160412 -0.336385   9.77912
   572.656     0.014389   0.0157213 -0.00479632   0.15682 -0.343568   9.77672
   572.661   0.0151884  0.0159877 -0.0042634  0.154426 -0.351948   9.77553
   572.666    0.014389  0.0154548 -0.0042634   0.15682 -0.353145   9.78151
   572.671    0.0127902   0.0141225 -0.00479632  0.153229 -0.343568   9.78271
   572.676    0.0114579   0.0130567 -0.00399694  0.152032 -0.344765   9.77912
   572.681    0.0111914   0.0119908 -0.00479632  0.152032 -0.345962   9.77672
   572.686    0.0106585   0.0106585 -0.00479632  0.148441 -0.345962   9.77553
   572.691   0.00932619  0.00932619 -0.00452986  0.155623 -0.351948   9.77792
   572.696   0.00746095  0.00879326 -0.00532925  0.154426 -0.342371   9.77792
   572.701   0.00532925  0.00799387 -0.00452986  0.164003 -0.349553   9.77553
   572.706   0.00399694  0.00719449 -0.00666156  0.172383 -0.363919   9.77433
   572.711   0.00373047  0.00746095 -0.00799387  0.158017 -0.347159   9.77074
   572.716    0.0042634  0.00826034 -0.00532925 0.154426 -0.33878  9.77074
   572.721   0.00479632   0.0085268 -0.00479632  0.162806 -0.345962   9.77074
   572.726   0.00506279  0.00905972 -0.00506279  0.161609 -0.357933   9.76834
   572.731   0.00586217    0.010392 -0.00612864   0.1652 -0.36751  9.77074
   572.736   0.00692802   0.0114579 -0.00612864 0.162806 -0.35913  9.77313
   572.741   0.00826034   0.0122573 -0.00559571  0.162806 -0.351948   9.77433
   572.746   0.00985911   0.0130567 -0.00532925  0.160412 -0.345962   9.77313
   572.751    0.0125237   0.0146554 -0.00532925  0.158017 -0.339977   9.77792
   572.756    0.0146554   0.0159877 -0.00506279  0.152032 -0.329203   9.77912
   572.761    0.0157213   0.0162542 -0.00373047  0.150835 -0.336385   9.78031
   572.766   0.0146554  0.0151884 -0.0042634  0.158017 -0.349553   9.78031
   572.771    0.0141225    0.013856 -0.00532925  0.152032 -0.345962   9.77433
   572.776   0.0141225  0.0130567 -0.0042634  0.152032 -0.343568   9.76954
   572.781    0.0133231   0.0125237 -0.00399694  0.154426 -0.343568   9.77074
   572.786    0.0114579   0.0117243 -0.00399694  0.152032 -0.339977   9.77313
   572.791   0.00905972    0.010392 -0.00373047   0.15682 -0.342371   9.77672
   572.796   0.00746095  0.00905972 -0.00506279   0.15682 -0.339977   9.77553
   572.801    0.0063951  0.00879326 -0.00479632  0.160412 -0.341174   9.77553
   572.806   0.00532925  0.00826034 -0.00586217  0.171185 -0.355539   9.77553
   572.811    0.0042634  0.00692802 -0.00799387  0.160412 -0.343568   9.77193
   572.816   0.00399694  0.00692802 -0.00532925 0.159214 -0.33878  9.76715
   572.821    0.0042634  0.00799387 -0.00479632  0.172383 -0.347159   9.76834
   572.826   0.00532925  0.00932619 -0.00506279  0.171185 -0.347159   9.77553
   572.831  0.00692802  0.0106585 -0.0063951  0.169988 -0.349553   9.77792
   572.836   0.00799387   0.0119908 -0.00692802  0.158017 -0.332794   9.77792
   572.841   0.00879326   0.0125237 -0.00559571 0.153229  -0.3304  9.77792
   572.846    0.010925  0.0135896 -0.0063951  0.154426 -0.337582   9.78031
   572.851   0.0125237   0.014389 -0.0063951  0.154426 -0.344765   9.77792
   572.855    0.0135896   0.0146554 -0.00479632  0.158017 -0.342371   9.77313
   572.855    0.0149219   0.0154548 -0.00373047 0.158017 -0.35913  9.77433
   572.871    0.0141225   0.0151884 -0.00479632  0.152032 -0.355539   9.78031
   572.876    0.0130567   0.0141225 -0.00399694  0.150835 -0.344765   9.78031
   572.881    0.0125237   0.0127902 -0.00373047  0.150835 -0.343568   9.77553
   572.886    0.0114579   0.0117243 -0.00373047  0.144849 -0.336385   9.77553
   572.891   0.00879326    0.010392 -0.00319755  0.155623 -0.347159   9.77792
   572.896   0.00666156  0.00905972 -0.00559571  0.159214 -0.354342   9.77792
   572.901   0.00586217  0.00826034 -0.00532925  0.155623 -0.339977   9.77313
   572.906   0.00479632  0.00746095 -0.00586217    0.1652 -0.349553   9.77074
   572.911   0.00346401  0.00719449 -0.00772741  0.162806 -0.343568   9.77433
   572.916   0.00239816  0.00719449 -0.00612864   0.15682 -0.335188   9.77792
   572.921   0.00239816  0.00826034 -0.00506279    0.1652 -0.349553   9.78031
   572.926   0.00452986  0.00985911 -0.00506279  0.160412 -0.350751   9.77672
   572.931    0.0063951   0.0117243 -0.00586217  0.161609 -0.351948   9.77313
   572.936   0.00746095   0.0122573 -0.00746095  0.158017 -0.345962   9.77553
   572.941    0.0085268   0.0127902 -0.00692802  0.158017 -0.347159   9.77672
   572.946   0.0101256  0.0135896 -0.0063951    0.1652 -0.350751   9.77672
   572.951    0.0122573   0.0151884 -0.00559571  0.166397 -0.351948   9.77193
   572.956    0.0135896   0.0162542 -0.00479632  0.154426 -0.342371   9.77193
   572.961    0.0146554   0.0159877 -0.00346401  0.154426 -0.343568   9.77792
   572.966    0.0149219   0.0151884 -0.00373047  0.155623 -0.347159   9.78031
   572.971     0.014389   0.0151884 -0.00452986  0.150835 -0.339977   9.77792
   572.976    0.0133231   0.0141225 -0.00373047  0.148441 -0.335188   9.77433
   572.981    0.0119908   0.0127902 -0.00346401  0.154426 -0.339977   9.77792
   572.986    0.0111914   0.0117243 -0.00452986  0.153229 -0.339977   9.78031
   572.991  0.00959265  0.0101256 -0.0042634   0.15682 -0.343568   9.77792
   572.996   0.00799387  0.00879326 -0.00506279  0.159214 -0.348356   9.77553
   573.001    0.0063951  0.00826034 -0.00479632  0.161609 -0.345962   9.77313
   573.006   0.00506279  0.00772741 -0.00559571  0.174777 -0.351948   9.76834
   573.011    0.0042634  0.00772741 -0.00799387  0.167594 -0.341174   9.76715
   573.016  0.00346401 0.00772741 -0.0063951  0.149638 -0.332794   9.77313
   573.021   0.00346401  0.00746095 -0.00479632  0.155623 -0.356736   9.78151
   573.026   0.00452986  0.00826034 -0.00506279  0.159214 -0.354342    9.7863
   573.031   0.00666156   0.0101256 -0.00586217  0.168791 -0.355539   9.77912
   573.036   0.00772741   0.0114579 -0.00692802  0.167594 -0.354342   9.77792
   573.041   0.00826034   0.0127902 -0.00612864  0.164003 -0.349553   9.78031
   573.046  0.00959265   0.013856 -0.0063951  0.162806 -0.354342   9.77792
   573.051    0.0119908   0.0149219 -0.00586217  0.162806 -0.356736   9.77553
   573.056    0.0135896   0.0157213 -0.00532925  0.158017 -0.348356   9.78031
   573.061    0.014389  0.0159877 -0.0042634   0.15682 -0.343568    9.7851
   573.066   0.0146554  0.0159877 -0.0042634  0.159214 -0.343568   9.78151
   573.071    0.0141225   0.0149219 -0.00532925  0.160412 -0.349553   9.77912
   573.076   0.0135896   0.013856 -0.0042634  0.153229 -0.343568   9.78031
   573.081    0.0130567   0.0127902 -0.00346401  0.154426 -0.345962   9.78151
   573.086    0.0119908   0.0119908 -0.00346401   0.15682 -0.345962   9.78031
   573.091    0.0101256   0.0111914 -0.00346401  0.159214 -0.345962   9.77553
   573.096  0.00799387 0.00959265 -0.0042634  0.164003 -0.353145   9.77313
   573.101   0.00559571  0.00826034 -0.00479632   0.15682 -0.348356   9.77074
   573.106   0.00452986  0.00719449 -0.00559571  0.164003 -0.355539   9.77193
   573.111   0.00346401  0.00666156 -0.00879326  0.162806 -0.354342   9.77553
   573.116   0.00293109  0.00666156 -0.00746095  0.154426 -0.339977   9.77792
   573.121   0.00346401  0.00772741 -0.00452986    0.1652 -0.353145   9.77792
   573.126   0.00532925  0.00985911 -0.00479632  0.167594 -0.350751   9.77433
   573.131   0.00666156   0.0111914 -0.00506279  0.169988 -0.353145   9.77433
   573.136   0.00746095   0.0114579 -0.00612864  0.166397 -0.354342   9.77792
   573.141    0.0085268   0.0122573 -0.00532925  0.158017 -0.348356   9.77792
   573.146   0.00985911    0.013856 -0.00586217   0.15682 -0.349553   9.77553
   573.151    0.0119908   0.0146554 -0.00586217  0.152032 -0.348356   9.77912
   573.156    0.0133231   0.0151884 -0.00559571   0.15682 -0.348356   9.78151
   573.161   0.0146554  0.0157213 -0.0042634  0.162806 -0.349553   9.78271
   573.166    0.0151884   0.0154548 -0.00346401  0.164003 -0.349553   9.77792
   573.171   0.0154548  0.0151884 -0.0042634  0.158017 -0.349553   9.77193
   573.176   0.0146554   0.014389 -0.0042634  0.148441 -0.336385   9.77433
   573.181    0.0125237   0.0133231 -0.00346401  0.147243 -0.339977   9.77193
   573.186    0.010925  0.0119908 -0.0042634  0.148441 -0.344765   9.76954
   573.191   0.00932619   0.0111914 -0.00452986  0.150835 -0.345962   9.77433
   573.196   0.00746095  0.00985911 -0.00586217  0.150835 -0.350751   9.77912
   573.201   0.00559571   0.0085268 -0.00586217  0.144849 -0.344765   9.77792
   573.206   0.00452986  0.00772741 -0.00559571  0.161609 -0.353145   9.77433
   573.211    0.0042634  0.00826034 -0.00772741  0.168791 -0.355539   9.77313
   573.216    0.0042634   0.0085268 -0.00719449  0.154426 -0.336385   9.77912
   573.221   0.00346401  0.00799387 -0.00479632  0.161609 -0.345962   9.78151
   573.226   0.00399694   0.0085268 -0.00532925    0.1652 -0.349553   9.78031
   573.231   0.00532925  0.00985911 -0.00532925  0.168791 -0.356736   9.77553
   573.236   0.00666156    0.010925 -0.00692802  0.166397 -0.357933   9.77433
   573.241   0.00826034   0.0122573 -0.00666156   0.15682 -0.353145   9.77672
   573.246   0.00985911   0.0133231 -0.00586217  0.158017 -0.343568   9.77672
   573.251    0.0119908   0.0146554 -0.00506279   0.15682 -0.339977   9.77553
   573.256    0.0133231   0.0151884 -0.00479632  0.153229 -0.347159   9.77553
   573.261    0.0141225   0.0149219 -0.00346401   0.15682 -0.351948   9.77553
   573.266    0.0151884   0.0151884 -0.00346401  0.162806 -0.349553   9.77074
   573.271    0.0154548   0.0154548 -0.00479632 0.162806 -0.33878  9.77074
   573.276    0.0141225    0.013856 -0.00506279  0.154426 -0.344765   9.77792
   573.281    0.0117243   0.0122573 -0.00399694  0.154426 -0.348356   9.78031
   573.286   0.0106585  0.0114579 -0.0042634 0.154426 -0.33878  9.78151
   573.291    0.0101256    0.010925 -0.00452986 0.152032 -0.33878  9.78031
   573.296    0.0085268  0.00985911 -0.00559571  0.155623 -0.331597   9.77672
   573.301   0.00586217  0.00772741 -0.00586217  0.152032 -0.344765   9.77433
   573.306   0.00373047  0.00692802 -0.00532925  0.162806 -0.357933   9.77313
   573.308   0.00346401  0.00692802 -0.00746095  0.171185 -0.344765   9.77553
   573.316   0.00346401  0.00772741 -0.00746095  0.159214 -0.349553   9.78031
   573.321   0.00373047  0.00826034 -0.00479632  0.162806 -0.349553   9.78031
   573.326   0.00373047  0.00772741 -0.00532925    0.1652 -0.350751   9.77433
   573.331   0.00346401  0.00719449 -0.00666156  0.164003 -0.350751   9.76834
   573.336   0.00506279  0.00905972 -0.00746095  0.162806 -0.345962   9.77074
   573.341   0.00746095   0.0114579 -0.00666156  0.168791 -0.355539   9.77433
   573.346   0.00959265   0.0135896 -0.00612864  0.162806 -0.356736   9.77672
   573.351    0.0111914   0.0149219 -0.00586217  0.158017 -0.353145   9.77553
   573.356    0.0130567   0.0157213 -0.00506279  0.159214 -0.348356   9.77792
   573.361     0.014389   0.0157213 -0.00373047  0.162806 -0.348356   9.77792
   573.366    0.0149219   0.0159877 -0.00373047  0.164003 -0.350751   9.77792
   573.371    0.014389  0.0151884 -0.0042634  0.152032 -0.339977   9.77672
   573.376     0.013856    0.014389 -0.00479632  0.149638 -0.339977   9.77792
   573.381    0.0127902    0.013856 -0.00373047  0.147243 -0.336385   9.77433
   573.386   0.0111914  0.0130567 -0.0042634  0.148441 -0.335188   9.76954
   573.391    0.0101256   0.0111914 -0.00373047  0.159214 -0.348356   9.76954
   573.396   0.00826034   0.0085268 -0.00452986  0.159214 -0.347159   9.77193
   573.401    0.0063951  0.00692802 -0.00506279 0.168791 -0.35913  9.77313
   573.406   0.00506279  0.00719449 -0.00692802 0.171185 -0.36751  9.77313
   573.411   0.00452986  0.00772741 -0.00799387  0.154426 -0.345962   9.77553
   573.416    0.0042634  0.00826034 -0.00479632  0.155623 -0.339977   9.77553
   573.421   0.00399694  0.00772741 -0.00532925  0.167594 -0.349553   9.77313
   573.426   0.00399694  0.00772741 -0.00586217    0.1652 -0.353145   9.77792
   573.431  0.00452986 0.00905972 -0.0063951  0.162806 -0.353145   9.78271
   573.436   0.00586217   0.0106585 -0.00666156  0.158017 -0.339977   9.77912
   573.441   0.00799387   0.0119908 -0.00559571    0.1652 -0.348356   9.77672
   573.446  0.00905972  0.0133231 -0.0063951    0.1652 -0.351948   9.77792
   573.451  0.00985911   0.013856 -0.0063951  0.161609 -0.355539   9.77672
   573.456    0.0114579   0.0149219 -0.00479632  0.158017 -0.347159   9.77792
   573.461    0.0135896   0.0157213 -0.00399694  0.160412 -0.343568   9.77912
   573.466    0.0151884   0.0162542 -0.00479632 0.159214 -0.33878  9.77912
   573.471    0.0151884   0.0154548 -0.00506279  0.154426 -0.333991   9.77792
   573.476    0.0141225    0.013856 -0.00452986 0.153229 -0.33878  9.78031
   573.481    0.0122573   0.0122573 -0.00452986   0.15682 -0.349553   9.77912
   573.486   0.0111914  0.0111914 -0.0042634  0.154426 -0.349553   9.78151
   573.491     0.010925   0.0101256 -0.00452986   0.15682 -0.356736   9.77912
   573.496   0.00959265  0.00879326 -0.00586217  0.152032 -0.350751   9.77553
   573.501   0.00692802  0.00772741 -0.00532925  0.152032 -0.347159   9.77912
   573.506  0.00506279 0.00692802 -0.0063951  0.162806 -0.357933   9.77912
   573.511   0.00399694  0.00746095 -0.00746095  0.161609 -0.344765   9.77792
   573.516   0.00319755  0.00799387 -0.00532925  0.162806 -0.342371   9.77074
   573.521   0.00346401   0.0085268 -0.00506279  0.169988 -0.356736   9.76475
   573.526   0.00399694  0.00959265 -0.00506279  0.168791 -0.360327   9.76834
   573.531   0.00479632   0.0111914 -0.00612864  0.161609 -0.361524   9.77553
   573.536   0.0063951  0.0125237 -0.0063951  0.152032 -0.349553   9.77912
   573.541   0.00799387   0.0133231 -0.00559571  0.155623 -0.354342   9.77553
   573.546   0.00879326    0.014389 -0.00559571   0.15682 -0.351948   9.77433
   573.551    0.0101256   0.0151884 -0.00532925  0.159214 -0.341174   9.77433
   573.556    0.0130567   0.0162542 -0.00399694  0.155623 -0.329203   9.77792
   573.561     0.014389   0.0157213 -0.00319755  0.159214 -0.337582   9.78151
   573.566    0.0149219   0.0151884 -0.00373047  0.161609 -0.351948   9.78031
   573.571     0.014389    0.014389 -0.00506279  0.154426 -0.353145   9.77912
   573.576   0.0135896  0.0133231 -0.0042634  0.155623 -0.350751   9.77553
   573.581    0.0125237   0.0125237 -0.00346401   0.15682 -0.347159   9.77313
   573.586     0.010925   0.0114579 -0.00319755  0.152032 -0.335188   9.77313
   573.591  0.00905972 0.00985911 -0.0042634 0.152032 -0.33878  9.77433
   573.596  0.00719449  0.0085268 -0.0063951  0.146046 -0.336385   9.77074
   573.601   0.00532925  0.00719449 -0.00586217  0.149638 -0.339977   9.77313
   573.606   0.00452986  0.00692802 -0.00692802 0.164003 -0.35913  9.77672
   573.611  0.00373047 0.00692802 -0.0085268  0.161609 -0.355539   9.77912
   573.616   0.00319755  0.00746095 -0.00586217  0.160412 -0.350751   9.77912
   573.621   0.00399694   0.0085268 -0.00532925  0.169988 -0.361524   9.77433
   573.626   0.00559571  0.00985911 -0.00586217   0.1652 -0.35913  9.77074
   573.631    0.0063951    0.010925 -0.00719449  0.161609 -0.353145   9.77193
   573.636   0.00666156   0.0122573 -0.00746095  0.154426 -0.342371   9.77193
   573.641   0.00799387   0.0130567 -0.00586217  0.155623 -0.344765   9.77553
   573.646    0.0101256   0.0135896 -0.00586217  0.155623 -0.350751   9.77912
   573.651    0.0117243   0.0146554 -0.00559571   0.15682 -0.349553   9.78151
   573.656    0.0133231   0.0157213 -0.00479632   0.15682 -0.348356   9.77912
   573.661     0.014389   0.0157213 -0.00399694  0.159214 -0.356736   9.77433
   573.666     0.014389   0.0151884 -0.00399694  0.159214 -0.354342   9.77672
   573.671    0.0141225    0.014389 -0.00506279  0.158017 -0.344765   9.77912
   573.676    0.0141225   0.0141225 -0.00479632  0.154426 -0.336385   9.77792
   573.681   0.0127902  0.0130567 -0.0042634  0.152032 -0.337582   9.77792
   573.686   0.0111914  0.0114579 -0.0042634  0.153229 -0.337582   9.77792
   573.691   0.00932619  0.00985911 -0.00399694  0.162806 -0.348356   9.77912
   573.696   0.00746095   0.0085268 -0.00586217  0.161609 -0.349553   9.77912
   573.701    0.0063951  0.00826034 -0.00479632  0.153229 -0.343568   9.77313
   573.706   0.00559571  0.00826034 -0.00506279  0.159214 -0.350751   9.77193
   573.711    0.0042634  0.00799387 -0.00746095  0.155623 -0.344765   9.77313
   573.716   0.00346401  0.00772741 -0.00586217  0.146046 -0.335188   9.77193
   573.721    0.0042634  0.00826034 -0.00399694  0.159214 -0.347159   9.77313
   573.726  0.00532925 0.00905972 -0.0042634  0.164003 -0.351948   9.77912
   573.731   0.00612864  0.00985911 -0.00532925    0.1652 -0.357933   9.78031
   573.736   0.00719449    0.010925 -0.00692802  0.159214 -0.353145   9.78151
   573.741   0.00905972   0.0122573 -0.00612864  0.158017 -0.349553   9.77672
   573.746    0.010925  0.0141225 -0.0063951  0.162806 -0.355539   9.77433
   573.751    0.0114579   0.0151884 -0.00586217  0.164003 -0.362722   9.77433
   573.756    0.0127902   0.0151884 -0.00586217  0.155623 -0.354342   9.77912
   573.761    0.0141225   0.0157213 -0.00452986  0.152032 -0.342371   9.77672
   573.766    0.0146554   0.0157213 -0.00399694  0.153229 -0.337582   9.77433
   573.771    0.014389  0.0151884 -0.0042634  0.150835 -0.337582   9.77553
   573.776    0.0141225    0.013856 -0.00346401  0.152032 -0.335188   9.77553
   573.781    0.0127902   0.0125237 -0.00373047  0.159214 -0.343568   9.77433
   573.786   0.0117243  0.0114579 -0.0042634  0.159214 -0.350751   9.77433
   573.791   0.00985911   0.0101256 -0.00399694  0.164003 -0.354342   9.77912
   573.796   0.00826034  0.00932619 -0.00559571  0.161609 -0.344765   9.77672
   573.801   0.00666156  0.00879326 -0.00452986  0.152032 -0.336385   9.77193
   573.806   0.00506279  0.00772741 -0.00479632   0.15682 -0.350751   9.77074
   573.811   0.00399694  0.00692802 -0.00746095  0.152032 -0.351948   9.77193
   573.816  0.00373047 0.00666156 -0.0063951  0.147243 -0.335188   9.76954
   573.821   0.00346401  0.00772741 -0.00479632  0.162806 -0.347159   9.76715
   573.826    0.0042634  0.00932619 -0.00479632  0.160412 -0.353145   9.76834
   573.831   0.00559571   0.0101256 -0.00559571    0.1652 -0.365116   9.77074
   573.836   0.00666156   0.0111914 -0.00692802  0.162806 -0.362722   9.77074
   573.841   0.00799387   0.0125237 -0.00612864  0.160412 -0.348356   9.77433
   573.846     0.010392    0.013856 -0.00559571    0.1652 -0.344765   9.77672
   573.851    0.0127902   0.0149219 -0.00506279  0.164003 -0.345962   9.77672
   573.856    0.0133231   0.0154548 -0.00479632  0.155623 -0.341174   9.78151
   573.861   0.0130567  0.0149219 -0.0042634  0.15682 -0.33878  9.78271
   573.866     0.014389   0.0149219 -0.00452986  0.162806 -0.345962   9.77912
   573.871    0.0154548   0.0149219 -0.00532925  0.159214 -0.345962   9.77553
   573.876    0.014389   0.014389 -0.0042634  0.149638 -0.342371   9.77672
   573.881    0.0127902   0.0135896 -0.00399694  0.150835 -0.347159   9.77912
   573.886    0.0111914   0.0119908 -0.00452986  0.149638 -0.341174   9.78031
   573.891  0.00959265   0.010392 -0.0042634  0.158017 -0.343568   9.78031
   573.896   0.00746095  0.00905972 -0.00506279  0.164003 -0.344765   9.77553
   573.901    0.0063951   0.0085268 -0.00506279  0.158017 -0.332794   9.77193
   573.906   0.00532925  0.00772741 -0.00506279  0.166397 -0.339977   9.77553
   573.911   0.00399694  0.00746095 -0.00772741  0.166397 -0.345962   9.77672
   573.916   0.00319755  0.00719449 -0.00692802  0.15682 -0.33878  9.77433
   573.921   0.00319755  0.00692802 -0.00532925  0.162806 -0.351948   9.77313
   573.926    0.0042634  0.00772741 -0.00559571  0.162806 -0.353145   9.77433
   573.931  0.00612864 0.00932619 -0.0063951  0.171185 -0.356736   9.77792
   573.936   0.00746095   0.0114579 -0.00746095  0.172383 -0.357933   9.78031
   573.941    0.0085268   0.0127902 -0.00612864  0.166397 -0.350751   9.77792
   573.946   0.00985911    0.013856 -0.00532925  0.168791 -0.350751   9.77672
   573.951    0.0114579   0.0146554 -0.00532925  0.167594 -0.345962   9.77433
   573.956    0.0127902   0.0151884 -0.00559571    0.1652 -0.345962   9.77553
   573.961    0.0135896   0.0154548 -0.00506279  0.161609 -0.345962   9.78151
   573.966   0.0141225  0.0151884 -0.0042634  0.164003 -0.347159   9.78031
   573.971    0.0149219   0.0146554 -0.00452986    0.1652 -0.347159   9.77313
   573.976    0.014389  0.0141225 -0.0042634  0.155623 -0.335188   9.77193
   573.981   0.0127902  0.0130567 -0.0042634 0.158017 -0.33878  9.77912
   573.986     0.010392   0.0114579 -0.00479632  0.161609 -0.342371   9.78031
   573.991   0.00985911    0.010392 -0.00452986  0.154426 -0.341174   9.77792
   573.996   0.00879326  0.00959265 -0.00506279  0.155623 -0.345962   9.77912
   574.001    0.0063951   0.0085268 -0.00506279 0.147243 -0.33878  9.77792
   574.006    0.0042634  0.00746095 -0.00479632   0.15682 -0.354342   9.77553
   574.011   0.00373047  0.00692802 -0.00746095  0.164003 -0.363919   9.77672
   574.016   0.00373047  0.00746095 -0.00692802   0.15682 -0.341174   9.77313
   574.021   0.00373047  0.00746095 -0.00452986    0.1652 -0.345962   9.77433
   574.026   0.00452986  0.00826034 -0.00506279    0.1652 -0.350751   9.78151
   574.031   0.00559571  0.00879326 -0.00559571  0.167594 -0.353145   9.78031
   574.036   0.00666156  0.00985911 -0.00666156    0.1652 -0.351948   9.77912
   574.041   0.00826034   0.0117243 -0.00612864  0.161609 -0.344765   9.77553
   574.046   0.00905972   0.0133231 -0.00612864  0.161609 -0.350751   9.77553
   574.051    0.0106585    0.014389 -0.00586217  0.158017 -0.341174   9.77912
   574.056    0.0127902   0.0149219 -0.00506279  0.162806 -0.342371   9.78151
   574.061    0.014389  0.0154548 -0.0042634  0.159214 -0.342371   9.78271
   574.066   0.0149219  0.0151884 -0.0042634  0.15682 -0.33878  9.78151
   574.071     0.014389   0.0151884 -0.00586217  0.155623 -0.344765   9.77912
   574.076    0.0130567    0.014389 -0.00586217  0.149638 -0.339977   9.77553
   574.081    0.0122573   0.0125237 -0.00479632  0.158017 -0.347159   9.77792
   574.086    0.0117243   0.0114579 -0.00506279    0.1652 -0.350751   9.77792
   574.091    0.0106585    0.010925 -0.00399694    0.1652 -0.345962   9.77792
   574.096   0.00905972  0.00959265 -0.00399694  0.164003 -0.349553   9.77912
   574.101   0.00692802  0.00826034 -0.00506279  0.155623 -0.339977   9.77553
   574.106   0.00479632  0.00772741 -0.00532925   0.15682 -0.341174   9.77313
   574.111   0.00346401  0.00719449 -0.00746095  0.161609 -0.345962   9.77193
   574.116   0.00266462  0.00666156 -0.00746095  0.155623 -0.337582   9.77433
   574.121   0.00293109  0.00692802 -0.00479632  0.160412 -0.351948   9.77672
   574.126    0.0042634  0.00772741 -0.00532925  0.158017 -0.363919   9.77912
   574.131   0.00559571  0.00905972 -0.00586217  0.162806 -0.365116   9.77792
   574.136    0.0063951   0.0106585 -0.00692802   0.1652 -0.35913  9.77672
   574.141   0.00772741   0.0119908 -0.00666156  0.162806 -0.350751   9.77912
   574.146  0.00985911  0.0133231 -0.0063951  0.171185 -0.354342   9.77553
   574.151    0.0127902   0.0149219 -0.00666156  0.169988 -0.351948   9.77433
   574.156    0.0141225   0.0154548 -0.00559571  0.159214 -0.347159   9.77553
   574.161    0.0141225   0.0157213 -0.00373047  0.147243 -0.347159   9.77433
   574.166     0.014389   0.0159877 -0.00319755  0.152032 -0.350751   9.77792
   574.171   0.0151884  0.0159877 -0.0042634  0.158017 -0.344765   9.77672
   574.176    0.0146554   0.0151884 -0.00479632 0.148441  -0.3304  9.77553
   574.181    0.0127902   0.0133231 -0.00373047  0.147243 -0.332794   9.78151
   574.186    0.0111914   0.0117243 -0.00452986  0.147243 -0.337582   9.78151
   574.191  0.00959265  0.0101256 -0.0042634  0.146046 -0.336385   9.77193
   574.196   0.00826034  0.00879326 -0.00452986   0.15682 -0.347159   9.76954
   574.201   0.00719449  0.00799387 -0.00586217   0.15682 -0.347159   9.77313
   574.206   0.00586217  0.00746095 -0.00559571  0.164003 -0.351948   9.77792
   574.211   0.00452986  0.00692802 -0.00692802  0.171185 -0.356736   9.77313
   574.216   0.00346401  0.00746095 -0.00772741  0.160412 -0.342371   9.76715
   574.221   0.00266462  0.00772741 -0.00479632  0.158017 -0.343568   9.77193
   574.226   0.00319755   0.0085268 -0.00452986  0.166397 -0.349553   9.77553
   574.231   0.00452986  0.00905972 -0.00532925  0.171185 -0.344765   9.77553
   574.236  0.00612864 0.00985911 -0.0063951  0.169988 -0.344765   9.77553
   574.241   0.00719449   0.0106585 -0.00612864  0.161609 -0.343568   9.77313
   574.246    0.0085268   0.0122573 -0.00586217  0.167594 -0.357933   9.77912
   574.251    0.010925   0.013856 -0.0063951  0.164003 -0.363919    9.7851
   574.256    0.0130567   0.0151884 -0.00612864  0.162806 -0.361524   9.78151
   574.261     0.013856   0.0162542 -0.00479632  0.159214 -0.350751   9.77792
   574.266     0.014389   0.0162542 -0.00399694  0.159214 -0.347159   9.78031
   574.271     0.014389   0.0151884 -0.00399694  0.161609 -0.347159   9.78031
   574.276     0.013856    0.014389 -0.00506279  0.154426 -0.336385   9.77912
   574.281    0.0133231    0.013856 -0.00452986  0.152032 -0.335188   9.77553
   574.286    0.0119908   0.0127902 -0.00399694  0.155623 -0.337582   9.77433
   574.291    0.0106585   0.0114579 -0.00373047  0.160412 -0.337582   9.77433
   574.296   0.00879326   0.0101256 -0.00346401  0.167594 -0.350751   9.77313
   574.301   0.00666156  0.00879326 -0.00532925  0.161609 -0.348356   9.77313
   574.306   0.00506279  0.00746095 -0.00479632  0.162806 -0.347159   9.77313
   574.308    0.0042634  0.00692802 -0.00586217  0.167594 -0.356736   9.77313
   574.316   0.00506279  0.00746095 -0.00719449  0.155623 -0.339977   9.77313
   574.321   0.00479632  0.00746095 -0.00479632  0.15682 -0.33878  9.77313
   574.326   0.00479632   0.0085268 -0.00479632  0.164003 -0.351948   9.77433
   574.331   0.00559571  0.00959265 -0.00559571  0.162806 -0.360327   9.77313
   574.336   0.00612864   0.0106585 -0.00692802  0.166397 -0.361524   9.77553
   574.341   0.00746095   0.0119908 -0.00746095  0.158017 -0.354342   9.77553
   574.346   0.00959265   0.0135896 -0.00586217  0.161609 -0.360327   9.77912
   574.351    0.0117243   0.0151884 -0.00586217  0.161609 -0.357933   9.78151
   574.356    0.0127902   0.0154548 -0.00506279   0.15682 -0.347159   9.78271
   574.361   0.0141225  0.0154548 -0.0042634  0.144849 -0.332794   9.78271
   574.366    0.0149219   0.0159877 -0.00399694  0.150835 -0.337582   9.78031
   574.371   0.0154548  0.0159877 -0.0042634  0.155623 -0.349553   9.77792
   574.376     0.014389   0.0151884 -0.00506279   0.15682 -0.350751   9.77672
   574.381    0.0130567    0.013856 -0.00452986   0.15682 -0.357933   9.77792
   574.386   0.0127902  0.0125237 -0.0042634  0.159214 -0.350751   9.77792
   574.391    0.0117243   0.0114579 -0.00452986  0.155623 -0.350751   9.77912
   574.396   0.00905972    0.010392 -0.00479632 0.159214 -0.33878  9.77912
   574.401   0.00666156  0.00932619 -0.00586217  0.154426 -0.335188   9.77912
   574.406   0.00559571  0.00826034 -0.00479632  0.154426 -0.348356   9.78031
   574.411  0.00479632 0.00826034 -0.0063951  0.164003 -0.344765   9.77912
   574.416  0.00479632 0.00746095 -0.0063951  0.164003 -0.344765   9.77912
   574.421  0.00373047 0.00719449 -0.0085268  0.158017 -0.343568   9.77912
   574.426  0.00293109 0.00746095 -0.0063951  0.152032 -0.363919   9.78151
   574.431   0.00373047   0.0085268 -0.00559571 0.162806 -0.35913  9.77792
   574.436   0.00506279  0.00985911 -0.00532925    0.1652 -0.356736   9.77553
   574.441   0.00559571   0.0106585 -0.00666156  0.167594 -0.349553   9.77672
   574.446   0.00666156   0.0117243 -0.00719449  0.160412 -0.342371   9.77792
   574.451   0.00826034   0.0130567 -0.00586217   0.15682 -0.343568   9.77672
   574.456     0.010392   0.0141225 -0.00559571  0.159214 -0.350751   9.77792
   574.461    0.0125237   0.0151884 -0.00506279  0.154426 -0.349553   9.77792
   574.466    0.013856  0.0159877 -0.0042634  0.161609 -0.350751   9.78271
   574.471    0.0141225   0.0154548 -0.00399694  0.164003 -0.347159    9.7863
   574.476    0.0146554   0.0146554 -0.00452986   0.15682 -0.343568   9.77912
   574.481    0.0149219    0.014389 -0.00506279  0.153229 -0.342371   9.77553
   574.486   0.0141225   0.013856 -0.0042634  0.154426 -0.342371   9.76834
   574.491   0.0125237  0.0122573 -0.0042634  0.154426 -0.336385   9.76715
   574.496    0.0111914   0.0106585 -0.00532925  0.161609 -0.342371   9.77193
   574.501   0.00959265  0.00959265 -0.00479632  0.159214 -0.341174   9.77553
   574.506   0.00772741  0.00879326 -0.00559571  0.154426 -0.336385   9.77433
   574.511   0.00666156  0.00826034 -0.00479632  0.167594 -0.350751   9.77433
   574.516   0.00506279  0.00799387 -0.00559571  0.164003 -0.348356   9.77792
   574.521   0.00373047  0.00772741 -0.00772741 0.159214 -0.33878  9.77792
   574.526   0.00319755  0.00772741 -0.00559571  0.168791 -0.355539   9.77433
   574.531   0.00346401  0.00826034 -0.00506279 0.168791 -0.35913  9.77193
   574.536   0.00506279  0.00985911 -0.00532925    0.1652 -0.357933   9.77553
   574.541    0.0063951   0.0106585 -0.00692802   0.15682 -0.353145   9.78151
   574.546   0.00772741   0.0114579 -0.00612864   0.15682 -0.349553   9.78271
   574.551   0.00905972   0.0122573 -0.00612864  0.164003 -0.353145   9.77672
   574.556   0.00985911   0.0133231 -0.00559571  0.161609 -0.353145   9.77433
   574.561    0.0106585   0.0141225 -0.00532925  0.150835 -0.347159   9.77792
   574.566   0.0119908  0.0154548 -0.0042634  0.148441 -0.345962   9.77912
   574.571    0.0135896   0.0162542 -0.00399694  0.152032 -0.344765   9.77553
   574.576     0.014389   0.0157213 -0.00479632 0.154426 -0.33878  9.77553
   574.581     0.014389   0.0149219 -0.00346401  0.155623 -0.337582   9.77912
   574.586    0.0133231   0.0133231 -0.00346401  0.161609 -0.344765   9.78271
   574.591    0.0119908   0.0114579 -0.00532925 0.155623 -0.33878  9.78031
   574.596    0.0114579   0.0111914 -0.00506279  0.152032 -0.339977   9.77672
   574.601    0.0106585   0.0111914 -0.00586217   0.15682 -0.348356   9.77433
   574.606   0.00826034  0.00959265 -0.00506279  0.155623 -0.345962   9.77433
   574.611   0.00586217  0.00826034 -0.00506279 0.161609 -0.35913  9.77672
   574.616    0.0042634   0.0063951 -0.00799387  0.159214 -0.354342   9.77792
   574.621   0.00346401  0.00772741 -0.00746095  0.154426 -0.331597   9.77792
   574.626   0.00346401  0.00879326 -0.00532925   0.1652 -0.33878  9.77433
   574.631   0.00373047  0.00959265 -0.00532925  0.164003 -0.342371   9.77433
   574.636  0.00452986 0.00985911 -0.0063951  0.167594 -0.354342   9.77672
   574.641   0.00532925   0.0111914 -0.00746095  0.164003 -0.361524   9.77912
   574.646   0.00666156   0.0125237 -0.00586217 0.159214 -0.35913  9.77672
   574.651   0.00879326   0.0135896 -0.00559571  0.159214 -0.357933   9.77433
   574.656    0.0111914   0.0146554 -0.00586217  0.155623 -0.347159   9.77792
   574.661    0.0125237   0.0149219 -0.00586217  0.152032 -0.337582   9.77553
   574.666    0.0127902   0.0151884 -0.00479632  0.154426 -0.337582   9.77193
   574.671    0.013856  0.0159877 -0.0042634  0.149638 -0.345962   9.77074
   574.676    0.0154548   0.0151884 -0.00479632  0.148441 -0.347159   9.77313
   574.681    0.0151884    0.013856 -0.00479632  0.152032 -0.342371   9.77553
   574.686    0.0133231   0.0130567 -0.00452986  0.158017 -0.348356   9.78031
   574.691    0.0114579   0.0122573 -0.00452986   0.15682 -0.344765    9.7851
   574.696    0.0106585    0.010925 -0.00399694   0.15682 -0.339977    9.7851
   574.701   0.00932619  0.00932619 -0.00532925  0.161609 -0.341174   9.77792
   574.706   0.00666156  0.00772741 -0.00612864 0.154426  -0.3304  9.77433
   574.711    0.0042634  0.00692802 -0.00586217  0.164003 -0.347159   9.77074
   574.716   0.00319755  0.00666156 -0.00799387    0.1652 -0.361524   9.77074
   574.721   0.00186524  0.00719449 -0.00746095  0.148441 -0.354342   9.77313
   574.726   0.00239816  0.00826034 -0.00479632  0.153229 -0.361524   9.78271
   574.731   0.00452986  0.00932619 -0.00506279   0.15682 -0.356736    9.7863
   574.736   0.00612864  0.00985911 -0.00559571    0.1652 -0.350751   9.78151
   574.741   0.00719449    0.010925 -0.00719449  0.168791 -0.345962   9.77553
   574.746   0.00879326   0.0127902 -0.00612864 0.159214 -0.33878  9.77313
   574.751    0.0111914   0.0146554 -0.00559571  0.159214 -0.354342   9.77553
   574.756    0.0127902   0.0154548 -0.00559571  0.154426 -0.351948   9.77433
   574.761     0.014389   0.0154548 -0.00479632  0.149638 -0.347159   9.77433
   574.766    0.0146554   0.0151884 -0.00373047  0.152032 -0.343568   9.77792
   574.771    0.0151884   0.0151884 -0.00373047  0.159214 -0.337582   9.77553
   574.776    0.0149219   0.0149219 -0.00452986  0.164003 -0.343568   9.77553
   574.781     0.013856    0.013856 -0.00506279  0.158017 -0.339977   9.77433
   574.786    0.0125237   0.0125237 -0.00479632   0.15682 -0.345962   9.77792
   574.791    0.0117243   0.0117243 -0.00506279  0.154426 -0.348356   9.77912
   574.796   0.0101256   0.010392 -0.0042634  0.154426 -0.344765   9.77433
   574.801   0.00826034  0.00905972 -0.00506279  0.160412 -0.345962   9.77313
   574.806   0.00612864  0.00799387 -0.00586217  0.155623 -0.332794   9.77553
   574.811   0.00452986  0.00746095 -0.00586217 0.162806 -0.33878  9.77672
   574.816    0.0042634  0.00746095 -0.00772741  0.164003 -0.345962   9.77553
   574.821   0.00373047  0.00746095 -0.00719449 0.154426 -0.33878  9.77313
   574.826   0.00373047  0.00719449 -0.00479632  0.159214 -0.353145   9.77193
   574.831   0.00506279  0.00799387 -0.00506279 0.164003 -0.35913  9.77792
   574.836   0.00586217  0.00879326 -0.00532925  0.169988 -0.361524   9.78271
   574.841   0.0063951   0.010392 -0.0063951  0.169988 -0.360327   9.77792
   574.846   0.00719449   0.0117243 -0.00586217  0.159214 -0.345962   9.77433
   574.851   0.00905972   0.0135896 -0.00532925  0.155623 -0.342371   9.77433
   574.856    0.0114579   0.0146554 -0.00559571 0.152032 -0.33878  9.77553
   574.861    0.0130567   0.0146554 -0.00559571  0.154426 -0.343568   9.77912
   574.866   0.0135896  0.0149219 -0.0042634  0.153229 -0.345962   9.78031
   574.871    0.0141225   0.0151884 -0.00346401  0.158017 -0.342371   9.78151
   574.876   0.0146554  0.0151884 -0.0042634  0.162806 -0.341174   9.77672
   574.881    0.0149219   0.0141225 -0.00506279  0.158017 -0.335188   9.77193
   574.886    0.0127902   0.0127902 -0.00452986  0.154426 -0.335188   9.77074
   574.891    0.0106585   0.0117243 -0.00452986  0.159214 -0.341174   9.77313
   574.896   0.00985911   0.0106585 -0.00373047  0.154426 -0.341174   9.77792
   574.901   0.00905972  0.00985911 -0.00399694  0.158017 -0.349553   9.77672
   574.906   0.00799387   0.0085268 -0.00506279  0.149638 -0.339977   9.77433
   574.911   0.00506279  0.00692802 -0.00479632  0.154426 -0.344765   9.77792
   574.916   0.00346401  0.00746095 -0.00719449  0.161609 -0.351948   9.77792
   574.921   0.00346401  0.00826034 -0.00746095  0.154426 -0.332794   9.77433
   574.926   0.00319755  0.00826034 -0.00479632  0.164003 -0.345962   9.77912
   574.931   0.00452986  0.00905972 -0.00532925  0.167594 -0.353145   9.78031
   574.936   0.00586217    0.010392 -0.00559571  0.166397 -0.354342   9.78031
   574.941   0.00666156   0.0111914 -0.00692802    0.1652 -0.354342   9.77792
   574.946   0.00746095   0.0122573 -0.00666156   0.15682 -0.345962   9.77912
   574.951   0.00959265    0.013856 -0.00506279  0.158017 -0.350751   9.77912
   574.956    0.0117243   0.0149219 -0.00506279   0.15682 -0.344765   9.77792
   574.961    0.0130567   0.0154548 -0.00586217  0.154426 -0.342371   9.77912
   574.966     0.013856   0.0151884 -0.00532925 0.153229 -0.33878  9.78031
   574.971    0.014389  0.0149219 -0.0042634  0.155623 -0.345962   9.78031
   574.976     0.014389   0.0146554 -0.00452986   0.15682 -0.354342   9.77792
   574.981    0.0141225   0.0141225 -0.00373047  0.152032 -0.349553   9.77193
   574.986    0.0127902   0.0130567 -0.00293109  0.155623 -0.344765   9.77193
   574.991    0.0117243   0.0119908 -0.00373047   0.15682 -0.337582   9.77313
   574.996    0.0111914   0.0111914 -0.00399694  0.154426 -0.331597   9.77553
   575.001    0.0101256    0.010392 -0.00399694  0.158017 -0.344765   9.77672
   575.006   0.00799387  0.00932619 -0.00479632 0.150835 -0.33878  9.77672
   575.011   0.00506279  0.00826034 -0.00452986  0.155623 -0.341174   9.77792
   575.016   0.00266462  0.00692802 -0.00666156  0.164003 -0.351948   9.77433
   575.021   0.00186524  0.00666156 -0.00826034  0.155623 -0.339977   9.77433
   575.026   0.00266462  0.00746095 -0.00479632  0.158017 -0.351948   9.77433
   575.031    0.0042634   0.0085268 -0.00506279    0.1652 -0.362722   9.77672
   575.036   0.00612864  0.00932619 -0.00612864  0.166397 -0.356736   9.77672
   575.041   0.00692802    0.010392 -0.00719449  0.167594 -0.350751   9.77792
   575.046   0.00719449   0.0114579 -0.00692802  0.155623 -0.337582   9.77912
   575.051    0.0085268   0.0130567 -0.00506279  0.155623 -0.342371   9.77912
   575.056     0.010392   0.0141225 -0.00479632  0.158017 -0.349553   9.77553
   575.061    0.0127902   0.0146554 -0.00479632   0.15682 -0.356736   9.77792
   575.066     0.014389   0.0151884 -0.00452986  0.152032 -0.353145   9.78151
   575.071    0.0149219   0.0151884 -0.00373047  0.154426 -0.353145    9.7851
   575.076    0.0141225   0.0146554 -0.00399694  0.159214 -0.355539   9.78271
   575.081     0.013856   0.0141225 -0.00506279  0.154426 -0.342371   9.77912
   575.086    0.0127902   0.0135896 -0.00399694  0.152032 -0.336385   9.77553
   575.091   0.0114579  0.0127902 -0.0042634  0.153229 -0.332794   9.77193
   575.096     0.010392   0.0114579 -0.00452986  0.152032 -0.329203   9.76834
   575.101   0.00905972    0.010392 -0.00479632   0.15682 -0.348356   9.76834
   575.106   0.00692802  0.00932619 -0.00586217  0.154426 -0.350751   9.76834
   575.111    0.0042634  0.00826034 -0.00506279  0.155623 -0.356736   9.77433
   575.116   0.00293109  0.00692802 -0.00666156  0.162806 -0.365116   9.78151
   575.121   0.00239816   0.0063951 -0.00879326  0.154426 -0.344765   9.78271
   575.126   0.00319755  0.00666156 -0.00612864  0.154426 -0.332794   9.78031
   575.131   0.00479632  0.00799387 -0.00532925  0.164003 -0.343568   9.78031
   575.136   0.00506279  0.00932619 -0.00559571  0.162806 -0.344765   9.77912
   575.141  0.00506279   0.010392 -0.0063951  0.168791 -0.350751   9.77433
   575.146   0.00612864    0.010925 -0.00772741  0.161609 -0.344765   9.77553
   575.151   0.00799387   0.0119908 -0.00666156  0.162806 -0.348356   9.77792
   575.156  0.00985911  0.0133231 -0.0063951  0.161609 -0.351948   9.77912
   575.161    0.0117243   0.0141225 -0.00612864    0.1652 -0.347159   9.78151
   575.166    0.0135896   0.0154548 -0.00506279   0.15682 -0.332794   9.77792
   575.171    0.0149219   0.0159877 -0.00399694   0.15682 -0.335188   9.77313
   575.177    0.0146554   0.0151884 -0.00452986  0.155623 -0.342371   9.77553
   575.182     0.013856   0.0141225 -0.00506279  0.149638 -0.337582   9.77912
   575.187    0.0133231   0.0135896 -0.00399694  0.149638 -0.339977   9.77313
   575.192    0.0125237   0.0125237 -0.00452986  0.154426 -0.353145   9.77193
   575.197     0.010925   0.0106585 -0.00479632   0.15682 -0.347159   9.77193
   575.202   0.00879326  0.00905972 -0.00452986  0.167594 -0.354342   9.76954
   575.207   0.00692802  0.00799387 -0.00559571  0.164003 -0.350751   9.77313
   575.212   0.0063951 0.00772741 -0.0042634  0.160412 -0.342371   9.77313
   575.217   0.00532925  0.00772741 -0.00532925  0.168791 -0.348356   9.77193
   575.222   0.00399694  0.00719449 -0.00799387  0.158017 -0.343568   9.77313
   575.227   0.00319755  0.00746095 -0.00586217  0.152032 -0.337582   9.77193
   575.232   0.00319755  0.00772741 -0.00479632    0.1652 -0.351948   9.77074
   575.237   0.00532925  0.00826034 -0.00532925  0.169988 -0.354342   9.77193
   575.242  0.00719449 0.00985911 -0.0063951  0.168791 -0.353145   9.77433
   575.247   0.00826034   0.0122573 -0.00666156  0.167594 -0.349553   9.77433
   575.252   0.00932619   0.0133231 -0.00586217    0.1652 -0.353145   9.77193
   575.257     0.010392    0.013856 -0.00586217   0.15682 -0.351948   9.77433
   575.262    0.0117243    0.014389 -0.00506279  0.155623 -0.347159   9.77912
   575.267   0.0130567  0.0149219 -0.0042634  0.150835 -0.339977   9.78151
   575.272    0.0141225   0.0154548 -0.00399694  0.155623 -0.339977   9.78031
   575.277    0.0149219   0.0149219 -0.00479632  0.161609 -0.343568   9.77433
   575.282    0.0149219    0.014389 -0.00612864  0.159214 -0.347159   9.77433
   575.287    0.0135896   0.0141225 -0.00532925  0.155623 -0.348356   9.77433
   575.291   0.0122573  0.0130567 -0.0042634   0.15682 -0.349553   9.77672
   575.297    0.0114579   0.0117243 -0.00399694  0.159214 -0.347159   9.77313
   575.302     0.010392    0.010392 -0.00399694  0.166397 -0.350751   9.77193
   575.307   0.00772741   0.0085268 -0.00612864  0.162806 -0.341174   9.77313
   575.308   0.00532925  0.00772741 -0.00586217  0.150835 -0.328006   9.77313
   575.317   0.00399694  0.00772741 -0.00612864   0.15682 -0.344765   9.77074
   575.322   0.00399694  0.00746095 -0.00799387  0.158017 -0.347159   9.77313
   575.327  0.00399694 0.00692802 -0.0063951  0.155623 -0.339977   9.77912
   575.332   0.00346401  0.00772741 -0.00532925    0.1652 -0.345962   9.77792
   575.337    0.0042634  0.00879326 -0.00506279    0.1652 -0.345962   9.77433
   575.342   0.00532925  0.00959265 -0.00559571  0.169988 -0.347159   9.77074
   575.347   0.00692802   0.0111914 -0.00666156  0.169988 -0.347159   9.76834
   575.352    0.0085268   0.0127902 -0.00586217  0.162806 -0.349553   9.77313
   575.357     0.010392    0.014389 -0.00586217  0.159214 -0.353145   9.77553
   575.362    0.0119908   0.0149219 -0.00559571   0.15682 -0.357933   9.77553
   575.367    0.0125237   0.0149219 -0.00506279  0.150835 -0.349553   9.77792
   575.372   0.0135896  0.0149219 -0.0042634  0.155623 -0.341174   9.77912
   575.377    0.0149219   0.0151884 -0.00399694 0.159214 -0.33878  9.77912
   575.382    0.0146554   0.0146554 -0.00452986  0.159214 -0.336385   9.77912
   575.387     0.013856   0.0135896 -0.00479632  0.153229 -0.331597   9.78151
   575.392    0.0127902   0.0127902 -0.00506279  0.150835 -0.336385   9.78391
   575.397    0.0114579   0.0119908 -0.00506279  0.155623 -0.339977   9.78031
   575.402   0.00905972    0.010392 -0.00452986  0.158017 -0.353145   9.78031
   575.407    0.0063951   0.0085268 -0.00532925  0.159214 -0.356736   9.77672
   575.412   0.00586217  0.00799387 -0.00452986  0.160412 -0.348356   9.77553
   575.417   0.00506279  0.00746095 -0.00532925  0.171185 -0.360327   9.77433
   575.422   0.0042634 0.00746095 -0.0085268  0.164003 -0.356736   9.76595
   575.427   0.00346401  0.00772741 -0.00612864  0.150835 -0.339977   9.76595
   575.432   0.00319755  0.00772741 -0.00399694  0.162806 -0.353145   9.77313
   575.437   0.00452986  0.00879326 -0.00532925  0.166397 -0.353145   9.77193
   575.442  0.00532925 0.00985911 -0.0063951  0.172383 -0.356736   9.77792
   575.447   0.00586217    0.010392 -0.00746095  0.169988 -0.356736   9.77912
   575.452   0.00746095   0.0119908 -0.00612864  0.162806 -0.347159   9.77792
   575.457    0.0101256    0.013856 -0.00559571  0.164003 -0.347159   9.78151
   575.462    0.0127902   0.0151884 -0.00532925  0.161609 -0.342371   9.78151
   575.467     0.013856   0.0157213 -0.00452986   0.15682 -0.342371   9.78391
   575.472    0.0141225   0.0151884 -0.00399694  0.159214 -0.345962   9.78271
   575.477     0.013856   0.0149219 -0.00479632  0.158017 -0.354342   9.77792
   575.482    0.0133231   0.0146554 -0.00612864  0.149638 -0.348356   9.77553
   575.487    0.0125237    0.013856 -0.00506279  0.143652 -0.349553   9.77433
   575.492    0.0125237   0.0119908 -0.00479632  0.149638 -0.342371   9.77433
   575.497    0.0117243   0.0106585 -0.00532925  0.147243 -0.339977   9.77313
   575.502  0.00985911  0.0101256 -0.0042634  0.152032 -0.347159   9.77433
   575.507   0.00746095   0.0101256 -0.00532925  0.162806 -0.337582   9.77433
   575.512    0.0063951  0.00905972 -0.00586217  0.155623 -0.342371   9.77433
   575.517   0.00532925  0.00772741 -0.00586217  0.161609 -0.345962   9.77433
   575.522   0.00399694  0.00692802 -0.00772741  0.164003 -0.339977   9.77193
   575.527   0.00319755  0.00692802 -0.00719449   0.15682 -0.357933   9.77433
   575.532   0.00266462  0.00746095 -0.00506279  0.164003 -0.361524   9.77193
   575.537   0.00399694  0.00826034 -0.00532925  0.164003 -0.353145   9.77313
   575.542   0.00666156  0.00905972 -0.00586217  0.164003 -0.339977   9.77912
   575.547   0.00826034   0.0106585 -0.00692802 0.158017 -0.33878  9.77792
   575.552   0.00879326   0.0119908 -0.00612864  0.166397 -0.350751   9.77912
   575.557   0.00985911   0.0127902 -0.00612864  0.168791 -0.356736   9.78151
   575.562    0.0114579   0.0135896 -0.00586217  0.168791 -0.353145   9.77553
   575.567    0.0133231   0.0146554 -0.00559571  0.161609 -0.349553   9.77074
   575.572   0.0151884  0.0154548 -0.0042634  0.154426 -0.345962   9.77313
   575.577   0.0151884  0.0154548 -0.0042634  0.153229 -0.351948   9.78031
   575.582     0.014389   0.0149219 -0.00506279  0.146046 -0.345962   9.77792
   575.587    0.0133231    0.014389 -0.00479632 0.147243 -0.33878  9.77433
   575.592    0.0125237   0.0133231 -0.00373047  0.148441 -0.335188   9.77313
   575.597   0.0119908  0.0122573 -0.0042634  0.152032 -0.335188   9.77553
   575.602    0.0101256   0.0111914 -0.00452986  0.164003 -0.345962   9.77433
   575.607   0.00799387  0.00985911 -0.00559571  0.15682 -0.33878  9.77074
   575.612   0.00719449   0.0085268 -0.00586217  0.160412 -0.348356   9.77074
   575.617   0.00532925  0.00772741 -0.00532925  0.162806 -0.351948   9.77074
   575.622   0.00373047  0.00719449 -0.00746095  0.144849 -0.329203   9.77193
   575.627   0.00266462  0.00692802 -0.00719449  0.154426 -0.342371   9.77553
   575.632   0.00266462  0.00772741 -0.00452986  0.161609 -0.353145   9.77792
   575.637   0.00399694  0.00879326 -0.00506279    0.1652 -0.360327   9.77792
   575.642   0.00612864  0.00932619 -0.00666156    0.1652 -0.357933   9.77912
   575.647  0.00692802  0.0101256 -0.0063951  0.159214 -0.344765   9.77792
   575.652   0.00799387   0.0114579 -0.00559571  0.167594 -0.347159   9.77313
   575.657   0.00905972   0.0125237 -0.00612864  0.167594 -0.349553   9.77313
   575.662    0.0111914   0.0135896 -0.00586217  0.162806 -0.351948   9.77553
   575.667    0.0141225   0.0146554 -0.00479632  0.155623 -0.354342   9.77792
   575.672    0.0149219   0.0154548 -0.00399694  0.152032 -0.350751   9.77792
   575.677    0.0149219   0.0159877 -0.00452986  0.152032 -0.344765   9.77553
   575.682     0.014389   0.0151884 -0.00506279  0.144849 -0.332794   9.77433
   575.687    0.0130567   0.0141225 -0.00452986  0.149638 -0.335188   9.77792
   575.692    0.0122573   0.0133231 -0.00452986  0.153229 -0.336385   9.77912
   575.697    0.0119908   0.0125237 -0.00399694  0.154426 -0.339977   9.77433
   575.702     0.010925   0.0111914 -0.00479632  0.158017 -0.355539   9.77313
   575.707   0.00932619  0.00799387 -0.00612864  0.149638 -0.351948   9.77193
   575.712   0.00719449  0.00666156 -0.00532925   0.15682 -0.351948   9.77193
   575.717   0.00506279  0.00612864 -0.00666156    0.1652 -0.354342   9.77433
   575.722   0.00373047  0.00692802 -0.00772741  0.158017 -0.336385   9.77193
   575.727   0.00346401  0.00719449 -0.00506279 0.158017 -0.33878  9.77912
   575.732   0.00319755  0.00826034 -0.00479632  0.160412 -0.350751   9.77792
   575.737   0.00373047  0.00985911 -0.00506279  0.159214 -0.353145   9.77074
   575.742   0.00559571   0.0119908 -0.00666156 0.159214 -0.35913   9.7851
   575.747   0.00719449   0.0127902 -0.00666156  0.161609 -0.354342   9.78271
   575.752   0.00772741   0.0135896 -0.00586217  0.169988 -0.347159   9.78271
   575.757   0.00959265   0.0141225 -0.00586217  0.172383 -0.341174   9.77553
   575.762    0.0119908   0.0146554 -0.00612864    0.1652 -0.343568   9.76834
   575.767    0.0127902   0.0151884 -0.00506279  0.152032 -0.343568   9.78271
   575.772    0.013856  0.0151884 -0.0042634   0.15682 -0.353145   9.78031
   575.777   0.0146554  0.0157213 -0.0042634  0.162806 -0.356736   9.77912
   575.782    0.0149219   0.0149219 -0.00479632  0.154426 -0.344765   9.78271
   575.787    0.0127902   0.0130567 -0.00399694  0.155623 -0.345962   9.78151
   575.792    0.010392  0.0114579 -0.0042634  0.148441 -0.335188   9.78031
   575.797   0.00932619   0.0106585 -0.00399694  0.141258 -0.323217   9.77912
   575.802  0.00905972 0.00985911 -0.0042634  0.150835 -0.344765   9.77433
   575.807   0.00879326  0.00879326 -0.00559571  0.148441 -0.337582   9.77313
   575.812   0.00719449  0.00826034 -0.00506279  0.154426 -0.341174   9.77193
   575.817  0.00293109 0.00719449 -0.0063951  0.171185 -0.363919   9.77433
   575.822  0.000799387   0.0063951 -0.00799387  0.167594 -0.354342   9.77672
   575.827    0.0021317  0.00719449 -0.00506279  0.171185 -0.353145   9.77553
   575.832    0.0042634  0.00879326 -0.00532925  0.167594 -0.354342   9.77193
   575.837   0.00586217   0.0106585 -0.00559571  0.155623 -0.344765   9.76834
   575.842   0.0063951  0.0114579 -0.0063951  0.154426 -0.347159   9.77672
   575.847   0.00719449   0.0122573 -0.00666156  0.150835 -0.345962   9.78271
   575.852   0.00905972   0.0135896 -0.00559571 0.160412 -0.35913  9.77912
   575.857    0.0111914   0.0141225 -0.00506279  0.168791 -0.361524   9.77313
   575.862    0.0117243    0.014389 -0.00559571 0.168791 -0.35913  9.76954
   575.867    0.0122573   0.0146554 -0.00452986  0.160412 -0.351948   9.77433
   575.872     0.014389   0.0154548 -0.00346401  0.153229 -0.345962   9.78271
   575.877    0.0165207   0.0159877 -0.00399694  0.152032 -0.342371   9.78031
   575.882    0.0159877   0.0151884 -0.00479632 0.140061  -0.3304  9.77433
   575.887    0.0135896   0.0135896 -0.00399694  0.141258 -0.332794   9.77433
   575.892     0.010925   0.0117243 -0.00452986  0.150835 -0.332794   9.77912
   575.897   0.00879326    0.010392 -0.00452986  0.159214 -0.332794   9.77792
   575.902   0.00746095  0.00985911 -0.00532925  0.171185 -0.353145   9.78271
   575.907    0.0063951  0.00932619 -0.00666156  0.167594 -0.350751    9.7875
   575.912   0.00612864   0.0085268 -0.00559571  0.160412 -0.343568    9.7863
   575.917    0.0042634  0.00746095 -0.00692802  0.161609 -0.347159   9.77553
   575.922   0.00239816  0.00692802 -0.00826034  0.149638 -0.336385   9.76834
   575.927   0.00186524  0.00692802 -0.00559571  0.149638 -0.332794   9.76715
   575.932   0.00373047  0.00772741 -0.00506279  0.164003 -0.343568   9.77313
   575.937   0.00612864  0.00985911 -0.00532925  0.164003 -0.343568   9.77792
   575.942   0.00719449   0.0117243 -0.00586217  0.167594 -0.351948   9.78151
   575.947   0.00746095   0.0122573 -0.00666156    0.1652 -0.353145   9.78271
   575.952   0.00799387   0.0130567 -0.00586217  0.167594 -0.356736   9.77672
   575.957    0.010392   0.014389 -0.0063951   0.15682 -0.347159   9.77193
   575.962    0.0122573   0.0151884 -0.00586217 0.155623 -0.33878  9.77193
   575.967     0.013856   0.0151884 -0.00506279 0.155623 -0.33878  9.77792
   575.972    0.0149219   0.0151884 -0.00399694   0.15682 -0.342371   9.78031
   575.977   0.0149219  0.0154548 -0.0042634   0.15682 -0.347159   9.78271
   575.982     0.014389   0.0151884 -0.00479632  0.158017 -0.349553   9.78869
   575.987   0.0133231   0.013856 -0.0042634  0.155623 -0.349553    9.7851
   575.992    0.0119908   0.0125237 -0.00399694  0.154426 -0.347159   9.77912
   575.997    0.0114579   0.0117243 -0.00399694  0.148441 -0.335188   9.77193
   576.002     0.010392    0.010392 -0.00399694 0.152032  -0.3304  9.76595
   576.007   0.00826034  0.00879326 -0.00559571  0.155623 -0.332794   9.77074
   576.012   0.00532925  0.00746095 -0.00559571  0.155623 -0.333991   9.77792
   576.017   0.00373047  0.00666156 -0.00666156  0.164003 -0.347159   9.77553
   576.022   0.00346401  0.00692802 -0.00799387  0.164003 -0.339977   9.77074
   576.027  0.00319755 0.00719449 -0.0063951  0.159214 -0.335188   9.76954
   576.032   0.00319755  0.00746095 -0.00559571  0.162806 -0.351948   9.77193
   576.037    0.0042634  0.00905972 -0.00586217  0.159214 -0.353145   9.77433
   576.042   0.00612864    0.010392 -0.00612864  0.164003 -0.357933   9.77193
   576.047   0.00772741   0.0117243 -0.00692802  0.162806 -0.353145   9.77313
   576.052   0.00985911   0.0133231 -0.00586217  0.158017 -0.350751   9.77672
   576.057    0.0119908   0.0151884 -0.00559571  0.154426 -0.342371   9.77553
   576.062    0.0133231   0.0159877 -0.00532925  0.154426 -0.336385   9.77792
   576.067    0.0135896   0.0157213 -0.00559571  0.148441 -0.336385   9.77553
   576.072    0.0135896   0.0154548 -0.00452986  0.149638 -0.342371   9.77433
   576.077     0.014389   0.0151884 -0.00479632  0.155623 -0.348356   9.77912
   576.082    0.0149219    0.014389 -0.00559571  0.158017 -0.343568    9.7851
   576.087   0.0141225  0.0135896 -0.0042634   0.15682 -0.343568   9.78391
   576.092    0.0130567   0.0127902 -0.00399694  0.162806 -0.353145   9.78151
   576.097    0.010925  0.0111914 -0.0042634   0.15682 -0.348356   9.77672
   576.102  0.00932619 0.00985911 -0.0042634  0.159214 -0.345962   9.77193
   576.107   0.00772741  0.00932619 -0.00559571  0.161609 -0.343568   9.77433
   576.112   0.00612864   0.0085268 -0.00532925 0.154426 -0.33878  9.77912
   576.117   0.00506279  0.00719449 -0.00586217  0.158017 -0.353145   9.78391
   576.122    0.0042634  0.00719449 -0.00799387   0.15682 -0.349553    9.7851
   576.127   0.00346401  0.00746095 -0.00612864  0.152032 -0.337582    9.7851
   576.132   0.00346401  0.00799387 -0.00452986  0.164003 -0.348356   9.78271
   576.137   0.00399694  0.00879326 -0.00506279  0.164003 -0.356736   9.77433
   576.142  0.00506279  0.0101256 -0.0063951  0.168791 -0.365116   9.77433
   576.147   0.00692802   0.0111914 -0.00799387  0.160412 -0.357933   9.77433
   576.152  0.00932619  0.0125237 -0.0063951  0.153229 -0.348356   9.77672
   576.157    0.0117243    0.014389 -0.00532925  0.155623 -0.345962   9.78031
   576.162    0.0130567   0.0146554 -0.00532925  0.159214 -0.343568   9.78031
   576.167    0.0141225   0.0146554 -0.00586217  0.154426 -0.335188   9.77672
   576.172     0.014389   0.0149219 -0.00479632  0.148441 -0.331597   9.77553
   576.177     0.014389   0.0151884 -0.00479632 0.150835 -0.33878  9.77792
   576.182     0.013856   0.0149219 -0.00586217  0.154426 -0.345962   9.77792
   576.187    0.0133231    0.013856 -0.00452986  0.154426 -0.341174   9.77433
   576.192    0.0119908   0.0125237 -0.00346401  0.164003 -0.353145   9.77313
   576.197     0.010925   0.0111914 -0.00479632  0.155623 -0.351948   9.77313
   576.202   0.00932619   0.0106585 -0.00479632  0.154426 -0.350751   9.77553
   576.207   0.00799387  0.00932619 -0.00559571   0.15682 -0.347159   9.77912
   576.212   0.00719449  0.00826034 -0.00532925  0.15682 -0.33878  9.77792
   576.217   0.00666156  0.00746095 -0.00559571  0.162806 -0.344765   9.77313
   576.222   0.00452986  0.00692802 -0.00772741  0.159214 -0.343568   9.77792
   576.227   0.00293109  0.00666156 -0.00586217  0.152032 -0.329203   9.77912
   576.232   0.00293109  0.00746095 -0.00399694  0.167594 -0.347159   9.77672
   576.237    0.0042634   0.0085268 -0.00532925  0.169988 -0.357933   9.78151
   576.242   0.00586217  0.00985911 -0.00666156  0.169988 -0.360327   9.78151
   576.247    0.0063951   0.0111914 -0.00772741  0.161609 -0.351948   9.77792
   576.252   0.00772741   0.0122573 -0.00612864  0.152032 -0.341174   9.77433
   576.257   0.00959265   0.0133231 -0.00559571  0.158017 -0.349553   9.77433
   576.262    0.0114579   0.0146554 -0.00532925   0.15682 -0.350751   9.77792
   576.267    0.0133231   0.0159877 -0.00506279  0.154426 -0.349553   9.77553
   576.272     0.014389   0.0162542 -0.00399694  0.160412 -0.354342   9.77433
   576.277    0.0151884   0.0159877 -0.00373047  0.161609 -0.356736   9.77553
   576.282     0.014389   0.0146554 -0.00479632   0.15682 -0.350751   9.77433
   576.287    0.0130567    0.013856 -0.00479632  0.148441 -0.336385   9.77313
   576.292   0.0125237  0.0130567 -0.0042634 0.148441 -0.33878  9.77074
   576.297   0.0111914  0.0119908 -0.0042634  0.147243 -0.339977   9.76954
   576.302   0.00985911   0.0106585 -0.00373047  0.148441 -0.335188   9.77074
   576.307    0.0085268  0.00879326 -0.00479632  0.154426 -0.339977   9.77313
   576.312    0.0063951  0.00772741 -0.00506279  0.152032 -0.335188   9.76954
   576.317   0.00479632  0.00719449 -0.00586217  0.162806 -0.353145   9.76834
   576.322  0.00319755 0.00746095 -0.0085268  0.169988 -0.361524   9.77433
   576.327   0.00266462  0.00772741 -0.00746095  0.159214 -0.347159   9.77792
   576.332   0.00346401  0.00799387 -0.00506279  0.159214 -0.355539   9.77433
   576.337   0.00532925  0.00932619 -0.00559571  0.155623 -0.351948   9.77553
   576.342   0.00692802    0.010925 -0.00612864  0.162806 -0.347159   9.77193
   576.347   0.00666156   0.0117243 -0.00692802  0.162806 -0.343568   9.77433
   576.352  0.00719449  0.0122573 -0.0063951  0.158017 -0.337582   9.77672
   576.357   0.00985911   0.0133231 -0.00666156  0.164003 -0.344765   9.77553
   576.362    0.0119908   0.0149219 -0.00692802  0.160412 -0.350751   9.77433
   576.367   0.0135896  0.0157213 -0.0063951   0.15682 -0.351948   9.77792
   576.372     0.014389   0.0157213 -0.00399694  0.159214 -0.349553   9.78151
   576.377     0.014389   0.0154548 -0.00346401  0.158017 -0.349553   9.78031
   576.382     0.014389   0.0149219 -0.00452986  0.158017 -0.349553   9.77792
   576.387    0.0146554   0.0141225 -0.00479632  0.152032 -0.336385   9.77912
   576.392    0.0141225   0.0130567 -0.00506279  0.154426 -0.335188   9.77672
   576.397    0.0125237   0.0119908 -0.00506279  0.155623 -0.333991   9.77313
   576.402   0.0106585  0.0106585 -0.0042634  0.155623 -0.335188   9.77074
   576.407   0.00826034  0.00959265 -0.00479632  0.164003 -0.344765   9.76834
   576.412   0.00612864  0.00826034 -0.00532925  0.161609 -0.339977   9.76834
   576.417   0.00479632  0.00746095 -0.00506279  0.168791 -0.348356   9.77313
   576.422   0.00373047  0.00692802 -0.00719449  0.167594 -0.356736   9.77553
   576.427   0.00293109  0.00692802 -0.00692802  0.147243 -0.341174   9.77553
   576.432   0.00293109  0.00692802 -0.00692802   0.15682 -0.341174   9.77672
   576.437   0.00266462  0.00746095 -0.00506279   0.15682 -0.351948   9.77672
   576.442   0.00346401  0.00799387 -0.00559571  0.162806 -0.357933   9.78031
   576.447   0.00506279  0.00932619 -0.00586217   0.1652 -0.35913  9.78151
   576.452  0.00666156  0.0111914 -0.0063951  0.164003 -0.360327   9.78151
   576.457   0.00826034   0.0122573 -0.00559571   0.15682 -0.345962   9.77912
   576.462   0.00985911   0.0135896 -0.00532925  0.162806 -0.351948   9.77193
   576.467    0.0117243   0.0146554 -0.00612864  0.161609 -0.350751   9.77074
   576.472    0.0125237   0.0149219 -0.00666156   0.15682 -0.347159   9.77313
   576.477    0.0133231    0.014389 -0.00506279  0.158017 -0.339977   9.77792
   576.482    0.0135896   0.0146554 -0.00373047  0.161609 -0.342371   9.78031
   576.487    0.0141225   0.0149219 -0.00399694  0.159214 -0.343568   9.77912
   576.492     0.014389    0.014389 -0.00506279 0.153229 -0.33878  9.78031
   576.497    0.0122573   0.0125237 -0.00506279  0.150835 -0.343568   9.78031
   576.502   0.00959265   0.0106585 -0.00506279  0.154426 -0.347159   9.78031
   576.507    0.0085268  0.00985911 -0.00452986  0.154426 -0.343568   9.77792
   576.512   0.00826034  0.00959265 -0.00506279  0.159214 -0.344765   9.77553
   576.517   0.00719449   0.0085268 -0.00586217  0.153229 -0.339977   9.77792
   576.522   0.00559571  0.00719449 -0.00506279  0.159214 -0.348356   9.77553
   576.527   0.00399694   0.0063951 -0.00746095  0.167594 -0.349553   9.77672
   576.532   0.00319755  0.00772741 -0.00772741  0.150835 -0.329203   9.77672
   576.537   0.00373047  0.00905972 -0.00452986  0.150835 -0.336385   9.77553
   576.542    0.0042634  0.00879326 -0.00506279  0.155623 -0.342371   9.77792
   576.547   0.00452986  0.00905972 -0.00559571  0.159214 -0.339977   9.78151
   576.552  0.00586217   0.010392 -0.0063951  0.161609 -0.344765   9.78031
   576.557  0.00746095  0.0114579 -0.0063951   0.15682 -0.344765   9.77792
   576.562  0.00905972  0.0127902 -0.0063951  0.159214 -0.356736   9.77792
   576.567     0.010925   0.0141225 -0.00666156  0.155623 -0.350751   9.78031
   576.572    0.0125237   0.0151884 -0.00506279  0.161609 -0.350751   9.78151
   576.577    0.0141225   0.0157213 -0.00373047  0.154426 -0.347159   9.78271
   576.582    0.0149219   0.0154548 -0.00373047  0.154426 -0.347159   9.78031
   576.587   0.0149219  0.0149219 -0.0042634  0.158017 -0.347159   9.77912
   576.592     0.013856    0.014389 -0.00399694  0.158017 -0.337582   9.77792
   576.597    0.0119908   0.0130567 -0.00319755  0.160412 -0.339977   9.78151
   576.602     0.010925   0.0114579 -0.00373047  0.158017 -0.348356   9.77672
   576.607    0.0101256    0.010392 -0.00399694   0.15682 -0.347159   9.77553
   576.612   0.00932619  0.00932619 -0.00506279  0.159214 -0.332794   9.77313
   576.617   0.00799387  0.00826034 -0.00586217  0.153229 -0.337582   9.77074
   576.622   0.00586217  0.00746095 -0.00452986  0.159214 -0.354342   9.77193
   576.627   0.00373047  0.00666156 -0.00586217  0.169988 -0.344765   9.77553
   576.632   0.00239816  0.00612864 -0.00746095  0.162806 -0.343568   9.77433
   576.637   0.00266462  0.00692802 -0.00559571  0.160412 -0.354342   9.77433
   576.642    0.0042634  0.00905972 -0.00479632  0.167594 -0.353145   9.77433
   576.647   0.00506279    0.010392 -0.00532925  0.168791 -0.354342   9.77553
   576.652   0.00559571   0.0106585 -0.00612864  0.168791 -0.347159   9.77433
   576.657   0.00666156   0.0111914 -0.00612864  0.159214 -0.354342   9.77553
   576.662   0.00879326   0.0127902 -0.00532925  0.160412 -0.351948   9.77912
   576.667    0.0111914    0.013856 -0.00586217  0.159214 -0.344765   9.78271
   576.672    0.0127902   0.0146554 -0.00586217 0.158017 -0.33878  9.78151
   576.677     0.014389   0.0154548 -0.00399694  0.152032 -0.345962   9.77792
   576.682    0.0151884   0.0157213 -0.00293109   0.15682 -0.351948   9.77792
   576.687    0.014389  0.0154548 -0.0042634  0.159214 -0.344765   9.77553
   576.692    0.0135896   0.0146554 -0.00559571  0.150835 -0.339977   9.77313
   576.697    0.0130567   0.0135896 -0.00479632  0.155623 -0.343568   9.77433
   576.702    0.0122573   0.0125237 -0.00479632  0.154426 -0.343568   9.77433
   576.707    0.0101256   0.0111914 -0.00452986  0.158017 -0.353145   9.77313
   576.712   0.00799387  0.00985911 -0.00506279  0.150835 -0.350751   9.77553
   576.717   0.00692802  0.00879326 -0.00692802  0.152032 -0.349553   9.77672
   576.722   0.00586217  0.00799387 -0.00586217    0.1652 -0.351948   9.77553
   576.727  0.00479632 0.00772741 -0.0063951  0.161609 -0.339977   9.77672
   576.732   0.00399694  0.00826034 -0.00799387 0.162806 -0.33878  9.77792
   576.737   0.00266462   0.0085268 -0.00532925    0.1652 -0.350751   9.77553
   576.742   0.00346401  0.00879326 -0.00479632   0.15682 -0.351948   9.77553
   576.747   0.00532925  0.00905972 -0.00532925   0.15682 -0.351948   9.77672
   576.752  0.00719449  0.0101256 -0.0063951  0.153229 -0.339977   9.77433
   576.757   0.00772741    0.010925 -0.00719449  0.155623 -0.349553   9.77553
   576.762   0.00879326   0.0125237 -0.00586217  0.159214 -0.360327   9.77433
   576.767   0.00985911   0.0135896 -0.00559571  0.158017 -0.355539   9.77672
   576.772    0.0111914   0.0141225 -0.00452986  0.155623 -0.343568   9.77792
   576.777    0.0135896   0.0149219 -0.00319755  0.159214 -0.344765   9.77672
   576.782    0.0159877   0.0154548 -0.00346401   0.15682 -0.341174   9.77433
   576.787    0.0162542   0.0154548 -0.00479632  0.154426 -0.331597   9.77553
   576.792   0.0154548  0.0149219 -0.0042634  0.152032 -0.332794   9.77912
   576.797    0.0141225   0.0141225 -0.00452986  0.155623 -0.342371   9.77912
   576.802    0.0127902   0.0122573 -0.00506279  0.153229 -0.345962   9.78271
   576.807    0.010925  0.0106585 -0.0042634  0.159214 -0.354342    9.7851
   576.812   0.00932619  0.00985911 -0.00559571  0.161609 -0.347159   9.78151
   576.817   0.00772741  0.00932619 -0.00506279   0.15682 -0.336385   9.77433
   576.822   0.00586217  0.00799387 -0.00559571  0.161609 -0.341174   9.77433
   576.827    0.0042634  0.00719449 -0.00772741 0.153229 -0.33878  9.77433
   576.832   0.00293109  0.00692802 -0.00612864  0.149638 -0.339977   9.77074
   576.837   0.00239816  0.00692802 -0.00532925  0.161609 -0.357933   9.77193
   576.842   0.00399694  0.00772741 -0.00506279  0.161609 -0.356736   9.77313
   576.847   0.00586217   0.0106585 -0.00559571 0.167594 -0.35913  9.77074
   576.852   0.00612864   0.0111914 -0.00666156  0.168791 -0.356736   9.76954
   576.857  0.00612864  0.0127902 -0.0063951  0.162806 -0.345962   9.77433
   576.862   0.00746095   0.0141225 -0.00586217   0.15682 -0.336385   9.78031
   576.867   0.00985911   0.0151884 -0.00586217  0.159214 -0.336385   9.78391
   576.872    0.0127902   0.0157213 -0.00559571  0.154426 -0.342371   9.77912
   576.877    0.013856  0.0154548 -0.0042634  0.153229 -0.348356   9.77912
   576.882     0.013856   0.0151884 -0.00452986  0.155623 -0.351948   9.77912
   576.887    0.0133231   0.0151884 -0.00532925  0.152032 -0.347159   9.77912
   576.892    0.0141225   0.0141225 -0.00399694  0.150835 -0.342371   9.77433
   576.897     0.013856   0.0130567 -0.00319755  0.154426 -0.343568   9.77313
   576.902    0.0127902   0.0117243 -0.00293109  0.153229 -0.339977   9.77313
   576.907     0.010925    0.010392 -0.00319755  0.161609 -0.344765   9.77313
   576.912   0.00932619  0.00879326 -0.00532925  0.164003 -0.344765   9.77672
   576.917   0.00719449  0.00799387 -0.00532925  0.150835 -0.337582   9.77313
   576.922   0.00479632  0.00772741 -0.00506279  0.160412 -0.350751   9.77433
   576.927   0.00373047  0.00719449 -0.00799387  0.162806 -0.347159   9.77553
   576.932   0.00293109  0.00692802 -0.00612864 0.162806 -0.33878  9.77792
   576.937   0.00373047  0.00772741 -0.00452986  0.169988 -0.356736   9.77792
   576.942   0.00559571  0.00932619 -0.00532925  0.164003 -0.353145   9.77313
   576.947    0.0063951    0.010392 -0.00612864  0.164003 -0.353145   9.76954
   576.952   0.00666156   0.0114579 -0.00719449   0.15682 -0.350751   9.77433
   576.957   0.00746095   0.0122573 -0.00586217  0.149638 -0.345962   9.77792
   576.962   0.00932619   0.0133231 -0.00612864   0.15682 -0.350751   9.77792
   576.967    0.0122573   0.0141225 -0.00559571  0.168791 -0.350751   9.77553
   576.972     0.013856   0.0151884 -0.00532925  0.167594 -0.342371   9.77313
   576.977    0.0141225   0.0159877 -0.00479632   0.15682 -0.347159   9.77792
   576.982     0.014389   0.0157213 -0.00452986  0.152032 -0.350751   9.77912
   576.987    0.0146554   0.0146554 -0.00506279  0.150835 -0.344765   9.77792
   576.992   0.0149219  0.0135896 -0.0042634  0.146046 -0.332794   9.77912
   576.997    0.0130567   0.0122573 -0.00399694  0.149638 -0.336385   9.77433
   577.002     0.010925   0.0111914 -0.00479632  0.148441 -0.336385   9.76834
   577.007   0.00932619  0.00959265 -0.00399694  0.155623 -0.339977   9.77313
   577.012   0.00719449  0.00879326 -0.00479632  0.164003 -0.348356   9.77672
   577.017   0.00559571   0.0085268 -0.00479632   0.15682 -0.347159   9.78031
   577.022   0.00506279  0.00772741 -0.00532925  0.158017 -0.354342   9.78031
   577.027    0.0042634  0.00719449 -0.00799387  0.154426 -0.347159   9.77313
   577.032   0.00346401  0.00746095 -0.00666156  0.148441 -0.331597   9.77313
   577.037   0.00293109  0.00772741 -0.00532925  0.159214 -0.345962   9.77912
   577.042   0.00346401   0.0085268 -0.00559571  0.164003 -0.343568   9.78031
   577.047   0.00532925    0.010392 -0.00506279  0.167594 -0.347159   9.77912
   577.052  0.00772741  0.0114579 -0.0063951  0.161609 -0.347159   9.77912
   577.057   0.00905972   0.0119908 -0.00586217  0.155623 -0.345962   9.78031
   577.062   0.00985911   0.0133231 -0.00559571  0.161609 -0.351948   9.77792
   577.067    0.0114579   0.0146554 -0.00559571    0.1652 -0.354342   9.77792
   577.072    0.0127902   0.0154548 -0.00559571  0.161609 -0.353145   9.77912
   577.077    0.0135896   0.0157213 -0.00399694  0.152032 -0.356736   9.77553
   577.082     0.014389   0.0154548 -0.00319755  0.150835 -0.355539   9.77553
   577.087     0.014389   0.0154548 -0.00479632  0.154426 -0.351948   9.78271
   577.092    0.0135896   0.0141225 -0.00506279  0.152032 -0.339977   9.78151
   577.097   0.0122573  0.0127902 -0.0042634  0.159214 -0.343568   9.77792
   577.102    0.0111914   0.0111914 -0.00452986  0.159214 -0.339977   9.77672
   577.107    0.0101256   0.0101256 -0.00399694  0.159214 -0.339977   9.77313
   577.112   0.00826034  0.00932619 -0.00532925  0.159214 -0.345962   9.77433
   577.117   0.00692802   0.0085268 -0.00532925  0.149638 -0.339977   9.77792
   577.122   0.00506279  0.00746095 -0.00532925  0.159214 -0.353145   9.77313
   577.127   0.00319755  0.00666156 -0.00799387  0.166397 -0.354342   9.77313
   577.132   0.00293109  0.00666156 -0.00719449  0.159214 -0.335188   9.77313
   577.137   0.00293109  0.00719449 -0.00479632  0.168791 -0.347159   9.77313
   577.142   0.00346401   0.0085268 -0.00479632    0.1652 -0.350751   9.77912
   577.147   0.00532925    0.010392 -0.00506279  0.162806 -0.354342   9.77553
   577.152   0.00772741   0.0114579 -0.00612864  0.159214 -0.357933   9.77553
   577.157  0.00879326  0.0119908 -0.0063951   0.15682 -0.342371   9.77553
   577.162  0.00905972  0.0130567 -0.0063951  0.158017 -0.343568   9.77792
   577.167     0.010925    0.014389 -0.00586217  0.152032 -0.343568   9.77792
   577.172    0.0135896   0.0154548 -0.00559571  0.148441 -0.345962   9.77433
   577.177     0.014389   0.0159877 -0.00479632  0.154426 -0.347159   9.77313
   577.182    0.0141225   0.0154548 -0.00452986  0.162806 -0.351948   9.77433
   577.187    0.0141225   0.0146554 -0.00532925  0.160412 -0.350751   9.77912
   577.192   0.0146554   0.013856 -0.0042634  0.150835 -0.336385   9.78031
   577.197    0.0130567   0.0125237 -0.00373047  0.147243 -0.336385   9.77912
   577.202    0.010392   0.010925 -0.0042634  0.146046 -0.336385   9.77553
   577.207   0.00905972   0.0101256 -0.00399694 0.155623 -0.33878  9.77313
   577.212   0.00879326  0.00985911 -0.00479632  0.162806 -0.345962   9.77193
   577.217   0.00719449  0.00905972 -0.00506279  0.155623 -0.341174   9.77433
   577.222   0.00506279  0.00799387 -0.00452986  0.161609 -0.350751   9.77433
   577.227   0.00319755  0.00719449 -0.00719449    0.1652 -0.361524   9.77433
   577.232   0.00239816  0.00746095 -0.00719449  0.149638 -0.349553   9.77433
   577.237   0.00266462  0.00826034 -0.00479632  0.155623 -0.356736   9.77553
   577.242   0.00399694  0.00932619 -0.00506279  0.159214 -0.355539   9.77433
   577.247   0.00586217    0.010392 -0.00506279  0.161609 -0.350751   9.77074
   577.252   0.00719449   0.0114579 -0.00612864  0.162806 -0.349553   9.77074
   577.257   0.00799387   0.0122573 -0.00612864  0.154426 -0.344765   9.77792
   577.262   0.00879326   0.0130567 -0.00532925   0.15682 -0.347159   9.78151
   577.267     0.010392   0.0141225 -0.00479632  0.154426 -0.347159   9.77912
   577.272    0.0122573   0.0149219 -0.00479632  0.154426 -0.349553   9.77193
   577.277    0.0135896   0.0149219 -0.00399694  0.152032 -0.344765   9.77074
   577.282     0.014389   0.0151884 -0.00399694   0.15682 -0.350751   9.76954
   577.287    0.0146554   0.0149219 -0.00506279  0.161609 -0.350751   9.77313
   577.292     0.014389   0.0141225 -0.00479632 0.152032 -0.33878  9.77553
   577.297    0.0127902   0.0130567 -0.00399694  0.152032 -0.342371   9.77313
   577.302    0.0111914   0.0111914 -0.00479632  0.155623 -0.344765   9.77553
   577.307   0.0101256   0.010392 -0.0042634   0.15682 -0.341174   9.77433
   577.312   0.00879326  0.00959265 -0.00479632  0.162806 -0.347159   9.77074
   577.317   0.00719449  0.00879326 -0.00559571  0.152032 -0.342371   9.77433
   577.322   0.00559571  0.00799387 -0.00506279  0.158017 -0.350751   9.77433
   577.327   0.00399694  0.00772741 -0.00692802    0.1652 -0.357933   9.77313
   577.332   0.00373047  0.00719449 -0.00719449  0.155623 -0.336385   9.77313
   577.337   0.00373047  0.00719449 -0.00452986 0.162806 -0.33878  9.77193
   577.342    0.0042634  0.00772741 -0.00479632  0.169988 -0.351948   9.77193
   577.347   0.00532925  0.00932619 -0.00506279 0.169988 -0.35913  9.77193
   577.352   0.00666156    0.010925 -0.00666156   0.1652 -0.35913  9.77433
   577.357   0.00772741   0.0122573 -0.00666156   0.15682 -0.350751   9.77792
   577.362   0.00879326   0.0133231 -0.00559571  0.15682 -0.35913  9.78151
   577.367    0.0101256    0.013856 -0.00586217  0.154426 -0.355539   9.78271
   577.372    0.0117243   0.0149219 -0.00559571  0.152032 -0.343568   9.77792
   577.377    0.0130567   0.0159877 -0.00373047  0.148441 -0.335188   9.77553
   577.382    0.0141225   0.0154548 -0.00373047  0.155623 -0.342371   9.77193
   577.387    0.0141225   0.0146554 -0.00479632  0.164003 -0.345962   9.77553
   577.392    0.0130567   0.0135896 -0.00532925  0.159214 -0.333991   9.77792
   577.397   0.0117243  0.0130567 -0.0042634 0.159214 -0.33878  9.77553
   577.402    0.0106585   0.0117243 -0.00399694  0.159214 -0.345962   9.77193
   577.407   0.00959265   0.0106585 -0.00346401  0.154426 -0.343568   9.77433
   577.412   0.00826034  0.00985911 -0.00346401  0.158017 -0.347159   9.77792
   577.417   0.00719449  0.00932619 -0.00506279  0.152032 -0.335188   9.77912
   577.422   0.00506279  0.00826034 -0.00479632  0.155623 -0.339977   9.77912
   577.427  0.00319755 0.00666156 -0.0063951    0.1652 -0.349553   9.78031
   577.432    0.0021317   0.0063951 -0.00772741  0.149638 -0.333991   9.77912
   577.437  0.00266462 0.00746095 -0.0042634  0.148441 -0.335188   9.77553
   577.442   0.00373047  0.00826034 -0.00373047  0.162806 -0.347159   9.77433
   577.447   0.00399694  0.00879326 -0.00399694    0.1652 -0.353145   9.77553
   577.452    0.0042634  0.00985911 -0.00586217 0.167594 -0.35913  9.77672
   577.457   0.00559571   0.0111914 -0.00666156  0.159214 -0.347159   9.77553
   577.462   0.00826034   0.0130567 -0.00586217  0.158017 -0.348356   9.77553
   577.467     0.010392   0.0146554 -0.00559571  0.159214 -0.348356   9.77433
   577.472    0.0125237   0.0151884 -0.00506279  0.160412 -0.349553   9.77074
   577.477     0.013856   0.0146554 -0.00399694  0.152032 -0.345962   9.77074
   577.482    0.0141225   0.0146554 -0.00346401  0.155623 -0.354342   9.77193
   577.487    0.0146554   0.0151884 -0.00373047  0.15682 -0.35913  9.77193
   577.492    0.0149219   0.0151884 -0.00399694  0.149638 -0.351948   9.77313
   577.497    0.0141225    0.014389 -0.00319755  0.146046 -0.347159   9.77433
   577.502    0.0125237   0.0130567 -0.00399694  0.148441 -0.349553   9.77193
