 -0.039979 0.00718985  0.0160192  0.00225846 -0.00158991   0.0020252  0 -0  0 0 0 0  4.33024e-06 -3.04839e-06  3.88298e-06  -1.33722e-06  2.40261e-07   5.3588e-07 0 0 0 0 0 0 0.00342489
  -0.0371162    0.0554837 -6.45546e-05  -0.00192075  -0.00151269 -0.000891265  0 -0  0 0 0 0  -0.0416256 0.000769129  -0.0290484  0.000499108  0.00839675 -0.00279004 0 0 0 0 0 0 0.00852171
 -0.0118866   0.0286025 -0.00228826  -0.00212208  0.000737315 -0.000288609  0 -0  0 0 0 0 -0.00254732   0.0222283  0.00578372    0.00438956  -0.00464569 -0.000406042 0 0 0 0 0 0 0.0108597
 -0.0116153 0.000945792  0.00552359 0.000314744 0.000106172 9.49448e-05  0 -0  0 0 0 0   0.0239265 -0.00606028  0.00380073  7.97839e-05 -0.00477698  0.00134298 0 0 0 0 0 0 0.013406
  -0.01005  0.0068543 0.00355287  0.000571978 -0.000982429  3.68043e-05  0 -0  0 0 0 0   0.00281572   -0.0107975 -0.000545063  0.000271088  0.00101114 -0.00033199 0 0 0 0 0 0 0.0145261
-0.0204447   0.011205 -0.0012345 0.000388815 -0.00114674  0.00039306  0 -0  0 0 0 0 -0.00177826 -0.00170005  0.00352563   -0.00181226  0.000753342 -0.000830104 0 0 0 0 0 0 0.0149591
-0.0121962  0.0516167   -0.01248  -0.00188411  3.38157e-05 -0.000993062  0 -0  0 0 0 0 -0.0223618  0.0116253 -0.0136431   0.00140466  0.00699209 -0.00193916 0 0 0 0 0 0 0.0178713
-0.0149555  0.0435767 -0.0181683  -0.00228728   0.00038738 -0.000566239  0 -0  0 0 0 0 -0.0042192 0.00359399 0.00412016  -0.000458513  -0.00137988 -0.000996805 0 0 0 0 0 0 0.0185567
-0.00241913   0.0189724 -0.00696515 -0.00107705 0.000486594 0.000314241  0 -0  0 0 0 0  0.0118789 0.00100152 0.00873385   0.00218295 -0.00426634  0.00193901 0 0 0 0 0 0 0.0200566
-0.00255463  0.00451456  -0.0047758  0.000269435 -0.000185086  0.000525492  0 -0  0 0 0 0   0.0133736 -0.00662111  0.00214274  -1.78186e-05  -0.00250781  0.000379964 0 0 0 0 0 0 0.0215761
 -0.0208245  0.00817315 -0.00325806 -0.000252143  -0.00106784  0.000660897  0 -0  0 0 0 0 -0.00499353 -0.00876445  0.00135229  -0.00317326 0.000625255 0.000271981 0 0 0 0 0 0 0.0226103
-0.0275082  0.0140582 -0.0015302  -0.00023133 -0.000301873  0.000903307  0 -0  0 0 0 0 0.000143222  0.00749954  0.00242088  -0.00117887   0.0010224 0.000298765 0 0 0 0 0 0 0.023414
-0.0194441  0.0213892  -0.018006 -0.00109549 0.000112613 0.000412858  0 -0  0 0 0 0 -0.00849338  0.00414213 -0.00482369   0.00139597  0.00126772 -0.00285266 0 0 0 0 0 0 0.0244906
 -0.011147  0.0103182 -0.0213386 -0.000332363   0.00027706  0.000271489  0 -0  0 0 0 0  0.00742818   0.0016526 -0.00143602    0.00144895  -0.00191298 -0.000587196 0 0 0 0 0 0 0.025284
 -0.0148398   -0.001597 -0.00976072  0.00104512 0.000530509 0.000308625  0 -0  0 0 0 0   0.0136514  0.00251796 0.000356288  -0.000639264  -0.00206793   0.00200866 0 0 0 0 0 0 0.0266851
-0.00920942  0.00102175  0.00233045 0.000914991    0.001193 0.000454627  0 -0  0 0 0 0 -0.00113444   0.0065595  0.00144807  0.000970484 0.000444217  0.00210326 0 0 0 0 0 0 0.0273758
-0.00602174  0.00832888 -0.00294446 0.000322332 0.000653991 0.000478843  0 -0  0 0 0 0 -0.00584404 -0.00527512 0.000240314   0.000565403   0.00126894 -0.000912974 0 0 0 0 0 0 0.0281773
-0.0133857 0.00337579   -0.01097 0.000472954   0.0002884 0.000102171  0 -0  0 0 0 0  0.00142041 -0.00365865 -0.00372325   -0.00128114 -0.000856793  -0.00139796 0 0 0 0 0 0 0.0287234
-0.0351279 -0.0354098 -0.0091367  0.00249313  0.00021879 0.000854913  0 -0  0 0 0 0    0.0198774 -0.000712512   0.00740053  -0.00376381 -0.00671368 0.000306927 0 0 0 0 0 0 0.0308804
 -0.0572928 -0.00173834 -0.00348347 -0.00010395 -0.00166433  0.00434103  0 -0  0 0 0 0 -0.0545657 -0.0450643  0.0763713  -0.0112477  0.0164054 0.00274763 0 0 0 0 0 0 0.0356179
-0.0127312  0.0767296 0.00617756 -0.00212521 -0.00058705  0.00443333  0 -0  0 0 0 0 -0.0569841 0.00425131  0.0467104   0.0127035  0.0370372 0.00560489 0 0 0 0 0 0 0.0379102
  -0.0574874   -0.0198064 -0.000723921  8.53417e-05 -0.000451249  0.000509018  0 -0  0 0 0 0    0.0123754 -0.000814386   -0.0214898    -0.0186929   -0.0289995 -0.000426167 0 0 0 0 0 0 0.0424163
 -0.037589  -0.046571 -0.0192029 -0.000586931 -0.000383235   0.00181856  0 -0  0 0 0 0 -0.00602837 -0.00247895   0.0116564  0.000475165  -0.0133853 -0.00659019 0 0 0 0 0 0 0.0438899
 0.0138342  0.0333578 -0.0137834 -0.000732075   0.00103065   0.00182162  0 -0  0 0 0 0 -0.00478446   0.0265107    0.012316   0.0228602  0.0355048 0.00154785 0 0 0 0 0 0 0.0453112
  -0.0407783   -0.0180595 -0.000174218   0.00190023  0.000373171 -4.76694e-05  0 -0  0 0 0 0    0.0475721 -0.000300233   -0.0138348  -0.0178168 -0.0141354 0.00716419 0 0 0 0 0 0 0.048606
  -0.037916  -0.0153225 -0.00581069  0.000425608 -0.000415938   0.00155545  0 -0  0 0 0 0 -0.00508695  -0.0161453   0.0215807    -0.0048465 -3.76412e-05 -0.000692414 0 0 0 0 0 0 0.0509227
-0.0071447  0.0318993 -0.0091691 9.60996e-05 0.000925235  0.00105587  0 -0  0 0 0 0 -0.00670241   0.0191655  0.00751416   0.00994449   0.0208407 -0.00162269 0 0 0 0 0 0 0.0523913
-0.0461976 -0.0231941  0.0018919   0.00218899  0.000585078 -0.000532576  0 -0  0 0 0 0  0.0367984 0.00215081 -0.0132767  -0.0144507 -0.0194717  0.0054978 0 0 0 0 0 0 0.0550407
 -0.0350922  -0.0295887 -0.00692068  0.00216582 0.000159732  0.00148531  0 -0  0 0 0 0   0.0135241 -0.00909374   0.0277399  -0.00184404 -0.00320965 -0.00163574 0 0 0 0 0 0 0.057103
-0.00408479   0.0156681  -0.0011618  0.00108572  0.00110342 0.000683728  0 -0  0 0 0 0 -0.00976911   0.0136077  0.00531267  0.00961993  0.0180405 0.00435612 0 0 0 0 0 0 0.0587461
 -0.0600046  -0.0253286 -0.00258628    0.0020218  0.000148035 -0.000375172  0 -0  0 0 0 0   0.0125863  -0.0118727 -0.00858625    -0.0213787   -0.0145066 -0.000748854 0 0 0 0 0 0 0.0604521
  -0.050934  -0.0165333 -0.00898135  0.000131063 -0.000866021   0.00206019  0 -0  0 0 0 0 -0.0255099 -0.0254647  0.0363247  -0.00392439  0.00343627 -0.00165151 0 0 0 0 0 0 0.0636977
 -0.0127857   0.0584206 -0.00223151 -0.000913201 -5.77102e-05   0.00322728  0 -0  0 0 0 0 -0.0289943 0.00749826  0.0421832   0.0164887  0.0351877 0.00310784 0 0 0 0 0 0 0.0654601
-0.0282555 -0.0233958  0.0102491 0.000669655 -3.7429e-05 0.000623928  0 -0  0 0 0 0   0.0143801 0.000945231 -0.00757976  -0.00419238  -0.0265362    0.008251 0 0 0 0 0 0 0.0685069
  -0.033584  -0.0283767 -0.00494158 -0.000772806 -0.000751308   0.00179432  0 -0  0 0 0 0 -0.0179097  -0.012347  0.0197428  -0.00512788 -0.00464926 -0.00422952 0 0 0 0 0 0 0.070497
0.00815179  0.0257302 0.00236635 -0.000101194  0.000874603   0.00128374  0 -0  0 0 0 0  0.0031521  0.0252304 0.00610438   0.0154935  0.0242261 0.00166167 0 0 0 0 0 0 0.0723287
-0.0609254 -0.0358061  0.0155638   0.00242681  0.000485609 -9.57452e-05  0 -0  0 0 0 0   0.0498135  0.00467824 -0.00931836  -0.0265218 -0.0229121 0.00713084 0 0 0 0 0 0 0.0752348
-0.0449845 -0.0299077 0.00934324   0.00100686 -0.000334878    0.0014304  0 -0  0 0 0 0 -0.00301913  -0.0153577   0.0223219   -0.00110183 -0.000447341 -0.000267722 0 0 0 0 0 0 0.077475
0.0185601 0.0395231  0.010126 -0.000502558    0.0013944    0.0012659  0 -0  0 0 0 0 -0.0253073  0.0281834   0.017164   0.0261109  0.0305675 0.00168114 0 0 0 0 0 0 0.0797762
-0.034002  -0.02241 0.0426761 0.000363915 -0.00121244  0.00067428  0 -0  0 0 0 0 0.00476894 -0.0338074 0.00740865  -0.0132149 -0.0240411  0.0135727 0 0 0 0 0 0 0.0825863
-0.0482214 -0.0452447  0.0493347 -0.000720287  0.000222343   0.00409096  0 -0  0 0 0 0 -0.0153436 0.00806059  0.0562657   -0.0157963 -0.00979377  0.00165019 0 0 0 0 0 0 0.0864474
0.0124822 0.0616101 0.0694327 -0.000330772   0.00105478   0.00485603  0 -0  0 0 0 0 0.00149285  0.0157999  0.0447141   0.0258122  0.0483513 0.00823386 0 0 0 0 0 0 0.0876432
-0.0216277 -0.0352535   0.102854   0.00208692 -0.000902161   0.00255065  0 -0  0 0 0 0    0.0437315   -0.0306734 -0.000146004  -0.00718906   -0.033006   0.0168526 0 0 0 0 0 0 0.0915148
-0.0383306 -0.0383231  0.0922669 0.000998942 -0.00181204  0.00407672  0 -0  0 0 0 0 -0.000336864   -0.0271365    0.0287611   -0.0117635 -0.00505823 -0.00267961 0 0 0 0 0 0 0.0935982
0.0179132 0.0551445 0.0854051 -0.00052932 0.000219064  0.00269564  0 -0  0 0 0 0 -0.0227862  0.0281019 0.00233654    0.0180115   0.0398695 -0.00213627 0 0 0 0 0 0 0.096491
-0.0425624 -0.0172198   0.110286   0.00181223  0.000655259 -0.000724523  0 -0  0 0 0 0 0.0331298 0.0202253  -0.04151  -0.0242904 -0.0214126  0.0142476 0 0 0 0 0 0 0.100659
-0.027537  -0.03404 0.0947656 0.000640162 0.000280555  0.00133767  0 -0  0 0 0 0 -0.00721139  -0.0022496   0.0163659  -0.00323167 -0.00713341 -0.00245402 0 0 0 0 0 0 0.10306
0.0534546 0.0290543  0.088236 0.000628406  0.00214629 0.000252673  0 -0  0 0 0 0 -0.0016156  0.0324964 -0.0017507    0.0335684    0.027244 -0.00391579 0 0 0 0 0 0 0.105219
 0.0114704 -0.0162109   0.117116    0.0011551   0.00159755 -0.000215727  0 -0  0 0 0 0  0.00886802  0.00734601 -0.00182778  -0.00820231  -0.0174269   0.0140746 0 0 0 0 0 0 0.106112
-0.00470389  -0.0160695    0.112254 -2.91304e-05 -0.000511521   0.00221296  0 -0  0 0 0 0 -0.0166127 -0.0320595  0.0413702  -0.00836159 0.000641585  0.00261231 0 0 0 0 0 0 0.10954
0.0331821 0.0464556  0.118733  -0.00186155 -0.000447956   0.00176998  0 -0  0 0 0 0 -0.0357733 -0.0126631  0.0183785   0.0127363  0.0276771 0.00488512 0 0 0 0 0 0 0.111426
-0.0398919 -0.0235831   0.130098  0.000263326 -0.000733458 -0.000721783  0 -0  0 0 0 0  0.0235616  -0.012821 -0.0183046  -0.0303953 -0.0226559 0.00915201 0 0 0 0 0 0 0.114713
-0.0145002 -0.0348816  0.0958085  -0.00106464 -0.000195228   0.00181306  0 -0  0 0 0 0   -0.012389 0.000521972     0.03026  -0.00274163 -0.00674298  -0.0124812 0 0 0 0 0 0 0.117625
0.0563104 0.0440887  0.101908 -0.000525198   0.00194962  0.000962135  0 -0  0 0 0 0 0.00425651  0.0385931  0.0073295     0.028079   0.0344025 0.000776964 0 0 0 0 0 0 0.119994
-0.0042238 -0.0168666   0.136324   0.00215495    0.0017713 -0.000169615  0 -0  0 0 0 0   0.0536331   0.0159824 -0.00339066   -0.018698 -0.0213841  0.0183136 0 0 0 0 0 0 0.122909
-0.0096567 -0.0207966    0.12075  0.000855862 -1.65397e-06   0.00150696  0 -0  0 0 0 0 -0.00107073  -0.0246745   0.0288866  -0.00666421 -0.00389217 -0.00145535 0 0 0 0 0 0 0.125674
0.0293037 0.0537272  0.112893 -0.000810645  0.000332155   0.00292758  0 -0  0 0 0 0   -0.0274887 -0.000253583    0.0442915    0.0178606   0.0337052 -0.00253693 0 0 0 0 0 0 0.127889
-0.0437004 -0.0403769   0.136914  0.00177036 -0.00052136 0.000549178  0 -0  0 0 0 0   0.0355492  -0.0166759 -0.00153648  -0.0286298 -0.0327579  0.0130178 0 0 0 0 0 0 0.131501
-0.0126485 -0.0417981    0.11598 -0.000216469 -0.000749059   0.00176787  0 -0  0 0 0 0 -0.0174749  -0.012528  0.0188743   0.00287481 -0.00663185 -0.00651901 0 0 0 0 0 0 0.133843
0.0376625 0.0322656  0.112557 -0.00121008 0.000929334  0.00113336  0 -0  0 0 0 0 -0.0230135  0.0271425 0.00551434     0.019565   0.0319983 -0.00201453 0 0 0 0 0 0 0.135894
-0.0422939 -0.0368763     0.1417  0.00147041 0.000158798 -0.00049916  0 -0  0 0 0 0     0.041833 -0.000658713   -0.0114977  -0.0305002 -0.0248008  0.0143927 0 0 0 0 0 0 0.139125
-0.0236372 -0.0229644   0.125112  0.000927898 -0.000479871   0.00199029  0 -0  0 0 0 0 0.00698481 -0.0143422   0.036441  -0.00302912   0.0037225 -0.00292551 0 0 0 0 0 0 0.141752
 0.054581 0.0276465  0.126181 0.000664494  0.00130161 0.000728123  0 -0  0 0 0 0 0.000973814   0.0257032  0.00453243    0.0295309   0.0210009 0.000953003 0 0 0 0 0 0 0.143951
-0.0200223 -0.0399237   0.131147   0.00303426  9.11826e-05 -0.000960565  0 -0  0 0 0 0  0.0452246 -0.0101696 -0.0161618  -0.0243058 -0.0252941 0.00212361 0 0 0 0 0 0 0.147103
-0.0117161 -0.0467507   0.126125   0.00123883 -9.80056e-05   0.00195569  0 -0  0 0 0 0 -0.0108497  -0.012433  0.0409918  -0.00736528 -0.00408908 -0.00201731 0 0 0 0 0 0 0.150533
0.0337848 0.0363775  0.121423 0.000315294  0.00118105  0.00111886  0 -0  0 0 0 0 -0.0172381   0.017276  0.0121622    0.0148298   0.0354785 -0.00213106 0 0 0 0 0 0 0.152319
-0.0427748 -0.0334178   0.139216   0.00226615  0.000125453 -0.000385636  0 -0  0 0 0 0   0.0291463  -0.0111864 -0.00677798  -0.0291173 -0.0245679 0.00871412 0 0 0 0 0 0 0.154999
-0.0350831 -0.0193042   0.131761  0.00154922 -1.0499e-05   0.0017444  0 -0  0 0 0 0 4.44029e-05  -0.0101353   0.0319841  -0.00716123  0.00303409  -0.0010283 0 0 0 0 0 0 0.15725
0.0173921 0.0354428  0.121262 -0.000328929  0.000849269   0.00168697  0 -0  0 0 0 0 -0.0288951  0.0121851  0.0217909  0.0206842 0.0235468 -0.003183 0 0 0 0 0 0 0.159317
-0.0465117 -0.0537432   0.156513 0.000850568 0.000352705  0.00106156  0 -0  0 0 0 0  0.00991518 -0.00203817   0.0132202    -0.02322 -0.0387372  0.0184666 0 0 0 0 0 0 0.160741
-0.0500154 -0.0406965   0.139526 -0.00164514  0.00015448  0.00437888  0 -0  0 0 0 0  -0.0365151 -0.00667795   0.0622131   -0.0112954   0.0013536 -0.00356967 0 0 0 0 0 0 0.164897
0.0387275 0.0629819  0.129505 -0.0021625 0.00174676 0.00329389  0 -0  0 0 0 0 -0.0210151  0.0220454  0.0196259    0.0333606   0.0456544 -0.00632766 0 0 0 0 0 0 0.166892
-0.0551657 -0.0266836   0.149114  0.000932647  7.04247e-05 -0.000159467  0 -0  0 0 0 0  0.0477152 -0.0211468 -0.0319056  -0.0322103 -0.0270325 0.00877416 0 0 0 0 0 0 0.171823
-0.0514314 -0.0510791   0.138122 0.000388087 -0.00114184  0.00232092  0 -0  0 0 0 0 0.0088494 -0.031999 0.0266077  -0.00925416  -0.0104623 -0.00194703 0 0 0 0 0 0 0.174637
0.0264907 0.0343754  0.158266 -0.00106988 -0.00137953  0.00157422  0 -0  0 0 0 0 -0.0174736  -0.018404 0.00984135  0.0326986 0.0360268 0.0114404 0 0 0 0 0 0 0.176293
-0.0689208  -0.029471   0.150717   0.00189505  -0.00212669 -0.000893924  0 -0  0 0 0 0  0.0482428 -0.0239469 -0.0219928    -0.033758  -0.0174794 0.000471297 0 0 0 0 0 0 0.180222
-0.0423191 -0.0276579   0.144278 0.000851997 -0.00127424  0.00108362  0 -0  0 0 0 0  0.00320366 -0.00083261   0.0197984   -0.00221621 -0.000948668  -0.00354333 0 0 0 0 0 0 0.182615
-0.00503146   0.0417868    0.142346 -0.000577085 -0.000453071   0.00183359  0 -0  0 0 0 0 -0.0214646  0.0172623  0.0286415   0.0177884  0.0320374 0.00027841 0 0 0 0 0 0 0.184426
-0.0585466 -0.0408912   0.150847   0.00218918 -0.000638936  0.000540576  0 -0  0 0 0 0  0.0424669 0.00429079 0.00809526  -0.0190198 -0.0305104 0.00462762 0 0 0 0 0 0 0.187485
-0.0473402 -0.0321614   0.156368 0.000455847 -0.00153322   0.0022935  0 -0  0 0 0 0 -0.0108352 -0.0149942   0.034729  -0.000304785  0.000275239   0.00396064 0 0 0 0 0 0 0.190107
0.0183927 0.0248361  0.180133  0.00121078 -0.00144827  0.00117363  0 -0  0 0 0 0  0.00939233 -0.00957848  0.00282029  0.0284796 0.0265773 0.0110015 0 0 0 0 0 0 0.19146
-0.0512086 -0.0403702   0.148106    0.0030253  -0.00273737 -0.000492393  0 -0  0 0 0 0  0.0365905 -0.0294124 -0.0151903  -0.0213809 -0.0220981 -0.0129232 0 0 0 0 0 0 0.194241
-0.0582044 -0.0180674   0.137739  0.00189562 -0.00148172 0.000559173  0 -0  0 0 0 0 -0.000926033   0.00364392     0.011242   -0.0127715  0.00587988 -0.00862051 0 0 0 0 0 0 0.19623
-0.0273432  0.0208849   0.136279  0.00187724 1.08413e-05 6.36558e-05  0 -0  0 0 0 0 -0.000739818    0.0291378   0.00314284     0.011142   0.0183794 -0.00168341 0 0 0 0 0 0 0.197803
 -0.107163 -0.0746649   0.120095  0.00307703  -0.0013845 0.000703516  0 -0  0 0 0 0   0.0215645 -0.00989721    0.022016   -0.0274508  -0.0427668 -0.00948025 0 0 0 0 0 0 0.199751
-0.0857045 -0.0416002   0.125787 0.00249249 -0.0018339 0.00164073  0 -0  0 0 0 0 0.00152957 -0.0158617  0.0278327  0.00218927  0.0065049 0.00270563 0 0 0 0 0 0 0.200944
  -0.149596 0.000671023   0.0856928  0.000299445 -0.000478958   0.00355044  0 -0  0 0 0 0 -0.0365551  0.0268132  0.0476918  -0.0320564  0.0213243  -0.018068 0 0 0 0 0 0 0.204152
 -1.58058 -0.194443 -0.281858  0.00521776 -0.00625019 -0.00265081  0 -0  0 0 0 0    0.06653 -0.0853871 -0.0681048   -0.613534 -0.0325562  -0.166254 0 0 0 0 0 0 0.213948
 -3.53331 -0.762782 -0.222719  0.00282859  0.00371624 -0.00148433  0 -0  0 0 0 0 -0.00305197    0.126574   -0.013935   -0.882037  -0.227591 -0.0399257 0 0 0 0 0 0 0.224263
 -4.22736 -0.655877 0.0617674  0.00613406 -0.00207041 -0.00756239  0 -0  0 0 0 0  0.0645806 -0.0942022  -0.058547   -0.412734 0.00747135    0.13728 0 0 0 0 0 0 0.233282
 -3.91204 -0.656164  0.160467    0.0087212 -0.000610596  -0.00683181  0 -0  0 0 0 0   0.0813838  -0.0349952 -0.00455472   0.0509486 -0.0282148   0.053508 0 0 0 0 0 0 0.236341
-3.10622 -0.55211  0.18102  0.00996254 0.000915079  0.00534368  0 -0  0 0 0 0  0.0566625 -0.0189902   0.165353    0.30841 0.0388118  0.026111 0 0 0 0 0 0 0.248675
 -2.61258 -0.376568   0.16576 0.00540106 0.00561944  0.0101526  0 -0  0 0 0 0 -0.0482758  0.0922267   0.165322    0.255247  0.0805916 0.00489644 0 0 0 0 0 0 0.256803
 -2.74423  -0.49468 0.0936446 0.00616825 0.00582261 0.00432813  0 -0  0 0 0 0 -0.0185632  0.0407566  0.0012832  -0.00877308 -0.00983399  -0.0273247 0 0 0 0 0 0 0.262681
 -3.69905 -0.480334   0.15267  0.00314887   0.0009926 -0.00500254  0 -0  0 0 0 0 -0.0598626 -0.0387044 -0.0910304  -0.364099 0.0107912 0.0159557 0 0 0 0 0 0 0.273613
 -4.34266 -0.609762  0.192728  0.00149751 -0.00403999 -0.00306364  0 -0  0 0 0 0 -0.0578975  -0.106131 -0.0139126   -0.322038 -0.0523186  0.0169993 0 0 0 0 0 0 0.279253
 -4.34957 -0.782064  0.316558 -0.000651371  -0.00184141  -0.00161929  0 -0  0 0 0 0 -0.0610455  -0.010591  0.0300559  -0.0732445  -0.113252  0.0544182 0 0 0 0 0 0 0.28265
 -3.78536 -0.811005  0.649605 0.00016364 0.00309836 0.00816187  0 -0  0 0 0 0 -0.00236083   0.0425036    0.142031    0.197293 -0.0384352   0.151487 0 0 0 0 0 0 0.293638
 -3.18112 -0.426322   1.06176 -0.0019007 0.00662309 0.00671528  0 -0  0 0 0 0 -0.0285534  0.0746995  0.0663239  0.289126 0.149011 0.214873 0 0 0 0 0 0 0.297971
 -3.20951 -0.334897   1.30735 0.00229079 0.00398601 0.00209658  0 -0  0 0 0 0  0.0603281 -0.0155108 -0.0276509  0.0537244 0.0834226   0.15647 0 0 0 0 0 0 0.304743
 -3.67396 -0.162295   1.69006  0.00370538  0.00239968 -0.00307562  0 -0  0 0 0 0  0.0459208 -0.0166155 -0.0642015   -0.16864 0.0807835  0.178057 0 0 0 0 0 0 0.310335
-4.06695 -0.21464  1.87997    0.0005361 -7.24358e-05  -0.00104142  0 -0  0 0 0 0    -0.030235   -0.0442495 -0.000238275   -0.189475 -0.0162073   0.107558 0 0 0 0 0 0 0.31484
 -4.39279 -0.388124   1.77295 0.000124494  0.00123245 -0.00182345  0 -0  0 0 0 0  -0.0191834 -0.00926857  0.00387884   -0.185806 -0.0831216 -0.0426438 0 0 0 0 0 0 0.316416
 -4.49481 -0.468747   1.85276 0.000619822  0.00590444  0.00237765  0 -0  0 0 0 0 0.00645697   0.058395  0.0566862  -0.0854109 -0.0488582  0.0237744 0 0 0 0 0 0 0.322718
 -4.27188 0.0461003   2.12485  0.00140406  0.00932941 0.000762577  0 -0  0 0 0 0 0.0155929 0.0787013 0.0343611  0.091849 0.209148 0.141032 0 0 0 0 0 0 0.326585
-4.0716  1.1921  2.3538 0.000536268  0.00835064   0.0124714  0 -0  0 0 0 0 0.00323174  0.0300592   0.147177  0.113024 0.576334 0.164173 0 0 0 0 0 0 0.338367
-4.08624  2.86381  2.80971 -0.00174154  0.00318684  0.00367236  0 -0  0 0 0 0 -0.0303672 -0.0710671 -0.0331282  0.031063 0.764596 0.271794 0 0 0 0 0 0 0.34882
-4.1213 4.46863 3.38713  0.00649439 0.000243694   0.0161725  0 -0  0 0 0 0  0.0959279 -0.0664224   0.172379  -0.00011625    0.795331    0.330058 0 0 0 0 0 0 0.364076
-4.43852  4.34569  3.40286   0.0164664 -0.00735417 -0.00944211  0 -0  0 0 0 0  0.199512 -0.206196 -0.208883  -0.143402  0.108336 0.0509029 0 0 0 0 0 0 0.392595
-4.25219  4.16597  3.67514   0.0180768  0.00161121 -0.00734203  0 -0  0 0 0 0  0.111786 0.0495141 -0.110832   0.0160668 -0.0626158  0.0908354 0 0 0 0 0 0 0.401942
-3.86659  4.74781  3.91856    0.014185  0.00619534 -0.00210684  0 -0  0 0 0 0 -0.0209695     0.1293  0.0830541  0.199244 0.264682 0.149575 0 0 0 0 0 0 0.409915
-4.25351  6.35475  3.53684 0.00336367  0.0125833  0.0194905  0 -0  0 0 0 0 -0.205078  0.173153  0.295726  -0.100444  0.835188 -0.105385 0 0 0 0 0 0 0.434902
-4.77453   8.4109  3.47494 -0.00167616   0.0136885   0.0125076  0 -0  0 0 0 0 -0.162451 0.0980414 0.0508463  -0.198659  0.982115 0.0341861 0 0 0 0 0 0 0.443585
-4.90682  10.7359  3.69603 0.00642411  0.0122063  0.0322482  0 -0  0 0 0 0 0.034181 0.017064  0.35549  -0.0508152    1.18099   0.191202 0 0 0 0 0 0 0.464974
-4.25506   12.944  2.91172 0.00817019  0.0129645  0.0322662  0 -0  0 0 0 0  0.0346758 -0.0273101   0.170461   0.384678   1.27482 -0.280835 0 0 0 0 0 0 0.466878
-3.56108  16.0704  2.12596  0.0209201 0.00798589  0.0131696  0 -0  0 0 0 0   0.235007 -0.0709556  -0.226273  0.461613  1.49313  -0.2511 0 0 0 0 0 0 0.490373
-2.82208  19.3071  1.62143 0.0243941 0.0185714 0.0224647  0 -0  0 0 0 0 0.130715 0.216939 0.101022   0.502541   1.73739 -0.161722 0 0 0 0 0 0 0.504882
-1.62405  22.2613   1.4616 0.0255911 0.0072282 0.0293209  0 -0  0 0 0 0 0.0607406 -0.106439  0.165034    0.647009     1.5874 -0.0638059 0 0 0 0 0 0 0.51819
-0.512673   25.2908   1.42344   0.0223867 -0.00633665    0.019449  0 -0  0 0 0 0 -0.0192166  -0.263182 -0.0885456   0.607015   1.47988 0.0138211 0 0 0 0 0 0 0.53527
0.300905  27.9899 0.912399   0.0322148 -0.00223595    0.031035  0 -0  0 0 0 0   0.133027 0.00771158   0.164167   0.622577   1.54192 -0.229959 0 0 0 0 0 0 0.551007
-0.320567   30.6369 -0.747457  0.0346678 -0.0117949  0.0317796  0 -0  0 0 0 0 0.0917433 -0.197331  0.104625   0.230398   1.41859 -0.668603 0 0 0 0 0 0 0.560904
-0.467548   32.5692  -1.54787  0.0369493 -0.0211438  0.0293971  0 -0  0 0 0 0  0.0803689   -0.24367 -0.0569856   0.189298  0.996159 -0.374763 0 0 0 0 0 0 0.570818
-0.00567621     34.5944    -2.12549  0.0481141 -0.0243596  0.0236225  0 -0  0 0 0 0   0.236434  -0.178891 -0.0957512   0.433197   1.16184 -0.306358 0 0 0 0 0 0 0.583792
-0.26288   36.357 -4.07535  0.0506326 -0.0334142  0.0178678  0 -0  0 0 0 0  0.130211 -0.269076 -0.108005   0.486979  0.960114 -0.726016 0 0 0 0 0 0 0.594812
-0.441644   37.1239  -6.38656 0.0596709  -0.04485 0.0212573  0 -0  0 0 0 0   0.169014   -0.27928 -0.0351011   0.555013  0.480394 -0.839911 0 0 0 0 0 0 0.609778
-1.20414  36.9768 -9.04738  0.0696547 -0.0501729  0.0401429  0 -0  0 0 0 0  0.238361 -0.180969  0.299984  0.556466  0.09503 -1.20219 0 0 0 0 0 0 0.631793
-2.26327  35.2627 -12.4371  0.0775858 -0.0542911  0.0254689  0 -0  0 0 0 0    0.257431   -0.181098 -0.00424065   0.511605 -0.613362  -1.34151 0 0 0 0 0 0 0.648974
-1.61304   33.795  -13.973  0.0884849 -0.0566162  0.0302019  0 -0  0 0 0 0  0.289766 -0.171438 0.0175223   0.711081 -0.641408 -0.742123 0 0 0 0 0 0 0.661082
-0.596855   33.5222   -15.082  0.0949394 -0.0604821  0.0253877  0 -0  0 0 0 0  0.287804 -0.177594 -0.021953   0.980832  -0.27871 -0.620663 0 0 0 0 0 0 0.670014
-0.261909   33.1612    -16.74  0.107668 -0.080415 0.0415487  0 -0  0 0 0 0  0.323526 -0.390997  0.208181   0.717759 -0.197797 -0.662185 0 0 0 0 0 0 0.698658
-0.0907064    31.6154   -17.6431   0.122474 -0.0943899   0.052755  0 -0  0 0 0 0  0.379287 -0.409471  0.253875   0.408953 -0.627796  -0.43484 0 0 0 0 0 0 0.721898
0.0599194   29.6845  -18.8571  0.118829  -0.10269 0.0677826  0 -0  0 0 0 0  0.142515 -0.323585  0.391662   0.449764  -1.05546 -0.572944 0 0 0 0 0 0 0.739448
 0.87975  27.1987 -20.1863 0.126898  -0.1109 0.074424  0 -0  0 0 0 0  0.203513 -0.278842  0.307363   0.648201  -1.18887 -0.571476 0 0 0 0 0 0 0.752738
  1.7765  25.1161 -21.1537  0.130557 -0.129897 0.0790003  0 -0  0 0 0 0  0.155222 -0.462574  0.217129   0.694853  -1.10014 -0.420208 0 0 0 0 0 0 0.772619
 2.13322  21.1796 -22.7767  0.120231 -0.145528  0.108391  0 -0  0 0 0 0 -0.123841 -0.444851  0.549771   0.586038  -2.07322 -0.683092 0 0 0 0 0 0 0.807472
 2.82319  16.2925 -24.7239  0.126592 -0.141291  0.105089  0 -0  0 0 0 0 0.0811868  -0.12788  0.229501   0.577336  -2.22519 -0.725535 0 0 0 0 0 0 0.815797
 3.44534  13.4697 -26.0809  0.124089 -0.152956  0.095421  0 -0  0 0 0 0  0.0180595  -0.280654 -0.0111628  0.556935 -1.66833 -0.61237 0 0 0 0 0 0 0.831153
4.09583 11.6515 -26.655   0.12529 -0.157477 0.0865104  0 -0  0 0 0 0 0.0235221 -0.219589 -0.118462   0.497601  -1.23671 -0.331946 0 0 0 0 0 0 0.841217
4.78119 7.63646 -27.075  0.115988 -0.176415 0.0634189  0 -0  0 0 0 0 -0.161802 -0.386239 -0.352463    0.373518   -1.69449 -0.0668036 0 0 0 0 0 0 0.872497
 6.02615  4.16814 -27.9398  0.113124 -0.187129  0.071009  0 -0  0 0 0 0  -0.139699  -0.336158 -0.0587898   0.580131  -1.74765 -0.255008 0 0 0 0 0 0 0.885935
  6.81797 -0.361611  -28.9198  0.107778 -0.184686 0.0906253  0 -0  0 0 0 0  -0.205914 -0.0147798   0.274004   0.501777  -2.59312 -0.257052 0 0 0 0 0 0 0.906413
  7.8847 -5.91082 -28.7745 0.0880682  -0.17188  0.113304  0 -0  0 0 0 0 -0.399593  0.250478  0.469025  0.532803 -2.62495  0.32997 0 0 0 0 0 0 0.939075
 8.09758 -10.1008 -29.5209 0.0722066 -0.194234  0.116618  0 -0  0 0 0 0 -0.420572  -0.26467  0.366655   0.127868  -2.11282 0.0123075 0 0 0 0 0 0 0.966684
 7.97761 -12.8495 -30.1332 0.0710458 -0.187869  0.106345  0 -0  0 0 0 0   -0.205003 -0.00824332    0.021945   -0.15064  -1.76124 -0.112617 0 0 0 0 0 0 0.978824
 7.97956 -16.4813 -29.7303 0.0682666 -0.189966  0.115479  0 -0  0 0 0 0   -0.11635 -0.0122999   0.184439  0.0161959  -1.82111  0.334056 0 0 0 0 0 0 0.988599
 7.33802  -19.278 -29.4425 0.0519705 -0.196418  0.108995  0 -0  0 0 0 0 -0.302758  -0.10358 0.0611634  -0.197667  -1.28586  0.301036 0 0 0 0 0 0 1.00729
 6.16588 -20.9393  -28.637 0.0507957  -0.19414  0.105125  0 -0  0 0 0 0   -0.17224 0.00957859 -0.0581882  -0.498969 -0.998381  0.525644 0 0 0 0 0 0 1.01193
 4.93114  -24.022 -26.7042 0.0509548  -0.20508 0.0996822  0 -0  0 0 0 0  -0.107616  -0.150307 -0.0320393  -0.338012   -1.4725  0.945158 0 0 0 0 0 0 1.02415
 4.05315 -27.1412 -25.7411 0.0425289 -0.210533  0.112878  0 -0  0 0 0 0 -0.180289 -0.123972  0.164595  -0.243268  -1.27777  0.518783 0 0 0 0 0 0 1.04073
 3.69584 -28.7862 -25.1483 0.0429618 -0.207922 0.0865134  0 -0  0 0 0 0 -0.0769259 -0.0604323  -0.322847  -0.144946  -1.04502  0.421873 0 0 0 0 0 0 1.06722
 3.32327 -30.5664 -23.3252 0.0204029 -0.206822 0.0915582  0 -0  0 0 0 0  -0.393803  0.0199073 -0.0769587  0.143351 -1.08361 0.790038 0 0 0 0 0 0 1.09037
  3.1444 -32.3956 -22.1966 -7.69974e-05    -0.205708    0.0926374  0 -0  0 0 0 0   -0.435587   0.0366473 -0.00316573   0.140878 -0.719979  0.450156 0 0 0 0 0 0 1.1109
 2.97019 -33.3697 -21.4435 0.00429717  -0.201774  0.0728542  0 -0  0 0 0 0 -0.156279 0.0600996 -0.344393  0.0772501 -0.632897  0.448325 0 0 0 0 0 0 1.13154
 2.67578 -35.0214 -19.3635 -0.0203288  -0.206124  0.0731193  0 -0  0 0 0 0  -0.506096 -0.0157896  -0.129125   0.355824 -0.936855    0.8457 0 0 0 0 0 0 1.15655
  2.8338 -36.3727 -18.6873 -0.0530633  -0.214705  0.0768012  0 -0  0 0 0 0  -0.623126 -0.0997232  0.0261642   0.191134 -0.515185  0.285802 0 0 0 0 0 0 1.19059
 2.77193 -35.8604 -18.0694 -0.0432182  -0.217608  0.0653145  0 -0  0 0 0 0 -0.178094 -0.141951 -0.192132  0.128984 0.174467 0.270668 0 0 0 0 0 0 1.206
 1.94457 -34.2549 -16.1341 -0.0806156   -0.21672  0.0849414  0 -0  0 0 0 0  -0.603421 -0.0117757   0.185288  0.164957  0.69586 0.727336 0 0 0 0 0 0 1.24824
0.780715 -32.7762 -13.5154 -0.107529  -0.21418 0.0954169  0 -0  0 0 0 0 -0.576272 0.0324198  0.203034  0.105419  0.57773 0.773156 0 0 0 0 0 0 1.27723
0.143599 -31.8308 -11.1038 -0.100303 -0.202152 0.0815176  0 -0  0 0 0 0 -0.230751  0.271666 -0.118489  0.308357 0.600349  1.28611 0 0 0 0 0 0 1.29698
-1.38525 -28.9329 -5.87317 -0.134839 -0.222021  0.114808  0 -0  0 0 0 0 -0.543879 -0.119145  0.401415  0.545304  1.36797  2.28992 0 0 0 0 0 0 1.3489
  -3.5612  -23.5885 -0.686601 -0.171064 -0.243327  0.106328  0 -0  0 0 0 0 -0.775745  -0.32666  0.145021  0.173802  2.09314  2.12879 0 0 0 0 0 0 1.39178
-4.38791 -18.7634  2.59028 -0.175782  -0.24921  0.103922  0 -0  0 0 0 0 -0.408816 -0.256459 0.0502843  0.181492  2.37946  1.77051 0 0 0 0 0 0 1.39969
-4.89421 -13.9137  4.71117 -0.186553 -0.241426  0.120924  0 -0  0 0 0 0 -0.345854 0.0149905  0.262724  0.113496  2.84941    1.671 0 0 0 0 0 0 1.42127
 -6.2863 -6.73076  6.69222 -0.197444 -0.251986   0.11529  0 -0  0 0 0 0 -0.375468 -0.106967  0.157003  -0.378116   3.44083   1.39097 0 0 0 0 0 0 1.43745
-7.91316 -0.24724  7.56462 -0.195332 -0.256414  0.136407  0 -0  0 0 0 0  -0.10012 -0.110648  0.324381  -0.655217   3.03332  0.798436 0 0 0 0 0 0 1.45913
-9.11775  3.93822   8.3583 -0.185942 -0.256423    0.1199  0 -0  0 0 0 0   0.108539 -0.0596378 -0.0203342  -0.738222   2.56638  0.845697 0 0 0 0 0 0 1.47813
-9.21289  8.38215  9.54534 -0.172726  -0.25149  0.142139  0 -0  0 0 0 0    0.282573 -0.00439454    0.245304  -0.288868   2.21011  0.950309 0 0 0 0 0 0 1.50446
-9.37373  12.2713  10.4613 -0.160939 -0.255805  0.165041  0 -0  0 0 0 0   0.303142 -0.0723369   0.464389  -0.149206    1.8923  0.788262 0 0 0 0 0 0 1.53058
-9.10436  14.5035  10.6134 -0.152089 -0.250842  0.139505  0 -0  0 0 0 0    0.284284 0.000704005  -0.0788935  0.0756353   1.39633   0.36579 0 0 0 0 0 0 1.55806
-8.67045  17.1924  10.3878 -0.148156 -0.251879   0.12655  0 -0  0 0 0 0   0.169311 0.00302732  -0.277007  0.212603  1.26879 0.144523 0 0 0 0 0 0 1.57163
-8.24112  19.9474    9.927 -0.155593 -0.256806  0.129951  0 -0  0 0 0 0 -0.0583889 -0.0623708 -0.0388625   0.327128   1.47646 0.0222484 0 0 0 0 0 0 1.58118
-8.76598  23.6181  8.65587 -0.164787 -0.248883  0.158159  0 -0  0 0 0 0  -0.1964 0.111087 0.354077  0.0706066   2.00346 -0.277273 0 0 0 0 0 0 1.61189
-10.2894  27.4933  7.10631 -0.158228 -0.249157  0.157953  0 -0  0 0 0 0 0.0243219 0.0900071  0.160789  -0.265419   1.95352 -0.339742 0 0 0 0 0 0 1.61846
-11.6325  30.7482  5.70667 -0.143477 -0.248743  0.163972  0 -0  0 0 0 0  0.255185 0.0227597  0.141546  -0.342516    1.9074 -0.334982 0 0 0 0 0 0 1.63439
-13.0853  32.8427  3.78657 -0.131075 -0.253706  0.132557  0 -0  0 0 0 0  0.363374 -0.110566 -0.341618  -0.256506    1.4439 -0.578873 0 0 0 0 0 0 1.66853
-13.727 34.5317 1.68725 -0.105853 -0.253629  0.136425  0 -0  0 0 0 0   0.523149 -0.0904905  -0.145317   0.114036    1.0771 -0.595888 0 0 0 0 0 0 1.69405
 -14.3409   36.3017 -0.370007 -0.0884545  -0.259107   0.135992  0 -0  0 0 0 0   0.565779  -0.143007 -0.0634573   0.327042   1.22976 -0.680692 0 0 0 0 0 0 1.71229
-16.4237  38.2716 -3.90809 -0.0753114  -0.257998   0.130092  0 -0  0 0 0 0   0.460938 -0.0629183  -0.137921   0.11208  1.36483 -1.03275 0 0 0 0 0 0 1.72674
-18.3398  39.8591  -6.6989 -0.0418192  -0.248697   0.124185  0 -0  0 0 0 0  0.717062  0.128873 -0.196992  -0.024628   1.12048 -0.830754 0 0 0 0 0 0 1.762
 -19.672  41.9415 -9.25021 -0.0350715  -0.250814   0.110251  0 -0  0 0 0 0    0.546088 0.000373167   -0.306606   0.169898    1.4999 -0.752664 0 0 0 0 0 0 1.77763
-22.5383  44.3695 -13.3971 -0.0236759  -0.255495   0.097846  0 -0  0 0 0 0  0.394647 -0.087896 -0.351488   0.034956   1.62792 -0.908895 0 0 0 0 0 0 1.79511
-24.3442   46.357 -16.4707 0.00143248  -0.250944  0.0856799  0 -0  0 0 0 0  0.562225  0.019168 -0.398066   0.149845   1.43547 -0.668167 0 0 0 0 0 0 1.82338
-26.3183  48.2584 -20.0475 0.0171175 -0.260546 0.0788281  0 -0  0 0 0 0  0.623112 -0.196159 -0.338647   0.415786   1.77411 -0.871367 0 0 0 0 0 0 1.84301
-30.0969  50.6093 -26.3741 0.0321117 -0.265006 0.0626072  0 -0  0 0 0 0  0.479833 -0.161606  -0.37536  0.442192  1.78791 -1.05975 0 0 0 0 0 0 1.86554
-31.4591  51.8645 -29.4901 0.0734812 -0.251798 0.0552996  0 -0  0 0 0 0  0.838239  0.132723 -0.344731  0.509589  1.35532 -0.68064 0 0 0 0 0 0 1.90958
-32.9142  52.5934 -33.1122 0.0924769 -0.255091 0.0574957  0 -0  0 0 0 0  0.846553 0.0106972 -0.148693    0.88873   1.40854 -0.927547 0 0 0 0 0 0 1.92898
-36.1257  52.8784 -39.5194  0.119282 -0.255986 0.0389278  0 -0  0 0 0 0   0.726234 -0.0247499  -0.300977   0.77285  1.10728 -1.16547 0 0 0 0 0 0 1.9616
-36.4253  51.9604 -40.5585  0.176908 -0.243164 0.0327092  0 -0  0 0 0 0   1.22452  0.221584 -0.278121   0.422155  0.309013 -0.763567 0 0 0 0 0 0 2.02096
-36.3644  50.5261 -41.6541  0.179112 -0.252263 0.0574663  0 -0  0 0 0 0    0.77428 -0.0194574   0.332461   0.540894  -0.27614 -0.791246 0 0 0 0 0 0 2.04743
-34.7279   48.232 -42.8474  0.189547 -0.252584 0.0316929  0 -0  0 0 0 0   0.484695 -0.0579053  -0.176002   0.849432 -0.457679 -0.785295 0 0 0 0 0 0 2.07524
-33.1381   47.185 -43.4359  0.200346 -0.268323 0.0255694  0 -0  0 0 0 0  0.414688 -0.351354 -0.190321     1.0748 -0.380559 -0.522278 0 0 0 0 0 0 2.09528
-30.9533  45.1864 -44.5034  0.186551 -0.291833 0.0454185  0 -0  0 0 0 0 0.0701513 -0.640541  0.284565    1.76972 -0.640938  -0.90031 0 0 0 0 0 0 2.129
-26.7185  42.2957 -45.8465  0.186298 -0.305352 0.0256817  0 -0  0 0 0 0 0.0633688 -0.443593 -0.132431    1.92151 -0.747312 -0.889954 0 0 0 0 0 0 2.15293
-23.8001  41.1356 -45.8765  0.194234  -0.30448 0.0276412  0 -0  0 0 0 0  0.191602 -0.226277 -0.051777    1.73077  -0.60684 -0.448626 0 0 0 0 0 0 2.16115
-20.2579   39.311 -46.0307  0.196901 -0.307327   0.03835  0 -0  0 0 0 0  0.159102 -0.137948  0.224882    2.24189 -0.874954 -0.452184 0 0 0 0 0 0 2.17255
-15.5277  37.2103 -46.5465  0.200646 -0.315735 0.0520557  0 -0  0 0 0 0 0.0922554 -0.158978  0.255399    2.03151 -0.766642 -0.414301 0 0 0 0 0 0 2.18906
-13.5481  36.1316 -46.7786  0.199496 -0.316976 0.0496913  0 -0  0 0 0 0 0.0845038 -0.113629  0.136791    1.43285 -0.620867 -0.298619 0 0 0 0 0 0 2.19196
-11.2801  34.8348 -46.8288  0.214405  -0.32628 0.0590227  0 -0  0 0 0 0  0.267049 -0.212815  0.232227    1.46658  -0.71315 -0.225683 0 0 0 0 0 0 2.21186
-7.95329  33.2589 -45.9453  0.221217 -0.360877  0.072966  0 -0  0 0 0 0  0.161301 -0.553338  0.258544    1.19112 -0.679903   0.11887 0 0 0 0 0 0 2.24978
-5.95191  31.5062 -44.6455  0.227283 -0.365835 0.0827518  0 -0  0 0 0 0  0.209988 -0.370535  0.284904   0.825335 -0.942424  0.401106 0 0 0 0 0 0 2.26231
-3.67407  28.0666 -43.1011  0.231025 -0.370342  0.111929  0 -0  0 0 0 0 0.0868158 -0.174342  0.648837  0.867091 -1.83579 0.684746 0 0 0 0 0 0 2.29207
0.210611  23.7293 -42.2071  0.232404 -0.357508   0.11831  0 -0  0 0 0 0 0.0561001 0.0771581  0.391205     1.318 -1.82002 0.311021 0 0 0 0 0 0 2.30647
  2.3125  21.8525 -42.7956  0.220556 -0.377646  0.121038  0 -0  0 0 0 0 -0.229723 -0.331153  0.335038    1.36057  -1.28563 -0.168609 0 0 0 0 0 0 2.33
4.06519 20.0387 -43.606  0.205892 -0.379657  0.127303  0 -0  0 0 0 0 -0.343748 -0.201323  0.293695    1.27745  -1.19522 -0.348129 0 0 0 0 0 0 2.34607
 5.48156  16.2028 -43.1923  0.187922 -0.399421  0.137997  0 -0  0 0 0 0 -0.411078 -0.323283    0.2433  0.648486  -1.4471 0.244206 0 0 0 0 0 0 2.37484
 6.27464  13.2739 -42.4959  0.179362 -0.404181  0.139759  0 -0  0 0 0 0 -0.311073 -0.241493   0.14843  0.42432 -1.5959 0.52007 0 0 0 0 0 0 2.38479
 7.73813  9.55523 -41.1222  0.178605 -0.397289  0.142325  0 -0  0 0 0 0 -0.214917 0.0420509  0.104452  0.624092 -2.05438 0.996816 0 0 0 0 0 0 2.39219
 9.97066  4.62781 -39.4899  0.165308 -0.395254  0.141045  0 -0  0 0 0 0 -0.288139 0.0374272 0.0265223   0.80325 -1.96378 0.975351 0 0 0 0 0 0 2.4057
 10.8441   1.1395 -39.5211  0.143766 -0.405294  0.133547  0 -0  0 0 0 0  -0.513969  -0.126159 -0.0305468  0.488016 -1.82893 0.396652 0 0 0 0 0 0 2.43062
 11.2719 -2.48635 -39.9981  0.123939 -0.393769  0.139111  0 -0  0 0 0 0 -0.611588   0.21753 0.0723533  0.276341 -2.17519 0.192019 0 0 0 0 0 0 2.45422
 11.9787  -5.8593 -40.0417 0.0959633 -0.369869  0.175196  0 -0  0 0 0 0 -0.639025  0.476383  0.525094  0.305782 -1.66238 0.276901 0 0 0 0 0 0 2.50576
 12.2128 -7.54079 -40.2968 0.0764294 -0.378937   0.18198  0 -0  0 0 0 0 -0.565844 0.0225267  0.421574  0.135666 -0.91362 0.119108 0 0 0 0 0 0 2.52834
 11.8688 -7.78687 -40.2051 0.0656977 -0.372978  0.168028  0 -0  0 0 0 0  -0.459042  0.0762921 0.00512037  -0.154424 -0.378416 0.0783821 0 0 0 0 0 0 2.54692
 11.7091 -10.2132 -39.7866 0.0661419 -0.383908  0.139226  0 -0  0 0 0 0 -0.219247 -0.142966 -0.360364  -0.0636831  -0.903904   0.343711 0 0 0 0 0 0 2.57773
 12.4219 -12.7246 -40.0171 0.0622601 -0.389357  0.155021  0 -0  0 0 0 0  -0.16913 -0.148137 0.0290462  0.214824 -1.11318 0.164292 0 0 0 0 0 0 2.59488
 12.9931 -14.9525  -40.195 0.0531759 -0.381668  0.158675  0 -0  0 0 0 0 -0.25013  0.12249 0.104194  0.303747 -1.31068 0.209781 0 0 0 0 0 0 2.60733
 13.8089 -18.6242 -40.2637 0.0464917 -0.381736  0.148414  0 -0  0 0 0 0   -0.25278  0.0654287 -0.0715192  0.385086 -1.68204 0.344943 0 0 0 0 0 0 2.61958
 14.3123 -21.5909 -40.4202 0.0290109 -0.376934  0.149165  0 -0  0 0 0 0 -0.371554  0.100357 0.0352895  0.197463 -1.25351   0.2538 0 0 0 0 0 0 2.63772
 14.2364 -22.9345  -40.155 0.0236978 -0.372713  0.141325  0 -0  0 0 0 0 -0.291924  0.116955 -0.124459  0.0343628  -0.94427  0.346272 0 0 0 0 0 0 2.64809
 14.0773 -25.0119 -39.1116 0.00483307  -0.380213    0.14023  0 -0  0 0 0 0  -0.439033 -0.0612269 -0.0762735   0.113116 -0.978019  0.623434 0 0 0 0 0 0 2.66842
 14.0667 -27.1837   -38.29 -0.0163067  -0.380762   0.152779  0 -0  0 0 0 0  -0.477155 -0.0327064   0.155056   0.11573 -0.76725 0.508233 0 0 0 0 0 0 2.69301
 13.8348 -28.3874 -37.4404 -0.0235624  -0.377284   0.147645  0 -0  0 0 0 0  -0.398934  0.0533928 -0.0101573  0.0835925 -0.711797  0.672178 0 0 0 0 0 0 2.70256
 13.5556 -30.5431 -35.4634 -0.0413456  -0.383992   0.143129  0 -0  0 0 0 0  -0.512199 -0.0661759 -0.0599091   0.272944 -0.895514   1.03302 0 0 0 0 0 0 2.72209
 13.9083 -32.9183 -34.5126 -0.0658554  -0.391638   0.166872  0 -0  0 0 0 0 -0.533212 -0.122232  0.291696   0.271301 -0.772785  0.558499 0 0 0 0 0 0 2.75706
 14.5758 -33.4382 -34.0852 -0.0666423  -0.392981   0.146896  0 -0  0 0 0 0 -0.331509  -0.15753  -0.16074  0.498639 -0.43575 0.388389 0 0 0 0 0 0 2.7771
 15.7764  -34.242 -32.6133 -0.0894463  -0.396574   0.143506  0 -0  0 0 0 0 -0.545521 -0.128232  -0.15843   0.946757 -0.364697  0.655203 0 0 0 0 0 0 2.80043
 16.8088 -35.1935 -31.1823 -0.126503 -0.403964  0.144146  0 -0  0 0 0 0  -0.712187   -0.13688 -0.0225983   0.692286 -0.227443   0.51919 0 0 0 0 0 0 2.83822
 16.8721 -35.4369 -29.8572 -0.126689 -0.401591  0.140044  0 -0  0 0 0 0    -0.448694 -0.000221043   -0.0912593      0.6123 -0.0504133   0.761348 0 0 0 0 0 0 2.84296
 17.4051 -35.3927 -26.5039 -0.159114 -0.413229  0.152221  0 -0  0 0 0 0 -0.719754 -0.184632  0.155172    1.1388 0.245788  1.21899 0 0 0 0 0 0 2.8795
  18.655 -35.7933 -24.2178 -0.202868 -0.430083  0.173021  0 -0  0 0 0 0 -0.840215 -0.268203  0.317646   0.900462 0.0859908  0.715748 0 0 0 0 0 0 2.9308
 18.8977 -35.7036 -23.0214 -0.206168 -0.429506  0.169228  0 -0  0 0 0 0 -0.554191 -0.153469   0.10239  0.677699 0.227376 0.675565 0 0 0 0 0 0 2.93586
  19.051 -34.7037 -19.5149 -0.241493 -0.433915  0.185662  0 -0  0 0 0 0 -0.801716 -0.102533  0.300967    1.0967 0.774858  1.17542 0 0 0 0 0 0 2.97507
 17.0914 -32.6215 -14.5315  -0.29928 -0.443063  0.170676  0 -0  0 0 0 0     -1.08967    -0.135675 -0.000968601  0.422482   1.1213  1.14414 0 0 0 0 0 0 3.03546
 14.6571 -30.0022 -10.3365   -0.2927 -0.432395   0.17001  0 -0  0 0 0 0 -0.563974   0.15303 -0.091743  -0.132351   2.08923    1.7368 0 0 0 0 0 0 3.04801
 10.5971 -26.0479 -3.17148 -0.300249 -0.462996   0.19566  0 -0  0 0 0 0 -0.292063  -0.33878  0.344636  -0.306261   2.78811   2.65729 0 0 0 0 0 0 3.08865
 7.39175 -22.0156  3.21982 -0.296853 -0.491753  0.216692  0 -0  0 0 0 0 -0.0829932  -0.565577   0.408893  -0.272532   2.29606   2.35272 0 0 0 0 0 0 3.12444
 5.65606 -19.0622  7.35183 -0.302603 -0.511979  0.223862  0 -0  0 0 0 0 -0.105495 -0.621367   0.33114  -0.196478      1.97   2.03074 0 0 0 0 0 0 3.14666
4.46076 -16.645  8.8028 -0.298791 -0.484991  0.213511  0 -0  0 0 0 0 0.00951322  0.0377206  0.0955166  -0.333825   1.66002    1.1456 0 0 0 0 0 0 3.17581
 4.0605 -13.729 9.43626 -0.295426 -0.497412  0.227856  0 -0  0 0 0 0 0.0100177 -0.182603  0.225739  -0.210713   1.48363  0.375781 0 0 0 0 0 0 3.19508
 3.87265 -11.1436  9.51547 -0.299675 -0.494329  0.227943  0 -0  0 0 0 0 -0.0472991 -0.0079871   0.138418     -0.125224      1.37435 -8.88946e-05 0 0 0 0 0 0 3.20033
 3.23719 -8.52848  10.0676 -0.304643 -0.486051   0.23297  0 -0  0 0 0 0 -0.112387  0.159516  0.138061  -0.264391   1.42902  0.190862 0 0 0 0 0 0 3.21122
 2.14477 -5.72033  10.7541 -0.303147 -0.487706  0.223079  0 -0  0 0 0 0 -0.0315967  0.0520948 -0.0690123  -0.413094   1.43097  0.259791 0 0 0 0 0 0 3.22136
  1.3787 -2.85979  11.1099 -0.294852  -0.47991  0.211386  0 -0  0 0 0 0 0.153498  0.14944 -0.22192  -0.412137   1.50301  0.139214 0 0 0 0 0 0 3.23768
0.300332 0.657096  11.1788 -0.290927 -0.470761   0.22401  0 -0  0 0 0 0 0.164144 0.241267 0.065936  -0.529946   1.78674 0.0315848 0 0 0 0 0 0 3.25376
-0.794769   4.11026   10.7773 -0.273949 -0.472871  0.225673  0 -0  0 0 0 0  0.329221 0.0668354  0.062839   -0.52053   1.73555 -0.140561 0 0 0 0 0 0 3.27094
-2.10719  7.13266  10.1227 -0.248749 -0.477092   0.23033  0 -0  0 0 0 0   0.615564 -0.0726785  0.0529508  -0.655182   1.69695 -0.313669 0 0 0 0 0 0 3.29692
-3.60754   10.058  8.42368 -0.223823  -0.46486  0.219948  0 -0  0 0 0 0  0.707499  0.151147 -0.099924  -0.630204   1.59268 -0.709339 0 0 0 0 0 0 3.32656
-4.90577  12.6761  6.56552 -0.187972 -0.455265  0.220898  0 -0  0 0 0 0   0.872655    0.22602 -0.0791433  -0.487315   1.37093 -0.770296 0 0 0 0 0 0 3.36368
-6.65768  14.1952  4.53836 -0.156554  -0.45576  0.243774  0 -0  0 0 0 0  0.927975 0.0983023  0.294134  -0.649255   1.08075 -0.985874 0 0 0 0 0 0 3.40255
-8.7278 14.7989 1.55506 -0.129651 -0.436678  0.224168  0 -0  0 0 0 0    0.86481   0.331751 -0.0800376  -0.670116  0.652473  -1.34434 0 0 0 0 0 0 3.44092
-11.0491  15.7748 -1.06508 -0.103847 -0.419935  0.211897  0 -0  0 0 0 0  0.795322  0.418319 -0.231814  -0.750465  0.665245  -1.17386 0 0 0 0 0 0 3.47404
-13.1564  17.0107 -3.20685 -0.0949616   -0.41051   0.203834  0 -0  0 0 0 0   0.51987  0.366442 -0.219701  -0.846732  0.870178  -1.00141 0 0 0 0 0 0 3.4893
-15.8131  17.5785 -5.67058 -0.0766042  -0.404815    0.18707  0 -0  0 0 0 0    0.5328  0.243673 -0.332752  -0.952256  0.651384  -1.08286 0 0 0 0 0 0 3.5148
-18.2043  17.9706 -7.69324 -0.0543426   -0.39653   0.180507  0 -0  0 0 0 0  0.587049  0.209931 -0.264458  -0.882925  0.505197 -0.892005 0 0 0 0 0 0 3.53944
-20.1847  19.1515 -9.31307 -0.0437777  -0.393079   0.162773  0 -0  0 0 0 0  0.473356  0.142304 -0.392599  -0.850127  0.825266 -0.642749 0 0 0 0 0 0 3.56037
-22.5976  20.1292 -11.4202 -0.0271383  -0.389226   0.153532  0 -0  0 0 0 0   0.48557  0.119709 -0.329124  -0.855593  0.834236 -0.745302 0 0 0 0 0 0 3.57979
-24.9818  20.9615 -13.7593 -0.00632722   -0.388388    0.144586  0 -0  0 0 0 0  0.545272 0.0616136 -0.290117  -0.80693 0.829712 -0.81375 0 0 0 0 0 0 3.60246
-27.1701  22.0554 -16.4367 0.0124416 -0.391696  0.125132  0 -0  0 0 0 0   0.621691 -0.0595828  -0.465744  -0.704892   1.11892  -0.98675 0 0 0 0 0 0 3.62969
     -30   22.418 -19.9881 0.0383339 -0.390246  0.100367  0 -0  0 0 0 0   0.715896 -0.0139934   -0.56625  -0.711272  0.991506  -1.27635 0 0 0 0 0 0 3.66555
-32.4215   22.551 -23.4673 0.0668785 -0.379728 0.0914202  0 -0  0 0 0 0 0.773848 0.157918 -0.41099  -0.634712  0.945088  -1.37657 0 0 0 0 0 0 3.69726
-34.7018  23.0364 -26.8399 0.0961075 -0.373371 0.0724371  0 -0  0 0 0 0 0.872563 0.180061 -0.50312  -0.558017   1.15063  -1.32649 0 0 0 0 0 0 3.73269
-37.0992  22.8118 -30.4436   0.12892 -0.371393 0.0476575  0 -0  0 0 0 0  0.913296  0.109515 -0.571047  -0.499065  0.924211  -1.37521 0 0 0 0 0 0 3.77385
-38.9104  22.4265 -32.8236  0.172149 -0.358089 0.0345226  0 -0  0 0 0 0   1.15481  0.258782 -0.520586  -0.513399  0.710572  -1.19715 0 0 0 0 0 0 3.82095
-41.0127  23.1721 -35.6273   0.190586  -0.355896 0.00505257  0 -0  0 0 0 0  0.937018  0.150122 -0.710745   -0.55823   1.14086 -0.955015 0 0 0 0 0 0 3.85578
-43.2424  23.6771 -39.0127   0.221036  -0.355936 -0.0105968  0 -0  0 0 0 0  0.821484 0.0619763 -0.516041  -0.416999   1.08791 -0.902191 0 0 0 0 0 0 3.89002
-44.8047  23.3941 -41.3588   0.253704  -0.360787 -0.0215703  0 -0  0 0 0 0   0.954224 -0.0483403  -0.443403  -0.382919  0.898244  -1.00067 0 0 0 0 0 0 3.92482
-46.5496  22.4602 -45.0702    0.25163  -0.375679 -0.0302853  0 -0  0 0 0 0  0.570307 -0.301121 -0.409609  -0.276529    1.0914  -1.72932 0 0 0 0 0 0 3.9422
-48.2124    20.78 -49.8101    0.27479  -0.385725 -0.0559924  0 -0  0 0 0 0  0.552771 -0.251636 -0.466074  -0.0512673   0.887852    -1.6864 0 0 0 0 0 0 3.97823
-47.6602  20.1209 -51.4203    0.31948  -0.381959 -0.0550385  0 -0  0 0 0 0   1.00586 -0.178338 -0.248283  0.420146 0.671566 -1.17016 0 0 0 0 0 0 4.02309
-47.3607  19.4883 -54.2665   0.314505  -0.398617 -0.0553158  0 -0  0 0 0 0  0.574357 -0.401391 -0.108326  0.753286 0.983592 -1.43057 0 0 0 0 0 0 4.04048
-44.6625  18.4871 -57.7374   0.343787  -0.421216 -0.0789678  0 -0  0 0 0 0  0.613739 -0.440225 -0.270951    1.2119 0.689609  -1.1509 0 0 0 0 0 0 4.08438
-42.1548  18.2672 -57.9418   0.385826  -0.406601 -0.0668909  0 -0  0 0 0 0   0.992031 -0.0526341  0.0421247    1.46901  0.301035 -0.510317 0 0 0 0 0 0 4.1305
-39.3521  18.2159 -59.0131   0.369869  -0.417078 -0.0379152  0 -0  0 0 0 0   0.32492 -0.181711  0.666858    2.02815  0.449529 -0.407872 0 0 0 0 0 0 4.1652
-34.1192  17.8084 -59.8588   0.381538  -0.440012 -0.0227831  0 -0  0 0 0 0  0.263881 -0.370774  0.443376    1.94159  0.145224 -0.316637 0 0 0 0 0 0 4.19505
-31.4746  17.1132 -58.7116   0.398055  -0.430357 -0.0189586  0 -0  0 0 0 0    0.474572 -0.00929846    0.205481    1.57994 -0.446146 0.0973863 0 0 0 0 0 0 4.21456
-27.5779   15.956 -57.2415    0.373366    -0.43062 -0.00991202  0 -0  0 0 0 0  -0.194657 0.00860693   0.333387   2.09331 -1.02663 0.509257 0 0 0 0 0 0 4.24085
-22.3237  14.5888 -55.7253  0.352515 -0.420897 0.0181599  0 -0  0 0 0 0 -0.386533  0.138694  0.459295    1.87152 -0.754858  0.309934 0 0 0 0 0 0 4.27715
-19.9303  13.2137 -55.5998  0.335337 -0.445113 0.0200546  0 -0  0 0 0 0 -0.481973 -0.327706  0.332837     1.56397  -0.808836 -0.0740635 0 0 0 0 0 0 4.3069
-16.3533  11.1691 -55.7344  0.323543 -0.462885 0.0433346  0 -0  0 0 0 0 -0.445319  -0.51207  0.588386    2.08985  -1.04695 -0.366368 0 0 0 0 0 0 4.33847
-11.5768   9.8154 -56.0607  0.303224 -0.479095 0.0898774  0 -0  0 0 0 0 -0.452958 -0.403184  0.806378   1.91571 -0.60091 -0.29027 0 0 0 0 0 0 4.39178
-9.02468  9.34338 -55.5405  0.302819 -0.480235  0.100113  0 -0  0 0 0 0 -0.142158 -0.236654  0.564594    1.60834 -0.373439  0.162777 0 0 0 0 0 0 4.40209
-5.59057  9.65422 -53.9553  0.316006 -0.485258 0.0950703  0 -0  0 0 0 0  0.151773 -0.217521  0.254014     1.91429 -0.0462997   0.810964 0 0 0 0 0 0 4.41707
-1.16231  10.1881 -52.0484  0.315492 -0.495223  0.122841  0 -0  0 0 0 0 0.0395136 -0.216555  0.437583   1.67067 0.127104  0.75503 0 0 0 0 0 0 4.44658
   1.325  10.3124 -50.9839 0.306835 -0.49945 0.120794  0 -0  0 0 0 0 -0.129763  -0.15611  0.217101   1.45277 0.074332 0.633005 0 0 0 0 0 0 4.45643
 4.61152  9.78272 -49.4352  0.302026 -0.495011   0.12989  0 -0  0 0 0 0  -0.18218 0.0400357  0.290632    1.76639 -0.183396  0.926626 0 0 0 0 0 0 4.46764
 9.13717  8.81845 -46.8317  0.273985 -0.494605  0.147019  0 -0  0 0 0 0 -0.497587 0.0330546  0.332298    1.67289 -0.236629   1.06239 0 0 0 0 0 0 4.5005
 11.8423  8.15038 -45.4779  0.246878 -0.499994  0.152846  0 -0  0 0 0 0  -0.722762 -0.0715718   0.317072   1.42931 -0.22701 0.830172 0 0 0 0 0 0 4.52874
14.5097 7.16493 -44.214  0.220744 -0.499079  0.171192  0 -0  0 0 0 0 -0.862945 0.0168393  0.506733    1.56987 -0.355285  0.931639 0 0 0 0 0 0 4.56069
17.9372 6.48498 -42.581  0.181151 -0.502608   0.22819  0 -0  0 0 0 0 -0.877567 -0.039143  0.978096    1.41032 -0.153408  0.756315 0 0 0 0 0 0 4.63018
 19.2833   6.1224 -41.8309  0.14475 -0.51435 0.232803  0 -0  0 0 0 0  -1.00129 -0.204149  0.638777    0.820738 -0.0696494   0.485644 0 0 0 0 0 0 4.6687
  20.456  5.82864 -41.0702   0.12624 -0.509973  0.240156  0 -0  0 0 0 0  -0.857402 -0.0374354    0.46797   0.734856 -0.062935  0.512268 0 0 0 0 0 0 4.68909
 23.0046  4.14298 -39.9159  0.104267 -0.515844  0.234673  0 -0  0 0 0 0 -0.674159 -0.120979  0.165526    0.96303 -0.387726  0.674635 0 0 0 0 0 0 4.71249
 25.1948  2.88847 -39.4891 0.0869393 -0.526538   0.24334  0 -0  0 0 0 0 -0.563137 -0.218751   0.19324    1.06418 -0.486792  0.484559 0 0 0 0 0 0 4.73462
 27.4186  1.20343 -39.3601 0.0765618 -0.521059  0.257071  0 -0  0 0 0 0 -0.517047 0.0215936  0.373781    1.33164 -0.821899  0.558975 0 0 0 0 0 0 4.75268
 30.3621 -1.47064  -39.742 0.0633745 -0.522225  0.268809  0 -0  0 0 0 0  -0.407412 -0.0233092   0.338126   1.29029 -1.01747 0.450006 0 0 0 0 0 0 4.77037
  31.902 -3.59325   -40.35 0.0369115 -0.521218  0.257349  0 -0  0 0 0 0 -0.597381 0.0122221 0.0465429  0.805104 -1.01586 0.284538 0 0 0 0 0 0 4.79923
  32.767 -6.11966 -41.5659 0.0145074 -0.511922  0.270713  0 -0  0 0 0 0 -0.733082  0.262496   0.22955  0.556009 -1.66404  0.26014 0 0 0 0 0 0 4.82692
 34.3954 -11.0636 -43.8716 -0.00257922   -0.500177    0.252492  0 -0  0 0 0 0 -0.633356  0.287951 -0.145878   0.56549 -2.22658  0.35721 0 0 0 0 0 0 4.85453
 36.4075 -14.8211 -46.2329 -0.0277843   -0.50468   0.251866  0 -0  0 0 0 0  -0.608493  0.0177491 -0.0450628  0.590988 -1.82324 0.151626 0 0 0 0 0 0 4.88014
 36.4623 -17.3089  -46.794 -0.053451 -0.510798  0.261317  0 -0  0 0 0 0  -0.804322 -0.0497995  0.0631445  0.193336 -1.76842 0.589376 0 0 0 0 0 0 4.90817
 36.4954  -21.317 -46.5988 -0.0891036  -0.526146   0.265555  0 -0  0 0 0 0 -0.913799 -0.257058  0.113469  0.0963056  -1.67072   1.08959 0 0 0 0 0 0 4.94721
 35.5567 -24.7709 -45.9929 -0.133132 -0.532978  0.251133  0 -0  0 0 0 0  -0.952532   -0.18885 -0.0811536  -0.200007  -1.01318  0.964256 0 0 0 0 0 0 4.99404
 34.0078 -26.5438 -45.1167 -0.153331 -0.523393  0.243361  0 -0  0 0 0 0 -0.894259  0.108407 -0.230666  -0.706143 -0.895589   1.17809 0 0 0 0 0 0 5.01771
 31.5679 -29.6346 -43.7355 -0.165681  -0.52209  0.246447  0 -0  0 0 0 0   -0.657291   0.0841248 -0.00380113  -0.916166  -1.02138   1.41943 0 0 0 0 0 0 5.03051
 29.8455 -33.0712 -42.7831 -0.193437 -0.523615  0.274524  0 -0  0 0 0 0  -0.600024 0.00776277   0.335924  -0.524222 -0.884763  0.939179 0 0 0 0 0 0 5.07002
 29.7454 -33.7201 -42.6402 -0.196837 -0.514644  0.244678  0 -0  0 0 0 0 -0.433119 0.0558739 -0.323668  -0.246954  -0.55233  0.501749 0 0 0 0 0 0 5.10137
 29.3444 -36.4464  -41.835 -0.203161 -0.511695  0.213245  0 -0  0 0 0 0 -0.407455   0.13994 -0.705353  -0.123996  -0.94237  0.911506 0 0 0 0 0 0 5.13357
 29.1377 -39.7026 -41.1545 -0.219936 -0.507541  0.213239  0 -0  0 0 0 0 -0.365566 0.0900863 -0.259496  0.0258357  -0.85038  0.725928 0 0 0 0 0 0 5.15085
 28.3696 -40.8227 -39.9782 -0.226052 -0.505123  0.203199  0 -0  0 0 0 0 -0.348493 0.0962836 -0.380576  -0.0140561  -0.624307    0.98362 0 0 0 0 0 0 5.16285
   26.95 -41.5725 -36.1929 -0.25424 -0.51003 0.211306  0 -0  0 0 0 0  -0.535562 -0.0472032 -0.0368122     0.42525 -0.0202928    1.49698 0 0 0 0 0 0 5.19259
 25.2976 -42.3673 -31.8331 -0.286083 -0.511183  0.225083  0 -0  0 0 0 0  -0.599544 -0.0230428   0.168819   0.41588 0.222577  1.12988 0 0 0 0 0 0 5.22731
 24.3153 -41.9722 -29.7165 -0.294181 -0.502771  0.207825  0 -0  0 0 0 0 -0.504437   0.10068 -0.240993  0.289089 0.582277  1.08845 0 0 0 0 0 0 5.24814
 21.8044 -41.2465  -24.016 -0.327173 -0.514491  0.209154  0 -0  0 0 0 0 -0.726952 -0.110005  -0.12338  0.61502 1.12328 1.85689 0 0 0 0 0 0 5.28318
 18.1594 -40.0672  -16.931 -0.377677 -0.511677  0.202245  0 -0  0 0 0 0 -0.907645 0.0301731 -0.132936  0.345746   1.0125  1.58996 0 0 0 0 0 0 5.33423
 15.7405 -39.0357 -12.9538 -0.386706 -0.497484   0.19105  0 -0  0 0 0 0 -0.745937  0.323191 -0.322827  0.0699306   1.29052   1.99303 0 0 0 0 0 0 5.35444
  11.546 -37.3212 -5.33933 -0.405941 -0.504832   0.19653  0 -0  0 0 0 0  -0.667682   0.128239 -0.0844333  0.207729  1.71221  2.89796 0 0 0 0 0 0 5.37574
 7.17378 -34.4212  2.41223 -0.430675  -0.50833  0.210055  0 -0  0 0 0 0  -0.631018 0.00109479   0.130714  0.0532334   1.57453   2.39283 0 0 0 0 0 0 5.40415
 5.52798 -31.2413  6.76748 -0.439644 -0.502025  0.186916  0 -0  0 0 0 0 -0.454631 0.0447622 -0.268542  0.35533 2.10922 2.13694 0 0 0 0 0 0 5.42976
 3.84249 -26.7078  11.8223 -0.445725 -0.508502  0.195322  0 -0  0 0 0 0  -0.290194 -0.0485644 -0.0512726  0.430981  2.59523  2.27785 0 0 0 0 0 0 5.44199
 1.97997 -20.7156  17.5227 -0.441796 -0.517315  0.184763  0 -0  0 0 0 0 -0.074796  -0.14748 -0.125032  0.292043  2.96077  2.36352 0 0 0 0 0 0 5.45629
0.408418 -15.2276  22.0785 -0.433628 -0.536312  0.198791  0 -0  0 0 0 0  0.125817 -0.376545 0.0983298  0.00151783    2.76238     2.0419 0 0 0 0 0 0 5.48128
-0.373868  -10.9758   24.6252 -0.425613 -0.523742  0.193116  0 -0  0 0 0 0    0.218096 -0.00570145  0.00963065  -0.0795889     2.6844    1.68921 0 0 0 0 0 0 5.49723
-0.654519  -6.00483    27.331 -0.420658 -0.522173  0.206027  0 -0  0 0 0 0  0.161958 0.0210447  0.167189  -0.00207394     2.47635     1.40322 0 0 0 0 0 0 5.51115
-1.10738 -2.28042  28.6073 -0.418374 -0.531072  0.219357  0 -0  0 0 0 0  0.124648 -0.128061  0.240762  -0.153601   2.00031  0.769451 0 0 0 0 0 0 5.52734
-0.750437   1.71231   29.6915 -0.419074 -0.534247  0.236838  0 -0  0 0 0 0 0.0561642 -0.113669  0.374455  0.129077  2.20145 0.668753 0 0 0 0 0 0 5.54512
-0.303508    6.4002   30.9702 -0.415946 -0.541036  0.248993  0 -0  0 0 0 0  0.071041 -0.161573  0.355326  0.162015  2.22949  0.64316 0 0 0 0 0 0 5.55939
0.272787  10.8777  32.1748 -0.403647 -0.541646  0.240389  0 -0  0 0 0 0  0.303794  -0.10276 0.0168763   0.17696   2.3974 0.623131 0 0 0 0 0 0 5.57441
0.534491  15.5627  32.2449 -0.390852 -0.528607  0.237521  0 -0  0 0 0 0   0.393386   0.159211 -0.0309042  0.173783  2.51922 0.111057 0 0 0 0 0 0 5.5929
1.14935 19.9513 31.8942 -0.362929 -0.521875  0.240598  0 -0  0 0 0 0   0.584139     0.1594 -0.0112318   0.309576   2.12633 -0.126004 0 0 0 0 0 0 5.62179
0.592887  22.7511   30.569 -0.330866 -0.524004  0.281211  0 -0  0 0 0 0  0.765372 0.0476357  0.602498   0.104642   1.72485 -0.622896 0 0 0 0 0 0 5.67358
0.0286102   25.0715   28.6027 -0.297716 -0.522062  0.266558  0 -0  0 0 0 0  0.969938 0.0163515  0.128936   0.144087   1.40211 -0.956321 0 0 0 0 0 0 5.70987
-0.261868   27.6223   26.4627 -0.258714 -0.510158  0.278621  0 -0  0 0 0 0 0.989016  0.18584  0.19225   0.242444   1.20566 -0.882192 0 0 0 0 0 0 5.7524
-0.144361   29.8081   24.8899 -0.245241 -0.498696  0.273368  0 -0  0 0 0 0  0.710138  0.317782 0.0633555   0.423081   1.21927 -0.783867 0 0 0 0 0 0 5.77085
-0.576656   32.4298   22.5147  -0.22704 -0.481892  0.281086  0 -0  0 0 0 0 0.644133 0.425897 0.125613  0.466068  1.44694 -1.07382 0 0 0 0 0 0 5.7968
-1.53437  35.4249  19.4799 -0.186908 -0.466566  0.280201  0 -0  0 0 0 0  0.848159  0.404992 0.0195397  0.364687  1.32355 -1.04461 0 0 0 0 0 0 5.83976
-2.17536  37.5664  17.5638 -0.168754 -0.456952  0.270228  0 -0  0 0 0 0  0.761017  0.348765 -0.164716   0.278267   1.32156 -0.934529 0 0 0 0 0 0 5.8626
-3.25842  40.3064  14.9706 -0.148575  -0.44767  0.276645  0 -0  0 0 0 0   0.679191   0.315028 -0.0107189   0.31643  1.54006 -1.03871 0 0 0 0 0 0 5.88572
-4.90766  43.5306  11.7549 -0.0992279  -0.437932   0.267476  0 -0  0 0 0 0  0.976813  0.267757 -0.165401   0.243583   1.42191 -0.908454 0 0 0 0 0 0 5.93685
-5.77686  45.8321  9.78127 -0.0802743   -0.43289    0.25071  0 -0  0 0 0 0  0.892589   0.19984 -0.380683   0.291228   1.54481 -0.836533 0 0 0 0 0 0 5.96265
-7.39246  48.5414  6.86265 -0.0525641  -0.431068   0.241005  0 -0  0 0 0 0  0.874548  0.114927 -0.350281   0.300133   1.59388 -0.898548 0 0 0 0 0 0 5.99207
-9.43781  51.1507   3.3108 0.00989015  -0.423793   0.229396  0 -0  0 0 0 0   1.22477  0.142586 -0.327165   0.288978   1.33259 -0.801531 0 0 0 0 0 0 6.05601
-10.9255  52.7008 0.719639 0.0246599 -0.425429  0.227043  0 -0  0 0 0 0  0.985058 0.0351637 -0.212568     0.3596   1.29995 -0.866214 0 0 0 0 0 0 6.07105
-13.6979   54.667 -3.60844 0.0544378 -0.423168  0.206998  0 -0  0 0 0 0  0.945863 0.0399756 -0.416554   0.36126  1.30978 -1.01778 0 0 0 0 0 0 6.10702
-16.8609  56.5635 -8.61797  0.100428 -0.419384  0.193164  0 -0  0 0 0 0   1.04779 0.0647165 -0.376828   0.405906   1.18325 -0.978626 0 0 0 0 0 0 6.15519
-19.2524  57.8257 -12.6117  0.111486 -0.420882  0.182111  0 -0  0 0 0 0   0.887522 -0.0161666  -0.428815  0.645302  1.34749 -1.21089 0 0 0 0 0 0 6.1709
-24.2954   59.303 -19.9942  0.140237 -0.420144  0.145577  0 -0  0 0 0 0    0.846009 -0.00522335   -0.748767   0.58834   1.3589 -1.37026 0 0 0 0 0 0 6.2174
-28.1697  60.1134 -25.1941  0.193272 -0.400284  0.131492  0 -0  0 0 0 0   1.14079  0.287178 -0.532948  0.374013  1.07494 -1.08283 0 0 0 0 0 0 6.27575
-31.4133  59.9038 -29.3747  0.210037 -0.396988  0.128391  0 -0  0 0 0 0   1.00793  0.244383 -0.420381  0.273406 0.863225 -1.39484 0 0 0 0 0 0 6.29312
-37.2204   59.486 -37.0868  0.253581 -0.389758 0.0965992  0 -0  0 0 0 0   1.03736  0.190662 -0.617924   0.32923 0.806549 -1.43286 0 0 0 0 0 0 6.34751
-39.6775  58.8385  -40.623  0.293095 -0.381255 0.0883449  0 -0  0 0 0 0   1.08005  0.172877 -0.381367  0.317357 0.500997 -1.05189 0 0 0 0 0 0 6.38877
-41.8245  58.2577  -43.501  0.296309 -0.385236  0.083058  0 -0  0 0 0 0     0.78083 0.000576371    -0.37358  0.234949 0.417816  -1.1888 0 0 0 0 0 0 6.39612
 -45.462   56.723 -48.9871  0.332663 -0.390485  0.049747  0 -0  0 0 0 0   0.814434 -0.0868177  -0.598406  0.345764 0.387606 -1.24314 0 0 0 0 0 0 6.44571
-46.5878  55.5725 -52.0114  0.357911 -0.403149 0.0447388  0 -0  0 0 0 0  0.768883 -0.305958 -0.309658  0.640727  0.28658 -1.09881 0 0 0 0 0 0 6.4744
-47.0994  53.3107 -55.5061  0.348979  -0.43477 0.0568367  0 -0  0 0 0 0   0.420578  -0.835528 -0.0689025   1.36948 0.245282 -1.94737 0 0 0 0 0 0 6.50941
-46.0537  46.9427 -60.5519  0.368264 -0.450134 0.0166014  0 -0  0 0 0 0  0.508399 -0.534069 -0.525944    1.68261 -0.479183  -2.38329 0 0 0 0 0 0 6.5566
-42.6635  42.6134 -61.2251  0.413097 -0.451907 0.0190358  0 -0  0 0 0 0  0.863364 -0.284762  -0.24049   2.05796 -1.14606  -2.1228 0 0 0 0 0 0 6.60154
-39.5668   38.129 -62.9582  0.400511 -0.472407 0.0438572  0 -0  0 0 0 0  0.361498 -0.565256  0.301153   2.78653 -1.58928  -2.6299 0 0 0 0 0 0 6.6361
-33.4909  33.4937 -65.3877  0.406211 -0.509553  0.043424  0 -0  0 0 0 0  0.143899 -0.680885  0.119539   2.74966 -1.08025 -1.82571 0 0 0 0 0 0 6.67368
-30.4235  32.1327 -66.0855  0.392111 -0.501564 0.0581627  0 -0  0 0 0 0 -0.0740506  -0.316299   0.379649     2.2647 -0.612347  -1.01283 0 0 0 0 0 0 6.69559
-26.8795  30.7621 -64.5522  0.384205 -0.500723  0.068469  0 -0  0 0 0 0  -0.320947 -0.0490575   0.462737   2.04634 -1.21818  0.11973 0 0 0 0 0 0 6.70861
-21.1349   26.991 -61.4796   0.36044 -0.535765 0.0805053  0 -0  0 0 0 0 -0.485715 -0.482673  0.313061   1.65029 -1.56581 0.347028 0 0 0 0 0 0 6.75262
-18.0253  24.1592 -59.6208  0.352735 -0.541401  0.082526  0 -0  0 0 0 0 -0.337373 -0.304134  0.141126     1.475  -1.8668 0.358256 0 0 0 0 0 0 6.76238
-14.4909  19.5828 -57.9605  0.339254 -0.527867   0.11115  0 -0  0 0 0 0 -0.449842  0.189956  0.579023   1.67963 -2.73671  0.26747 0 0 0 0 0 0 6.7968
-9.77296   13.049 -57.7931   0.32652 -0.507909  0.151439  0 -0  0 0 0 0 -0.32049 0.334582 0.759003     1.7701  -2.53936 -0.374249 0 0 0 0 0 0 6.84352
-6.62927  8.79637   -59.06  0.305551 -0.529113  0.165898  0 -0  0 0 0 0 -0.576525 -0.193199  0.670667   2.02777 -2.50734  -0.9735 0 0 0 0 0 0 6.87667
-2.42146  3.85339 -60.7947  0.296139 -0.542995  0.205332  0 -0  0 0 0 0 -0.457104 -0.354765   1.02172   2.50847 -2.75201 -1.24114 0 0 0 0 0 0 6.91952
 3.21001 -2.46708 -62.8136 0.256848  -0.5545 0.244899  0 -0  0 0 0 0 -0.771173 -0.279898  0.907642    2.30282  -2.57805 -0.850996 0 0 0 0 0 0 6.97645
 5.86704 -6.58618 -64.0494  0.219602 -0.557764  0.216311  0 -0  0 0 0 0 -0.927776 -0.163457 0.0376924    1.66461  -2.39037 -0.533571 0 0 0 0 0 0 7.02352
 7.90298 -10.9634 -64.6567  0.188289 -0.564102   0.21915  0 -0  0 0 0 0    -1.0432  -0.177744 -0.0242206     1.26782   -2.64926 -0.0883249 0 0 0 0 0 0 7.05559
 10.3691 -16.6682 -64.4803  0.151314 -0.578048  0.241997  0 -0  0 0 0 0 -0.933276 -0.294837  0.327742   1.14723 -2.48375 0.374372 0 0 0 0 0 0 7.10124
 11.3833 -20.6401 -64.1306  0.116494 -0.572808   0.23025  0 -0  0 0 0 0   -0.907764 -0.00568425   0.0463549   0.62331 -1.89287 0.483696 0 0 0 0 0 0 7.13836
 11.0855 -23.2941 -63.4292 0.0871608 -0.564984  0.223853  0 -0  0 0 0 0  -0.98794  0.160312 -0.122963  0.0833055  -1.71439  0.725287 0 0 0 0 0 0 7.16939
 11.3135 -27.7492 -62.7167 0.0730631 -0.556925  0.211943  0 -0  0 0 0 0 -0.664421  0.220978 -0.191547  0.199541 -1.93126 0.712722 0 0 0 0 0 0 7.18952
  12.644 -32.4192 -63.0226 0.0640815 -0.545431  0.255245  0 -0  0 0 0 0 -0.383387  0.247957  0.487564  0.386684 -1.92261 0.355112 0 0 0 0 0 0 7.23522
 14.3401 -34.9262 -63.4753 0.0674682 -0.536399  0.241578  0 -0  0 0 0 0 -0.164727   0.29827  0.111704  0.820534 -1.76129 0.183346 0 0 0 0 0 0 7.25195
 16.8383 -38.6226 -63.3142 0.0550775 -0.518561  0.232482  0 -0  0 0 0 0 -0.288182  0.468101 -0.137656   1.17531 -1.82784 0.448198 0 0 0 0 0 0 7.27549
 18.7492 -42.2484 -62.8001 0.0328425 -0.493086  0.204183  0 -0  0 0 0 0 -0.416269  0.540441 -0.384041   0.90697 -1.34297 0.549723 0 0 0 0 0 0 7.31959
 18.2894 -43.9375 -61.5858 0.0124363 -0.486168  0.202992  0 -0  0 0 0 0 -0.613968  0.393871 -0.335551   0.43962 -1.15652 0.953828 0 0 0 0 0 0 7.34117
 17.3147 -46.8787 -58.7445 -0.015925 -0.477286  0.204266  0 -0  0 0 0 0   -0.74175   0.322552 -0.0888917   0.52145 -1.19579  1.34784 0 0 0 0 0 0 7.37091
 17.2288 -51.0498 -56.5246 -0.0468973  -0.472095   0.244605  0 -0  0 0 0 0 -0.668881  0.153684  0.479941  0.505802 -1.16892 0.944661 0 0 0 0 0 0 7.42203
 18.8857 -51.9284 -56.7522 -0.043675 -0.469815  0.207925  0 -0  0 0 0 0 -0.427144 0.0512949 -0.322126   0.945177 -0.846302   0.32881 0 0 0 0 0 0 7.45893
 20.4883 -53.3014 -54.7715 -0.0615924  -0.464505   0.191369  0 -0  0 0 0 0  -0.51293  0.131541 -0.511328    1.58538 -0.668326  0.735679 0 0 0 0 0 0 7.48389
 19.8938 -54.7324 -50.0814  -0.10526 -0.457258   0.15311  0 -0  0 0 0 0 -0.724576  0.146422 -0.588864   1.11635 -0.22367 0.969586 0 0 0 0 0 0 7.5424
 17.8042 -55.1926 -46.7303 -0.127449 -0.462633  0.158155  0 -0  0 0 0 0  -0.831473 -0.0128627  -0.354684    0.681207 0.00153367    1.50078 0 0 0 0 0 0 7.56578
 12.7078 -55.0678  -39.013 -0.162302 -0.471864   0.17266  0 -0  0 0 0 0 -0.945308 -0.221222  0.187599  0.769825 0.504887  2.31223 0 0 0 0 0 0 7.60465
 5.97048 -54.5442 -29.1372 -0.213668 -0.488978  0.228262  0 -0  0 0 0 0 -0.972333 -0.276981  0.736055  0.446112 0.489087  1.81707 0 0 0 0 0 0 7.68225
 5.53236 -53.9324 -27.1277 -0.215448 -0.483241  0.191984  0 -0  0 0 0 0 -0.693968 -0.162454 -0.144535  0.766964 0.580318  1.27983 0 0 0 0 0 0 7.71902
 3.09162 -51.6512 -21.3022 -0.238815 -0.493292  0.197336  0 -0  0 0 0 0 -0.695832 -0.276312 0.0140967  1.21096 1.27565 1.89158 0 0 0 0 0 0 7.74502
-2.01743 -46.0422 -11.0629 -0.300804 -0.485854  0.161016  0 -0  0 0 0 0 -0.987223 0.0495583 -0.401591  0.88231 1.70243 2.04642 0 0 0 0 0 0 7.81725
 -4.4847 -42.8341  -6.4647 -0.309692 -0.473042  0.145488  0 -0  0 0 0 0  -0.78785  0.360579 -0.583678  0.548256  2.23071  2.75513 0 0 0 0 0 0 7.83925
 -8.07507  -38.5212 -0.997255 -0.323296 -0.462626  0.149345  0 -0  0 0 0 0  -0.6118 0.434861   -0.238  0.237255   2.5301  3.07248 0 0 0 0 0 0 7.85682
-10.7074  -32.317  4.84171 -0.340633 -0.446128  0.133912  0 -0  0 0 0 0 -0.557703  0.488802 -0.341247  0.379755  3.06397  3.46014 0 0 0 0 0 0 7.88529
-12.7633 -24.3419  12.0651 -0.344111 -0.450544  0.155895  0 -0  0 0 0 0  -0.24875 0.0950924  0.152815  0.545004  2.53327   2.9863 0 0 0 0 0 0 7.90798
-13.1851 -20.5893  13.7784 -0.320309 -0.430138  0.141283  0 -0  0 0 0 0    0.26372   0.303262 -0.0258055  0.379492  2.36483  2.04981 0 0 0 0 0 0 7.94257
-13.3973 -15.3396  16.1814 -0.313851 -0.427895   0.14103  0 -0  0 0 0 0  0.223848   0.17125 0.0366589  0.322524  2.63618  2.06484 0 0 0 0 0 0 7.94941
-14.8427 -9.82555  18.8305 -0.312105 -0.437171  0.183512  0 -0  0 0 0 0  0.0850587 -0.0821021   0.506258  -0.237687   2.01824   1.58418 0 0 0 0 0 0 7.99293
-15.3029 -6.72296  20.6134  -0.30556 -0.456326  0.182616  0 -0  0 0 0 0  0.101546 -0.407018    0.2625  -0.144947   1.70762   1.57339 0 0 0 0 0 0 8.01319
-15.4614 -2.61682  22.7125 -0.331174 -0.470355  0.196567  0 -0  0 0 0 0 -0.378937 -0.481592  0.363357  -0.0717194    1.79872    1.64725 0 0 0 0 0 0 8.04556
-15.4736  1.84541  24.8907 -0.350594 -0.488624  0.213025  0 -0  0 0 0 0 -0.453145 -0.463056  0.396578  -0.00852384     1.67298     1.48766 0 0 0 0 0 0 8.07689
-14.7931  4.95929  26.2079 -0.357429 -0.497657  0.209945  0 -0  0 0 0 0 -0.332963 -0.399276  0.177352  0.282176  1.63936  1.28086 0 0 0 0 0 0 8.08863
-13.9392  9.34553  27.8195 -0.376709 -0.501998  0.223658  0 -0  0 0 0 0 -0.448686 -0.243824  0.314048  0.283727  1.89006  1.32646 0 0 0 0 0 0 8.11269
-12.6234  14.5101  29.4232 -0.383408 -0.504197  0.207884  0 -0  0 0 0 0  -0.228848  -0.143519 -0.0874685  0.426556  2.18375  1.27583 0 0 0 0 0 0 8.12996
-12.1017   19.616  29.8927 -0.396601  -0.49484  0.222605  0 -0  0 0 0 0 -0.312267 0.0943604  0.131708  0.299581  2.73519 0.952451 0 0 0 0 0 0 8.15183
-11.7831  25.6542  30.3838 -0.390106 -0.492129  0.218118  0 -0  0 0 0 0 -0.0366255    0.12742 0.00340821  0.150834  2.81813 0.860012 0 0 0 0 0 0 8.16018
-11.7244  30.9146  30.6778 -0.361732   -0.4906  0.234131  0 -0  0 0 0 0  0.476186 0.0371866  0.182019  0.0319123    2.7959   0.72163 0 0 0 0 0 0 8.1928
-11.4841  35.7585  30.8832  -0.33827 -0.494003  0.221276  0 -0  0 0 0 0   0.644503 -0.0472471  -0.074591  0.0669871   2.60733   0.62448 0 0 0 0 0 0 8.21976
-10.5791  39.4158  30.9841 -0.306081 -0.480783  0.221613  0 -0  0 0 0 0   0.778847   0.149008 -0.0679748  0.293641   1.9733 0.417582 0 0 0 0 0 0 8.25456
-10.2772  42.2723  30.2612 -0.288327 -0.490866  0.240374  0 -0  0 0 0 0  0.694978 -0.081628  0.291121  0.451604  1.83521 0.120901 0 0 0 0 0 0 8.28229
-9.63721  45.8609  29.2536 -0.263915 -0.493484  0.239086  0 -0  0 0 0 0   0.702651 -0.0924652   0.124006    0.624867    1.80847 -0.0228855 0 0 0 0 0 0 8.30688
-9.0995  48.874 28.0916 -0.230948 -0.476642  0.242255  0 -0  0 0 0 0   0.77533  0.219621 0.0675128   0.590959   1.48772 -0.122281 0 0 0 0 0 0 8.34403
-9.26143  50.5839  26.8032 -0.220908 -0.474006  0.252306  0 -0  0 0 0 0 0.578424 0.190896  0.21602   0.531126   1.29044 -0.278672 0 0 0 0 0 0 8.35848
-9.36633  52.6423  24.8802 -0.203057 -0.465985  0.246915  0 -0  0 0 0 0  0.563287  0.202441 0.0407408   0.655625   1.17381 -0.389933 0 0 0 0 0 0 8.37878
-9.65401  54.3018  22.6477 -0.173664 -0.449549  0.241487  0 -0  0 0 0 0   0.656529   0.327698 -0.0768848   0.643321  0.899698 -0.447047 0 0 0 0 0 0 8.41289
-10.1134  55.1391  20.7866  -0.16897 -0.445555  0.248276  0 -0  0 0 0 0  0.456797  0.283087 0.0947886   0.702909  0.768255 -0.548744 0 0 0 0 0 0 8.42206
-10.5992  56.2484  17.9862 -0.153265 -0.438632   0.24451  0 -0  0 0 0 0   0.465038   0.219737 -0.0033717   0.854127  0.715417 -0.646163 0 0 0 0 0 0 8.43963
-11.4643   57.122  14.6256   -0.1265 -0.428652  0.237165  0 -0  0 0 0 0  0.575776  0.240599 -0.114397    0.84811  0.580456 -0.693261 0 0 0 0 0 0 8.46913
-12.2286  57.6337  12.0419 -0.112583 -0.427836  0.239046  0 -0  0 0 0 0    0.58605   0.140899 -0.0405001   0.970883  0.580456 -0.824656 0 0 0 0 0 0 8.4832
-13.2193  58.5016   8.2222 -0.090452 -0.424324  0.234786  0 -0  0 0 0 0   0.615727   0.109705 -0.0906216    1.07683   0.62952 -0.871806 0 0 0 0 0 0 8.506
-14.5742  59.5715  4.40571 -0.0515031  -0.415587    0.22817  0 -0  0 0 0 0  0.829943  0.187614 -0.143486    0.89933  0.674913 -0.758283 0 0 0 0 0 0 8.54647
-15.3944  61.0467   2.1148 -0.0270957  -0.407453   0.210785  0 -0  0 0 0 0  0.944593  0.235128 -0.407147   0.898472   1.04233 -0.689822 0 0 0 0 0 0 8.57752
-17.2398  62.7891 -2.14352 0.00610188  -0.401043   0.198875  0 -0  0 0 0 0 0.910923 0.197156 -0.35812   0.902833   1.04558 -0.679212 0 0 0 0 0 0 8.61336
 -19.042   64.526 -5.87651 0.0577358 -0.392572  0.191413  0 -0  0 0 0 0   1.14286  0.198579 -0.244591   0.753034    1.0183 -0.520644 0 0 0 0 0 0 8.66622
-20.4228  65.8434 -8.36747 0.082429 -0.39104  0.18545  0 -0  0 0 0 0   1.15252  0.133574 -0.259788   0.735442   1.15583 -0.474745 0 0 0 0 0 0 8.69167
-23.6582  67.4591 -13.8209  0.132476 -0.387746  0.180175  0 -0  0 0 0 0   1.22424  0.100804 -0.178137   0.781458   1.04467 -0.578002 0 0 0 0 0 0 8.7421
 -26.717  67.6448 -19.1283 0.201965 -0.39022 0.171761  0 -0  0 0 0 0    1.48995 0.00792441  -0.177062   0.834469  0.674443 -0.723983 0 0 0 0 0 0 8.81214
-28.6331  67.0773 -22.8667  0.212147 -0.406374  0.188984  0 -0  0 0 0 0   1.19594 -0.306559  0.162787    1.09559  0.396575 -0.999565 0 0 0 0 0 0 8.83785
-31.3726  65.4752 -29.4125  0.259827 -0.406429  0.171097  0 -0  0 0 0 0   1.23311 -0.130499 -0.171351   1.28455  0.11027 -1.22682 0 0 0 0 0 0 8.88878
 -31.749  63.1939 -33.3333  0.312742 -0.415649  0.172858  0 -0  0 0 0 0    1.27531  -0.207418 -0.0199145    1.43591 -0.293476  -1.22132 0 0 0 0 0 0 8.94252
-31.3819  61.6052 -35.6251  0.291514 -0.430122  0.191409  0 -0  0 0 0 0  0.549321 -0.431007  0.307092   1.73667 -0.60108 -1.22371 0 0 0 0 0 0 8.97421
-29.0708  56.8504 -38.5444  0.308434 -0.426584  0.156891  0 -0  0 0 0 0  0.571146 -0.138506 -0.339005   1.91398 -1.16135 -1.46526 0 0 0 0 0 0 9.01281
-26.4706  52.3132 -40.3238  0.343641 -0.436627  0.152682  0 -0  0 0 0 0   0.75379 -0.226209 -0.210202   1.98375 -1.54962 -1.49981 0 0 0 0 0 0 9.04966
-24.2776  48.5793 -42.1534   0.30986 -0.450265  0.175591  0 -0  0 0 0 0 -0.0355877  -0.409221   0.295235   2.46018 -1.96242 -1.70132 0 0 0 0 0 0 9.0927
-19.9528  43.2817 -44.4587  0.302611 -0.474877   0.17205  0 -0  0 0 0 0 -0.138191    -0.514 0.0689597   2.43728 -1.81284 -1.50881 0 0 0 0 0 0 9.1186
-18.4536  40.0063 -47.1608 0.272317 -0.48433   0.1721  0 -0  0 0 0 0 -0.485058 -0.404571  0.117011   1.95188 -1.49614 -1.59724 0 0 0 0 0 0 9.15033
-16.5769  37.9299   -47.49  0.254936 -0.473314  0.153434  0 -0  0 0 0 0 -0.610608 0.0106056 -0.236394    1.54639   -1.5464 -0.869709 0 0 0 0 0 0 9.17812
-14.2522  34.3285 -47.5467  0.216681 -0.504289  0.161397  0 -0  0 0 0 0  -0.874914  -0.394027 -0.0299818    1.08492  -1.44817 -0.475242 0 0 0 0 0 0 9.22798
-13.0262  30.9333 -47.4566  0.203201 -0.507369  0.160393  0 -0  0 0 0 0  -0.637262  -0.206746 -0.0620153   0.790489  -1.79036 -0.456107 0 0 0 0 0 0 9.24184
-11.3873  26.1818 -46.8884  0.210417 -0.508062  0.185518  0 -0  0 0 0 0  -0.355354 -0.0315053   0.343552  0.773743 -2.63876 -0.34223 0 0 0 0 0 0 9.26799
-8.57866  19.5614 -46.1228  0.196436 -0.510511  0.188025  0 -0  0 0 0 0  -0.323991 -0.0513621   0.183418   0.937746  -2.60272 -0.219659 0 0 0 0 0 0 9.28241
-6.66152  15.2953 -46.0557  0.188233 -0.519512  0.205724  0 -0  0 0 0 0 -0.348463 -0.218402  0.412453    1.06245  -2.54503 -0.277724 0 0 0 0 0 0 9.30389
-3.63927  9.57814 -46.2142  0.195783 -0.523905  0.242868  0 -0  0 0 0 0 -0.0842395   -0.13469   0.836929    1.62988  -3.13271 -0.375615 0 0 0 0 0 0 9.34205
0.69171 4.03636  -46.81  0.182433 -0.513829  0.295868  0 -0  0 0 0 0 -0.237551  0.109292   1.02792    1.74412  -2.45379 -0.339325 0 0 0 0 0 0 9.39762
 2.36966 0.939502  -47.331  0.165285 -0.519137  0.297013  0 -0  0 0 0 0   -0.39059 -0.0444279   0.639216    1.14998  -1.90651 -0.234915 0 0 0 0 0 0 9.41561
 3.56416 -1.39578 -47.6394  0.137832 -0.510011  0.282503  0 -0  0 0 0 0 -0.663365  0.126935 0.0869541    0.79337  -1.58295 -0.117482 0 0 0 0 0 0 9.44798
 5.11632 -6.00944 -47.9764  0.107433 -0.511791  0.266886  0 -0  0 0 0 0 -0.734056 0.0295689  -0.18737    0.667736   -1.84894 -0.0021938 0 0 0 0 0 0 9.4822
 6.20931  -10.278 -48.6836 0.0820436 -0.517965  0.251218  0 -0  0 0 0 0  -0.756459 -0.0801338  -0.350637   0.578131  -2.25972 -0.134908 0 0 0 0 0 0 9.51266
 7.59911 -14.8706 -49.7494 0.0641179 -0.517348  0.252769  0 -0  0 0 0 0   -0.672951 -0.00019611   -0.173175   0.638255  -2.62692 -0.259918 0 0 0 0 0 0 9.53067
 9.62636 -19.9983 -51.4455 0.0412749 -0.512213  0.249582  0 -0  0 0 0 0 -0.619203 0.0725742 -0.123391   0.676707  -2.49517 -0.359572 0 0 0 0 0 0 9.5543
 11.3351 -24.0978 -52.9664 0.0172622 -0.516053  0.261039  0 -0  0 0 0 0   -0.66597 -0.0564003   0.165678     0.5334  -2.08318 -0.287507 0 0 0 0 0 0 9.58118
 12.4819 -26.5319 -53.8809 -0.00650526   -0.524547    0.253906  0 -0  0 0 0 0  -0.755937  -0.227157 -0.0196923    0.48616  -1.68122 -0.204075 0 0 0 0 0 0 9.60741
 13.9924 -29.3521 -54.3389 -0.0346564  -0.540431   0.257269  0 -0  0 0 0 0 -0.766002 -0.367768 0.0394855   0.595113  -1.49188 0.0264009 0 0 0 0 0 0 9.6399
 15.4665 -32.0821  -54.858 -0.0692855  -0.538531   0.256926  0 -0  0 0 0 0  -0.810205 -0.0906062  0.0304286   0.508647  -1.18595 0.0937181 0 0 0 0 0 0 9.67459
 15.6155 -33.6144 -54.6138 -0.0918163  -0.536724   0.253491  0 -0  0 0 0 0  -0.835944 0.00134513 -0.0655729  0.256245 -1.04694  0.36221 0 0 0 0 0 0 9.69745
 16.0058 -35.9453  -53.553 -0.108685 -0.539185  0.250353  0 -0  0 0 0 0  -0.669137 -0.0230382  -0.065955  0.420425 -1.05162 0.652692 0 0 0 0 0 0 9.71478
 16.3907 -38.8343 -52.3609 -0.136364 -0.528332  0.261064  0 -0  0 0 0 0 -0.625353  0.152548  0.115947   0.40262 -0.95107 0.649134 0 0 0 0 0 0 9.74638
 16.7468 -40.0049 -51.6752 -0.144861 -0.519403  0.247306  0 -0  0 0 0 0  -0.51955  0.253238 -0.150127   0.509152 -0.791841  0.634885 0 0 0 0 0 0 9.76486
    17.1 -41.5515 -50.0033  -0.15066 -0.516982  0.242449  0 -0  0 0 0 0 -0.350192  0.166271 -0.147859   0.700201 -0.675342  0.843569 0 0 0 0 0 0 9.7728
 17.1696    -43.6 -47.5288 -0.171739 -0.502003  0.236605  0 -0  0 0 0 0 -0.408175  0.265553 -0.119867   0.628303 -0.528573  0.835711 0 0 0 0 0 0 9.79931
 16.6532 -44.0927  -45.975 -0.181744 -0.494072  0.223363  0 -0  0 0 0 0 -0.409802  0.274647 -0.321063   0.449295 -0.279067  0.911196 0 0 0 0 0 0 9.8177
 15.1325 -44.4055 -42.2776 -0.190863 -0.500056  0.221346  0 -0  0 0 0 0  -0.31378 0.0134293 -0.184409   0.566602 0.0771286   1.35405 0 0 0 0 0 0 9.8288
 12.5182 -44.5423 -36.4836 -0.211835 -0.490542  0.210137  0 -0  0 0 0 0 -0.386179   0.13674 -0.196015  0.511409 0.266559  1.39308 0 0 0 0 0 0 9.85441
 10.6141 -43.9447 -33.1496 -0.221537 -0.484141  0.197993  0 -0  0 0 0 0 -0.399294  0.195994 -0.359578  0.345703 0.598534  1.66279 0 0 0 0 0 0 9.87122
 6.96257 -42.6537 -25.9269 -0.248114 -0.506655  0.205553  0 -0  0 0 0 0  -0.570696  -0.313533 -0.0569462  0.633698  1.02898  2.56591 0 0 0 0 0 0 9.90686
 2.70419  -40.087 -17.1637  -0.29336 -0.510564  0.234276  0 -0  0 0 0 0 -0.835457  -0.17076  0.346936  0.530738  1.12449  2.32159 0 0 0 0 0 0 9.9606
 1.55781 -38.2695 -13.4398 -0.307855 -0.507694  0.222376  0 -0  0 0 0 0  -0.725758 -0.0601668   0.046101  0.750129  1.28694  2.05609 0 0 0 0 0 0 9.97957
0.676371 -35.8259 -10.3385 -0.310695 -0.481076  0.222375  0 -0  0 0 0 0 -0.433349  0.441342 0.0286747  0.689155   1.5008  1.78364 0 0 0 0 0 0 10.0063
-1.23843 -32.1704 -5.92609 -0.329677 -0.463327  0.199188  0 -0  0 0 0 0  -0.52161  0.555144 -0.307455  0.433702  1.93333  2.00398 0 0 0 0 0 0 10.0412
 -2.95347  -27.2748 -0.519305 -0.350294 -0.442444  0.190341  0 -0  0 0 0 0 -0.494774  0.511807 -0.254444  0.404271  1.92839  1.98358 0 0 0 0 0 0 10.0718
-4.16927 -24.0018  2.69902 -0.358275  -0.43196   0.18575  0 -0  0 0 0 0 -0.389103  0.455983 -0.208407  0.236276  1.97064  1.98424 0 0 0 0 0 0 10.0858
-5.92994 -19.7768  6.52568 -0.359949 -0.427206  0.162688  0 -0  0 0 0 0 -0.237862  0.339044 -0.409201  -0.0281739    2.22817     2.1962 0 0 0 0 0 0 10.1094
-8.15768 -15.0344  10.7612 -0.359896  -0.43188  0.184431  0 -0  0 0 0 0 -0.0912699  0.0482252  0.0551049  -0.323713   1.87704   1.94531 0 0 0 0 0 0 10.1316
-9.18141 -11.2803   13.014  -0.35796 -0.430725  0.187622  0 -0  0 0 0 0 0.0118557 0.0239466 0.0885439  -0.300476   1.99691   1.67111 0 0 0 0 0 0 10.1355
-10.1937 -6.60957  14.8953 -0.363288 -0.442008  0.197261  0 -0  0 0 0 0 -0.122828 -0.212615  0.263248  -0.396481   2.28452    1.5109 0 0 0 0 0 0 10.1513
 -11.0923 -0.720256   16.4188 -0.366366  -0.45624  0.204113  0 -0  0 0 0 0 -0.0654518  -0.317354   0.218354  -0.351666   2.46117   1.19379 0 0 0 0 0 0 10.1674
-11.3417  3.41278  17.1313 -0.357421 -0.466234  0.194179  0 -0  0 0 0 0  0.134841 -0.346421 -0.009682  -0.178853   2.31249  0.897755 0 0 0 0 0 0 10.1841
-11.1899  8.33736    18.15 -0.355974 -0.471143  0.211791  0 -0  0 0 0 0 0.0931443 -0.265518  0.270568  -0.0674785    2.34009    0.96826 0 0 0 0 0 0 10.2024
-10.281 13.7654 19.7803 -0.348776 -0.468861  0.204369  0 -0  0 0 0 0   0.171256 -0.0666096  0.0539171  0.226458  2.46623  1.24491 0 0 0 0 0 0 10.213
-9.44164  18.9167  21.3717 -0.352317 -0.468514  0.220791  0 -0  0 0 0 0 0.000429999  -0.0183184    0.247213  0.220213  2.66199   1.3428 0 0 0 0 0 0 10.2298
-8.71435  25.3396  23.4464 -0.352784 -0.467483  0.220204  0 -0  0 0 0 0 -0.00190294   0.0466718    0.108708  0.0494984   2.80774   1.36265 0 0 0 0 0 0 10.2311
-8.50549  30.5782  24.8678 -0.337683 -0.465038   0.23192  0 -0  0 0 0 0  0.255093 0.0492821  0.174944  -0.182954   2.74577   1.11154 0 0 0 0 0 0 10.2503
-8.76067  35.4157   25.537 -0.325781 -0.457595  0.221885  0 -0  0 0 0 0   0.364971   0.142387 -0.0360665  -0.285899   2.66638  0.793379 0 0 0 0 0 0 10.2676
-8.76371  39.9223  25.4843 -0.310989 -0.447899  0.216102  0 -0  0 0 0 0  0.351556  0.193936 -0.144396  -0.0601746    2.19065   0.409039 0 0 0 0 0 0 10.2862
-9.42609  43.1276  24.3277 -0.296498 -0.459113   0.23638  0 -0  0 0 0 0  0.432522 -0.115585  0.238273   0.0932239    2.07841 -0.0632131 0 0 0 0 0 0 10.3135
-9.81571  46.7399  22.9663 -0.277555 -0.468115  0.231275  0 -0  0 0 0 0  0.530362 -0.218428 0.0506837   0.267952   1.99001 -0.174089 0 0 0 0 0 0 10.3351
-10.0976  50.1464  21.0576 -0.256328 -0.461523  0.235692  0 -0  0 0 0 0    0.511754 -0.00847798   0.0544445   0.423127   1.65976 -0.273712 0 0 0 0 0 0 10.3578
-10.4364  52.0105  19.5249 -0.238306 -0.466696  0.250795  0 -0  0 0 0 0  0.580842 -0.103317  0.297711   0.566574   1.46261 -0.332118 0 0 0 0 0 0 10.3819
-10.8255  54.2259  17.3184 -0.218326 -0.468094  0.243014  0 -0  0 0 0 0  0.617341 -0.074449 0.0454017   0.660074   1.31585 -0.425369 0 0 0 0 0 0 10.4034
-11.5036  56.2255  14.7154 -0.182094 -0.449344  0.238736  0 -0  0 0 0 0   0.771665   0.257674 -0.0800314   0.620193   1.08373 -0.465098 0 0 0 0 0 0 10.4444
-11.8584  57.5304  13.2637 -0.159448 -0.436742  0.236762  0 -0  0 0 0 0   0.820104   0.389773 -0.0648038   0.627388   1.05825 -0.393979 0 0 0 0 0 0 10.4704
-12.7525  59.4498  10.7324 -0.133441 -0.418716  0.231066  0 -0  0 0 0 0  0.766512  0.453931 -0.110052   0.608417   1.05253 -0.414358 0 0 0 0 0 0 10.5025
-13.8967  61.1741  7.96608 -0.0923659  -0.399272   0.224527  0 -0  0 0 0 0  0.920913  0.478183 -0.143077   0.577417  0.950034 -0.413511 0 0 0 0 0 0 10.5484
-14.6431  62.7988  6.19209 -0.0735821  -0.385192   0.211534  0 -0  0 0 0 0  0.916095  0.531684 -0.324695   0.624765   1.18648 -0.396508 0 0 0 0 0 0 10.5753
-16.5253  65.0916  2.39793 -0.0369683  -0.367794   0.204874  0 -0  0 0 0 0  0.931201  0.479687 -0.238382   0.681569   1.18552 -0.435591 0 0 0 0 0 0 10.6163
-18.9138  66.7393 -1.51388 0.0146547  -0.35927  0.201537  0 -0  0 0 0 0    1.1637  0.318569 -0.110209   0.606882   1.04334 -0.451115 0 0 0 0 0 0 10.6688
-20.9606  67.9231 -4.54239 0.0337474 -0.358332  0.200368  0 -0  0 0 0 0   1.09404  0.202371 -0.110922    0.61009   1.13468 -0.537245 0 0 0 0 0 0 10.6879
-24.4668  69.5983 -10.1949 0.0789276 -0.356805  0.195533  0 -0  0 0 0 0  1.10612 0.092062 -0.10369   0.721174   1.02496 -0.529724 0 0 0 0 0 0 10.7334
-27.5577  70.4577 -14.9199  0.134161 -0.356457  0.194691  0 -0  0 0 0 0    1.30908  0.0335548 -0.0288346   0.68067 0.840638 -0.51181 0 0 0 0 0 0 10.7886
-30.0554  71.0418 -18.5428  0.153717 -0.362708  0.199301  0 -0  0 0 0 0    1.16578 -0.0918207  0.0520869   0.684235  0.813151 -0.542454 0 0 0 0 0 0 10.8097
 -33.408  71.4641 -24.0411  0.186029 -0.375198  0.181031  0 -0  0 0 0 0   0.96883 -0.242839 -0.211717   0.732039  0.642791 -0.542422 0 0 0 0 0 0 10.8488
-36.0643  71.5924 -28.4899  0.226363 -0.380508  0.176903  0 -0  0 0 0 0   1.01749 -0.191999 -0.144572   0.739683  0.504031 -0.526875 0 0 0 0 0 0 10.8897
-37.9922  72.1043  -31.343 0.238178 -0.38753 0.169233  0 -0  0 0 0 0  0.914347 -0.280949 -0.254668   0.734349   0.64353 -0.461192 0 0 0 0 0 0 10.9055
-41.2892  71.9497 -36.9629 0.258937 -0.39233 0.151086  0 -0  0 0 0 0  0.683235 -0.185414 -0.330789    0.76642   0.46453 -0.533999 0 0 0 0 0 0 10.9334
-42.1761  70.9306 -40.1963  0.290234 -0.405456  0.152464  0 -0  0 0 0 0  0.722666 -0.302751 -0.060974   0.969724  0.111965 -0.637701 0 0 0 0 0 0 10.9674
-41.2036  68.2986 -42.2005  0.274132 -0.434938  0.190799  0 -0  0 0 0 0  0.294811 -0.737976  0.614823    1.85183 -0.570551  -1.25279 0 0 0 0 0 0 11.0184
-39.2329   62.924  -46.845  0.287038 -0.411056  0.177485  0 -0  0 0 0 0  0.464702 0.0572814 0.0512312    2.30146 -0.969203  -1.82522 0 0 0 0 0 0 11.0486
-34.5663  57.3935 -47.8157 0.326162 -0.41755  0.18302  0 -0  0 0 0 0   0.686673 -0.0808849    0.11919   2.63659 -1.66778  -1.8491 0 0 0 0 0 0 11.0887
-30.4679   52.178  -49.525  0.29488 -0.43445  0.22976  0 -0  0 0 0 0 0.000413879   -0.368408    0.910919   3.68101 -2.39762 -2.25829 0 0 0 0 0 0 11.1474
-21.1536  42.2326 -50.2602  0.297699 -0.451937  0.200678  0 -0  0 0 0 0  0.112157 -0.419407 0.0119422   3.89021 -3.20867 -1.98134 0 0 0 0 0 0 11.1814
-16.0303  35.1124  -52.251 0.289412 -0.45858 0.173477  0 -0  0 0 0 0 -0.0172196  -0.244225   -0.50072   3.65758 -3.41591 -2.02486 0 0 0 0 0 0 11.2106
 -11.145  29.0511 -52.7695  0.280362 -0.458209  0.158116  0 -0  0 0 0 0  -0.248651 -0.0775927  -0.520684   3.44512 -3.77376 -1.33608 0 0 0 0 0 0 11.2285
-5.79209  19.6253 -54.2369  0.257398 -0.510885  0.189284  0 -0  0 0 0 0 -0.499398 -0.754027  0.140403   2.68774 -3.76135 -1.09625 0 0 0 0 0 0 11.2938
-4.01336  15.9168 -55.6389 0.199494 -0.51233 0.178166  0 -0  0 0 0 0  -1.19822 -0.452666  0.126007   1.57624 -2.54256 -1.02342 0 0 0 0 0 0 11.3528
-2.97545   13.199 -55.8634  0.161037 -0.502987  0.129613  0 -0  0 0 0 0   -1.28505 -0.0779772  -0.780522   0.900378  -2.10533 -0.410099 0 0 0 0 0 0 11.4155
-1.91041  8.34617 -55.4216  0.125029 -0.519101   0.13279  0 -0  0 0 0 0 -0.970365 -0.226146 -0.308165   0.508102  -1.99232 0.0368638 0 0 0 0 0 0 11.455
-1.65707  7.09552 -54.8237 0.0936827 -0.520102  0.158789  0 -0  0 0 0 0 -1.08341 -0.20914 0.430651   0.021053 -0.929499  0.310907 0 0 0 0 0 0 11.4958
-1.88518  5.83452 -54.0117 0.0847166 -0.514785  0.164225  0 -0  0 0 0 0 -0.686533 0.0162499  0.309547  -0.141909 -0.830775  0.400315 0 0 0 0 0 0 11.5075
-0.81531  2.52807 -53.9854 0.0897996 -0.521979  0.126446  0 -0  0 0 0 0 -0.177926 -0.134819  -0.30757    0.32379  -1.23389 0.0219382 0 0 0 0 0 0 11.5463
  1.39126 -0.826798  -54.7338  0.103431 -0.522718   0.17726  0 -0  0 0 0 0  0.0930259 -0.0738872   0.569724   0.998419  -1.76727 -0.390039 0 0 0 0 0 0 11.5989
 5.09694 -5.38212 -56.1396  0.141649 -0.501542  0.233075  0 -0  0 0 0 0 0.717848 0.481001  1.33387    1.94475  -2.43099 -0.687419 0 0 0 0 0 0 11.6698
 10.2472 -11.3136 -58.1451  0.15529 -0.47387 0.258342  0 -0  0 0 0 0 0.442522 0.641308  0.90762    2.06449  -2.59881 -0.534555 0 0 0 0 0 0 11.7097
   13.67  -16.055 -60.1695  0.148797 -0.454589  0.252608  0 -0  0 0 0 0 0.0591858  0.593359  0.408022    1.56057  -2.48754 -0.457167 0 0 0 0 0 0 11.7308
   15.63 -19.4257 -61.3092  0.125931 -0.448073  0.251501  0 -0  0 0 0 0 -0.401773  0.334215  0.108018    1.09031  -2.27738 -0.117488 0 0 0 0 0 0 11.7546
 17.9526 -23.6044 -61.7505  0.086878 -0.451145  0.265429  0 -0  0 0 0 0 -0.758288 0.0713886  0.242253   1.06806 -2.09091 0.256853 0 0 0 0 0 0 11.7962
 19.2102 -27.1307 -61.7792 0.0502283 -0.449523  0.238643  0 -0  0 0 0 0  -0.83351 0.0634033 -0.193173  0.639426 -1.51305 0.451312 0 0 0 0 0 0 11.8416
 18.4731 -28.1257 -60.8594 0.0129611 -0.459222  0.211413  0 -0  0 0 0 0  -1.11886 -0.259473 -0.650094  -0.0458178  -0.788258   0.703491 0 0 0 0 0 0 11.8888
 17.6333 -30.0145 -59.2575 -0.0268223  -0.480291   0.192905  0 -0  0 0 0 0   -1.1477 -0.484475 -0.584309  -0.0398372  -0.732058   0.909867 0 0 0 0 0 0 11.9375
  17.321 -32.7865 -57.7851 -0.0654005  -0.500732   0.222851  0 -0  0 0 0 0 -0.998791 -0.503081  0.141543  0.0997983 -0.858823  0.846457 0 0 0 0 0 0 11.9904
 17.5954 -34.0877 -57.0285 -0.0838957  -0.506194   0.216384  0 -0  0 0 0 0  -0.85338 -0.337755 0.0310271   0.368509 -0.718919  0.676587 0 0 0 0 0 0 12.0108
 18.4363 -35.6329 -56.3656 -0.0951836   -0.50604   0.215121  0 -0  0 0 0 0  -0.631897   -0.14242 -0.0115061  0.569084 -0.72506 0.611558 0 0 0 0 0 0 12.0221
 19.2441 -37.9382 -55.2402 -0.120882 -0.499873  0.220707  0 -0  0 0 0 0 -0.565302  0.049398  0.063953    0.53031 -0.689331  0.580511 0 0 0 0 0 0 12.0491
 17.9665 -39.6174  -54.281 -0.0475769    -0.4358   0.228632 0.618345  1.44106 -1.30067 -0.00287216  -0.0830998   0.0202069 -0.565302 0.0493982  0.063953   0.00366946 -0.00766909   0.0072253  0.00100233  -0.0010346 0.000965547  0.178577 -0.265891  -9.80477 12.1468
 14.9674 -41.8254 -49.5336 -0.0756928  -0.415129   0.216512 0.653671  1.44365 -1.30574 -0.00368486   -0.081312   0.0168376 -0.441614  0.301246 -0.172057   0.0198374 -0.0099928 -0.0202593  0.00100647 -0.00103879 0.000967321  0.178597 -0.265841   -9.8048 12.1838
 10.2997 -40.5652 -43.3043 -0.0935159  -0.399752   0.201999 0.639185  1.44724 -1.28458 -0.00161545  -0.0817853   0.0178488 -0.448703  0.332353 -0.254678   0.0350301 -0.0388351 -0.0466401  0.00101096 -0.00104133 0.000969314  0.178604 -0.265802  -9.80484 12.2114
 3.69928 -36.9382 -33.0461 -0.0957181   -0.38596   0.188121  0.57489   1.4656 -1.34703 -0.00753149  -0.0859441   0.0243346  -0.25666  0.271285 -0.236565   0.0309319 -0.0511088 -0.0662299 0.000986469 -0.00105664 0.000972224 0.178841 -0.26583 -9.80467 12.2311
-0.0926145   -33.4803   -26.9816 -0.112621 -0.370493  0.172254 0.581723  1.46015 -1.30475 -0.00328775  -0.0850966   0.0234286 -0.263461  0.285792 -0.263762   0.0277556 -0.0663926 -0.0745269  0.00101171 -0.00106205 0.000972636  0.178732 -0.265657  -9.80483 12.259
-4.25828 -28.3831 -19.4746 -0.123214 -0.358944  0.158578 0.575989  1.46056 -1.31585 -0.00483247  -0.0850195   0.0240647 -0.184627  0.231972 -0.240451   0.0241689 -0.0689477 -0.0770232 0.000992316 -0.00104053 0.000979822  0.178781 -0.265946  -9.80478 12.2798
-6.48969 -24.0055 -14.8746 -0.132241 -0.348403  0.152492 0.586966  1.47099 -1.31831 -0.00521755  -0.0847912    0.022802  -0.16434  0.227138 -0.203009   0.0200525 -0.0781861  -0.079684 0.000996479 -0.00104515 0.000953763  0.178641 -0.265827  -9.80459 12.2949
-9.17549  -18.255 -10.0087 -0.139248 -0.340404  0.140486 0.582581  1.46736 -1.31407 -0.00525129  -0.0844708   0.0229285 -0.0844374   0.168997  -0.205341   0.0206212 -0.0739177 -0.0801909 0.000987231 -0.00100062 0.000972228  0.178603 -0.266307  -9.80468 12.311
-10.6958 -15.9028 -6.65909 -0.135896 -0.334742  0.144475 0.603017  1.44901   -1.342 -0.00768271  -0.0845378   0.0215431 -0.000261667     0.145088    -0.105361   0.0186434 -0.0538534 -0.0738915  0.000874232 -0.000998611  0.000894969  0.179207 -0.266524  -9.80344 12.3187
-11.7953 -11.8352 -3.08759 -0.141444 -0.327106  0.139867 0.592947  1.48545 -1.32393 -0.00675178  -0.0843814   0.0214946 0.00724717   0.124889 -0.0879723   0.0134151 -0.0526584 -0.0722233  0.000946662 -0.000975421  0.000849612 0.178304 -0.26648  -9.8033 12.3292
 -12.8292  -7.47523 -0.399449 -0.145128 -0.326399   0.13905  0.57691  1.51702 -1.30161 -0.00586989  -0.0840838   0.0211561  0.0276692  0.0712871 -0.0364377   0.0113702 -0.0555922 -0.0712798  0.000980823 -0.000874134   0.00080685  0.177606 -0.267334  -9.80283 12.333
-13.2477 -3.41433  1.90404 -0.149138 -0.319842  0.136519 0.566054  1.56731 -1.28941 -0.00546532  -0.0843654   0.0214242  0.0564461  0.0806201 -0.0324418  0.00437225 -0.0477433 -0.0653492   0.00109568 -0.000897594  0.000776365  0.176453 -0.266924  -9.80289 12.3411
-13.5994 0.658372  4.53051 -0.152306 -0.321222  0.136237 0.540449  1.61755 -1.26607 -0.0046678 -0.0842955  0.0215989   0.0542947   0.0199508 -0.00115994  0.00416042 -0.0487971 -0.0652098   0.00118221 -0.000807638  0.000751644 0.175483 -0.26773 -9.80259 12.3446
-13.8475  5.14052  6.48241 -0.154508 -0.319396  0.137389  0.53168   1.6668 -1.25242 -0.00431257  -0.0843359   0.0215041    0.0844845     0.022274 -0.000887278  -0.00135889  -0.0459703  -0.0596898   0.00128486 -0.000814478  0.000722583  0.174435 -0.267634   -9.8024 12.3476
-14.1839  8.55778   7.5587 -0.156413 -0.323495   0.14178  0.50293  1.72611 -1.22782 -0.00333366  -0.0844891   0.0216525  0.0984113 -0.0199658  0.0334351  0.000123198  -0.0429386  -0.0535665   0.00138967 -0.000716841  0.000662384  0.173399 -0.268538  -9.80156 12.3539
-14.0031  13.2066  8.86228 -0.155867 -0.324372  0.148947 0.499037  1.77017 -1.21547 -0.00312615  -0.0844677   0.0212527   0.106155 -0.0318265   0.075598  -0.00505522  -0.0439676  -0.0523832   0.00147811 -0.000718866  0.000599393  0.172542 -0.268485  -9.80088 12.3612
-14.0032  17.2309  9.40386 -0.157438 -0.330388  0.154661 0.473671  1.83694 -1.19469 -0.00236959   -0.084719    0.021118   0.120619 -0.0652656  0.0838472  -0.00422125  -0.0430112  -0.0466944   0.00161246 -0.000651837  0.000589019 0.171365 -0.26929 -9.80039 12.3696
-13.6074  21.4978  9.80554 -0.150351 -0.330373  0.159531 0.486556   1.8389 -1.19532 -0.00262392  -0.0846848   0.0208085   0.176304 -0.0408986  0.0799781  -0.00859219   -0.040315  -0.0426712   0.00162809 -0.000709094  0.000572789  0.171154 -0.268736  -9.80036 12.3782
-13.595 25.4248 9.77581 -0.152338 -0.333387  0.160309 0.469563  1.91556 -1.17605 -0.00218039  -0.0852328   0.0209098   0.154073 -0.0576909  0.0600897  -0.00858123  -0.0407847    -0.03975   0.00178306 -0.000732701  0.000636631  0.169566 -0.268956  -9.80055 12.3819
-13.4489  29.3985  8.94947 -0.142438 -0.333901  0.162923 0.480791   1.9105 -1.17732 -0.00244193  -0.0851586   0.0206599   0.216891 -0.0434449  0.0388621  -0.0111695 -0.0384219 -0.0332727    0.0017814 -0.000774558  0.000630299  0.169517 -0.268547   -9.8006 12.3922
-13.7168  32.5051  7.49643 -0.139934 -0.336436   0.16398 0.466009  1.97235 -1.16266 -0.00222806  -0.0859112   0.0210036   0.206156 -0.0606588  0.0281233  -0.0109542 -0.0360377 -0.0295293   0.00190528 -0.000792731  0.000664985 0.168272 -0.26869 -9.80043 12.3959
-14.1812  36.0489  5.87194 -0.128129 -0.338427  0.163412 0.474656   1.9666 -1.16329 -0.00245719  -0.0858425   0.0208587   0.238077 -0.0747609 0.00470379  -0.0106223 -0.0350135 -0.0259643   0.00189271 -0.000829776  0.000677589  0.168253 -0.268366  -9.80069 12.4079
 -14.57  39.434 4.56709 -0.119548 -0.338803  0.164992 0.484218  1.98502 -1.15273  -0.002454 -0.0859055  0.0206122   0.247498 -0.0662137 0.00422036  -0.0101996 -0.0334184 -0.0247734   0.00194762 -0.000893588   0.00066734  0.167714 -0.267837  -9.80043 12.4166
-15.3897  42.1558  2.49245 -0.101942 -0.340876  0.159567 0.497566  1.95446 -1.15935 -0.00271044  -0.0856595   0.0202754   0.311343 -0.0671263 -0.0609028  -0.00949769  -0.0270494  -0.0193568   0.00186739 -0.000925177  0.000695038  0.168152 -0.267543   -9.8012 12.4351
-15.9474  44.1787 0.540983 -0.0887491  -0.340022   0.160316 0.509691  1.96247 -1.14572 -0.00249834  -0.0856995   0.0201299   0.319882 -0.0510497 -0.0413539  -0.0101033  -0.024031  -0.018842   0.00192667 -0.000989536  0.000648932  0.167812 -0.266883   -9.8006 12.4484
-16.9864  46.2854 -2.01477 -0.0693627  -0.340787   0.156193 0.522824  1.94376 -1.14542 -0.00258193  -0.0855227   0.0197143     0.3642 -0.0550884 -0.0678139  -0.00887989  -0.0205207  -0.0154005  0.00188772 -0.00102735 0.000647576  0.168039 -0.266519  -9.80093 12.4682
-18.0874  48.4182 -4.42388 -0.051038 -0.337955  0.154466 0.542603  1.93632 -1.13069 -0.00242889  -0.0854238   0.0192885   0.388449 -0.0321044 -0.0672715  -0.00871092  -0.0191972  -0.0159332  0.00190777 -0.00111427 0.000611044  0.167974 -0.265644  -9.80069 12.4868
-19.5782  50.5039 -7.12357 -0.0289473  -0.338538     0.1505 0.551816  1.92032 -1.12945 -0.00242156  -0.0853473   0.0191188   0.428107  -0.044889 -0.0789298  -0.00674646  -0.0158777  -0.0133233  0.00188339 -0.00114077 0.000596529  0.168181 -0.265368  -9.80084 12.5093
-21.0528  51.9954 -10.3476 -0.00514915   -0.336606    0.148004 0.568517  1.90606  -1.1186 -0.00230795  -0.0852643   0.0187434   0.470395 -0.0305962 -0.0808992  -0.00698716  -0.0139387  -0.0135964  0.00189519  -0.0012014 0.000552377  0.168322 -0.264709   -9.8006 12.5333
-22.2329  53.3558 -13.7184 0.0194617 -0.336475  0.142038 0.579528  1.89548 -1.11417 -0.00238014  -0.0851159   0.0183558   0.489794 -0.0442956 -0.0905868  -0.0070148 -0.0128031 -0.0116353   0.0018607 -0.00124504 0.000560041  0.168442 -0.264357    -9.801 12.5586
-23.7114  54.7097 -17.4769 0.0473421 -0.335621  0.137825 0.596586  1.87582 -1.10565 -0.00230515  -0.0849174   0.0178008   0.528476 -0.0516481  -0.102407  -0.00704398   -0.011711   -0.012365  0.00185062 -0.00129821 0.000524863  0.168724 -0.263814    -9.801 12.5868
-26.251 55.4299 -22.214 0.0760346 -0.335346  0.130109 0.612178  1.86032  -1.0973 -0.00245955  -0.0847324    0.017313   0.559115 -0.0535585  -0.125673  -0.00635626 -0.00904741 -0.00810608  0.00181413 -0.00136136 0.000521258  0.168928 -0.263288  -9.80142 12.6165
 -27.391  55.4314 -25.8838  0.105381 -0.337475  0.127656  0.61976  1.84223 -1.09446 -0.0021791  -0.084666  0.0173137   0.594685 -0.0756063 -0.0992631  -0.00687106 -0.00564282 -0.00821022   0.0018394 -0.00136513 0.000464991  0.169212 -0.263124  -9.80096 12.6461
 -28.301  56.0487 -30.2956  0.138119 -0.338248  0.119766 0.635247  1.83632 -1.08141 -0.00223128  -0.0845348   0.0164964   0.624406 -0.0855108  -0.105473   -0.0086287 -0.00543544 -0.00718323  0.00180311  -0.0014394 0.000480018  0.169329 -0.262559  -9.80149 12.6798
-29.3942  54.6849 -36.7203 0.170657 -0.34574 0.117474 0.626184   1.8403 -1.08374 -0.0018522 -0.0847535   0.017386   0.636147  -0.150904 -0.0813595   -0.0119292 -0.00104516 -0.00298265  0.00184842 -0.00140054 0.000456561  0.169219 -0.262766  -9.80089 12.7132
-28.4279  51.7535 -41.1875  0.205894 -0.346876  0.111955 0.668375  1.81423  -1.0652 -0.00268682  -0.0840691   0.0141587   0.609519  -0.127095 -0.0574452  -0.0168693 0.00326218 0.00152111  0.00180648   -0.001525 0.000447205  0.169855 -0.261855  -9.80163 12.7489
-26.5634  48.9366 -44.3628  0.237804 -0.353005  0.112022 0.673643   1.8068 -1.05775 -0.00239306  -0.0839985   0.0142413   0.509376   -0.12783 0.00498123  -0.0168724 0.00515842 0.00109952  0.00182842 -0.00153883  0.00042056  0.169992 -0.261667  -9.80136 12.7814
-22.4157  44.3431 -44.5486  0.272765 -0.357512  0.109422  0.72351  1.74541 -1.05224 -0.00144144  -0.0834046  0.00991574   0.513476 -0.0986168  -0.022084    -0.0245634    0.0164651 -0.000252911  0.00170929 -0.00162152  0.00039617  0.171188 -0.261564  -9.80244 12.8168
-16.8529  39.1853 -41.8395  0.293606 -0.355059  0.110597 0.725299  1.75894 -1.01403 -0.000363323   -0.0832453    0.0113817   0.356298 -0.0212895  0.0266159   -0.0231176   0.0198113 -0.00555792  0.00174991 -0.00170131 0.000389066   0.17123 -0.260671  -9.80218 12.8378
-13.6048  34.9661 -40.3841   0.31144 -0.360147  0.115071 0.734036  1.72787 -1.03371 -0.000168169   -0.0832397    0.0103503   0.302721 -0.0433969  0.0662461  -0.0239541  0.0235549 -0.0069233    0.001736  -0.0016525 0.000351317  0.171437 -0.261266  -9.80199 12.8568
-8.99795  29.6816 -39.6106  0.314389 -0.362832  0.114693 0.692365  1.80837 -1.04399 -0.00198724  -0.0828359   0.0119583   0.144103 -0.0280922   0.072767   -0.0241952   0.0232107 -0.00654955  0.00178358 -0.00159376 0.000450948  0.170206 -0.261145  -9.80217 12.8609
 -5.1846   24.815 -39.8953  0.320111 -0.365503  0.122026 0.697853  1.78936 -1.04914 -0.00153114  -0.0824722   0.0115808  0.0751363 -0.0228533   0.102414   -0.0258081   0.0259461 -0.00639442  0.00179882 -0.00157257 0.000411435  0.170279 -0.261365  -9.80175 12.8705
-0.943998   19.1716  -40.7571  0.311204 -0.366428  0.124913  0.65754   1.8421 -1.05652 -0.00115175  -0.0823876    0.013093  -0.0973418 -0.00112555   0.0901568   -0.0247464   0.0246961 -0.00595635  0.00183577   -0.001494 0.000467498  0.169229 -0.261411  -9.80183 12.8799
 1.93466  14.8261 -41.3652  0.298632 -0.369844  0.137894 0.635515  1.85127 -1.06937 0.000218925  -0.0814605    0.012666   -0.216189 -0.00623358    0.137919   -0.0236134   0.0239208 -0.00617925  0.00191201   -0.001385 0.000411298  0.168398 -0.261867  -9.80082 12.8983
 4.65621  10.7125 -41.8652  0.276876 -0.374059  0.143768 0.601612  1.87206 -1.08573 0.000589342  -0.0810661    0.012315  -0.356516 -0.0189946   0.101531  -0.0216573  0.0206348 -0.0066666 0.00192215 -0.0012767 0.00044427  0.167529 -0.262419    -9.801 12.9213
 5.89175  7.68801 -42.0364   0.25211 -0.381461   0.16031 0.573796  1.88531  -1.1106 0.000637722    -0.08053  0.00956091  -0.474462 -0.0493334   0.151262   -0.0193412   0.0201958 -0.00698587  0.00201291 -0.00112271   0.0003593  0.166349 -0.263204  -9.79988 12.9519
  7.4806  3.25919 -42.7876  0.222292 -0.387565  0.166324 0.555515  1.88248 -1.11816  0.0006767 -0.0803874 0.00925049  -0.537557 -0.0660257    0.11231     -0.01763   0.0202693 -0.00710351  0.00199401 -0.00106255 0.000381903  0.166026 -0.263666  -9.80015 12.983
   8.5625 -0.981623  -43.6166  0.193572 -0.393714  0.174165 0.538645  1.87731 -1.12442 0.00077109 -0.0804325 0.00859997  -0.605083 -0.0790438   0.117439   -0.0155707   0.0213396 -0.00725436  0.00199439 -0.00100325 0.000354199  0.165666 -0.264115  -9.79993 13.0134
 9.89431 -5.43976 -44.4961  0.159769 -0.399022  0.179151 0.532626  1.87191 -1.12522 0.000716616  -0.0804148  0.00857931  -0.661175 -0.0777918   0.101865   -0.0139001   0.0206889 -0.00722636   0.00198059 -0.000985192  0.000366136  0.165625 -0.264303  -9.80006 13.0479
  10.915 -9.26766 -44.9658  0.125115 -0.403881   0.18697 0.526896  1.86645 -1.12631 0.000732016  -0.0805497   0.0083211  -0.711909 -0.0759042   0.102146   -0.0122851   0.0203248 -0.00760077   0.00197753 -0.000969092  0.000324976  0.165511 -0.264491   -9.7997 13.0838
 11.7024 -12.7943 -45.1871 0.0887866 -0.405637   0.19146 0.536929  1.87164 -1.12521 0.000838558  -0.0804915  0.00835493  -0.740533 -0.0491715  0.0842938   -0.0107484   0.0185606 -0.00786142   0.00198642 -0.000996153  0.000330973  0.165643 -0.264257  -9.79971 13.1205
 12.3467 -16.2112 -45.0817 0.0580537 -0.409502  0.194307 0.564563  1.81259 -1.12406 0.000803758  -0.0809324  0.00904284   -0.70783 -0.0568507  0.0616184  -0.00944221   0.0183787 -0.00812023  0.00189357 -0.00105875 0.000363267  0.166539 -0.264551  -9.79966 13.1516
 12.1947 -18.7701 -44.5655 0.0238662 -0.408497  0.199332 0.583252  1.82663 -1.12683 0.000977182  -0.0808834  0.00884926  -0.724716 -0.0214746  0.0648351  -0.00728861   0.0165461 -0.00854585  0.00191791 -0.00111231 0.000334437 0.166682 -0.26407 -9.79935 13.1861
12.2709 -21.942 -44.194 4.85626e-05   -0.410356    0.197401 0.644536  1.72392 -1.12888 0.00160895 -0.0811735  0.0102422  -0.613221 -0.0344655  0.0252032  -0.00574151   0.0164652 -0.00845374  0.00177514  -0.0012436 0.000462542  0.168392 -0.264303  -9.79959 13.2101
 11.3934 -23.6968 -43.7248 -0.024228 -0.408724   0.20247 0.675216   1.7148 -1.13792 0.00152804 -0.0814294  0.0106254   -0.597102 -0.00344925   0.0448632  -0.00318929   0.0142973 -0.00882387 0.00175833 -0.0013324 0.00041978 0.168868 -0.26387 -9.79897 13.2349
 10.7095 -25.9242 -42.9077 -0.0409873   -0.40845   0.196888 0.746629  1.60537 -1.14684 0.00267034 -0.0810735   0.012263  -0.481176 0.00497651 -0.0212897  -0.00212969   0.0142158 -0.00917225  0.00163284 -0.00147843 0.000598021  0.170691 -0.263931  -9.79943 13.2526
 9.15586 -27.3284 -41.9518 -0.0600098  -0.403345   0.197304 0.775995  1.61131 -1.16064 0.00264449 -0.0811945  0.0125018  -0.479832    0.05944 -0.0324895  -0.000121564    0.0130568  -0.00972461  0.00164525 -0.00156317 0.000575973  0.171033 -0.263301  -9.79913 13.2723
 7.67329 -30.1553 -40.3694 -0.0732786  -0.398319   0.188183 0.846006  1.51957 -1.17721 0.00363762  -0.080839  0.0130394  -0.376794  0.0787457 -0.0817746  0.000129016   0.0140266  -0.0104228  0.00156265 -0.00169896  0.00076532  0.172665 -0.263205  -9.79971 13.2892
 6.36979 -31.7604 -39.0515 -0.0866529  -0.391513   0.184901 0.873226  1.51454 -1.18974 0.00387264 -0.0808356   0.012968  -0.366263   0.114173 -0.0860986  0.000851078   0.0140944  -0.0110311  0.00156551 -0.00176673 0.000778924  0.173036 -0.262773  -9.79966 13.3045
 4.69038 -33.9556 -36.8611 -0.095937 -0.383695  0.174539   0.9312  1.43708 -1.21053 0.00448134 -0.0808905  0.0127701 -0.287295  0.126199 -0.138131  0.000289819   0.0146978  -0.0114837  0.00150727 -0.00187429 0.000940425  0.174338 -0.262697  -9.80013 13.3205
 2.95389  -34.896 -34.4523 -0.107538 -0.375368   0.16713 0.950292  1.43976 -1.22022 0.00481286 -0.0808027  0.0124999 -0.306923  0.157738 -0.169238  0.000518948   0.0133334  -0.0125192  0.00152658 -0.00191824 0.000962315  0.174532 -0.262342  -9.80031 13.3366
-0.855602  -34.3294  -28.9711   -0.1169 -0.363439  0.153742 0.994249  1.37297 -1.24125 0.00655938 -0.0816809  0.0131989 -0.269044  0.164713 -0.183036  0.000195782   0.0129216  -0.0145417  0.00145816 -0.00201726  0.00104814  0.175535 -0.262137  -9.80032 13.3568
-3.66988 -32.2304 -24.1136 -0.132051 -0.352477   0.14253  1.01497  1.40014 -1.24594 0.00779594 -0.0805908  0.0114532 -0.289851  0.194935 -0.208681  -0.000815852   0.00959632   -0.0169486  0.00152637 -0.00205602  0.00109171  0.175472 -0.261652  -9.80098 13.3786
 -7.6994 -28.9993 -17.1523  -0.14565 -0.343811  0.129528  1.00943  1.37368 -1.24471 0.00786469 -0.0812006   0.012298 -0.260305  0.154056 -0.204768  -0.00138393  0.00929509  -0.0188647   0.0014936 -0.00204495   0.0011092   0.17566 -0.261892   -9.8009 13.3993
-10.0266 -25.7069 -11.9303 -0.161276 -0.331761  0.120423 1.03653 1.41349 -1.2528 0.00898502   -0.08018  0.0105672 -0.266828  0.189756 -0.198398  -0.00249137  0.00756948  -0.0209083   0.0015528 -0.00210484  0.00109844  0.175448 -0.261219   -9.8012 13.4211
 -12.562 -20.9772 -5.84963 -0.175148 -0.327771  0.110672  1.00465  1.40769 -1.23409 0.00803678 -0.0798856  0.0108554 -0.217477  0.119195 -0.173188  -0.00309398  0.00672949  -0.0214682  0.00154021 -0.00203032  0.00110182  0.175342 -0.261867  -9.80109 13.4385
-13.9993 -17.0502 -1.84562 -0.185973 -0.319593  0.104716  1.02063  1.43418 -1.23901 0.00809491 -0.0797551  0.0104159 -0.188601  0.128422 -0.152326  -0.00373917  0.00569978  -0.0223228  0.00156448 -0.00206293  0.00106326   0.17513 -0.261484    -9.801 13.4533
-15.2289 -12.2865  1.91369 -0.195924 -0.314872  0.101914  1.01116  1.44925 -1.22942 0.00762347 -0.0793195  0.0101571 -0.128682 0.0956715 -0.112567  -0.00448686  0.00466364  -0.0218397  0.00154891 -0.00202997  0.00100065  0.174986 -0.261675  -9.80043 13.4647
-16.5267 -7.24338  3.69878 -0.204117 -0.312493 0.0946737 0.995286  1.46677 -1.21191 0.00877492 -0.0794055  0.0095578 -0.0751554  0.0678667  -0.107703  -0.00471737  0.00260908  -0.0217975  0.00157855 -0.00200119  0.00102705  0.174763 -0.262002  -9.80072 13.4759
-17.9109 -2.03102  5.60939 -0.208806 -0.308137 0.0953958 0.999038  1.50061 -1.20474 0.00840548 -0.0795371 0.00878019 -0.0109772   0.064272 -0.0556783  -0.00505584  0.00233852  -0.0214605  0.00159025 -0.00198744 0.000949156  0.174484 -0.262009  -9.80012 13.4823
-19.0906  2.28604  6.73987 -0.208477 -0.309101 0.0942452 0.973382  1.50492  -1.1894 0.00932884 -0.0793054 0.00824344   0.078756  0.0281331 -0.0336335  -0.00492268  0.00209396  -0.0209217  0.00158367 -0.00193522 0.000953051 0.174521 -0.26251 -9.79996 13.4838
-20.2034  7.31253  7.42076 -0.205677 -0.307522  0.102708 0.975322  1.54552 -1.17519 0.00933767 -0.0793313 0.00720007  0.150378 0.0186938 0.0521905  -0.00582964  0.00120885  -0.0204059  0.00159456 -0.00190052 0.000836204 0.174271 -0.26264  -9.7989 13.4929
-21.4027   13.156  7.88024 -0.197706 -0.308612  0.106025 0.961469  1.56057 -1.16515 0.00992054 -0.0793568 0.00691755     0.24076 0.000362752   0.0699972   -0.0058171 0.000381036   -0.020094  0.00160916 -0.00187858 0.000841821  0.174178 -0.262916  -9.79886 13.5016
-22.1898  17.9456  8.02963 -0.182752 -0.308356  0.113813 0.964447  1.56658 -1.16278 0.00976922 -0.0791035 0.00637475   0.357917 0.00917427  0.0879003  -0.00660704  0.00119966  -0.0194038  0.00160826 -0.00186169  0.00079444   0.17421 -0.262933  -9.79838 13.5185
-22.9155  22.6603  7.94669 -0.168736 -0.309162  0.118736 0.953378   1.6208 -1.13883  0.0107091 -0.0794466  0.0065409    0.407879 -0.00146803   0.0919502  -0.00677434  0.00119102  -0.0189383  0.00167111 -0.00185507 0.000785529    0.1737 -0.263244  -9.79817 13.5333
-22.7379  26.2894  8.03975 -0.144308 -0.309248   0.12543 0.955854  1.60888 -1.14206  0.0107232 -0.0790982 0.00618276     0.518798 -0.000225643    0.0841064  -0.00867555  0.00345961  -0.0181585  0.00165619  -0.0018409 0.000756325  0.173878 -0.263204   -9.7979 13.5587
-22.6133   30.282  7.49797 -0.136891 -0.312614  0.122593 0.921244  1.76399 -1.07682  0.012007 -0.081429 0.0085566   0.464887 -0.0227819  0.0584291  -0.00972747  0.00226846  -0.0170384   0.0018388 -0.00187782 0.000842748  0.172226 -0.263985  -9.79813 13.5673
-22.4605  34.5043  5.36512 -0.111368 -0.311094  0.131806 0.945065  1.77528 -1.06304  0.0120768 -0.0809218 0.00762399   0.543576 -0.0015343  0.0797763  -0.0118043 0.00185142 -0.0153239  0.00187272 -0.00188441 0.000770386  0.172113 -0.263747  -9.79742 13.5945
-22.7818  38.2246   2.6152 -0.100052 -0.309307  0.132794 0.944359  1.89323 -1.00694  0.0126273 -0.0840107 0.00773518   0.491966 -0.0147734  0.0502553  -0.0124383 0.00176484   -0.01354  0.00202159 -0.00194525 0.000844464  0.170686 -0.264038  -9.79737 13.606
 -23.4194   41.0194 -0.593663 -0.0718142  -0.310159    0.13612 0.951109  1.87631 -1.01121  0.0126168 -0.0835141 0.00748806   0.559688 -0.0312152   0.028367   -0.012368 0.00308816 -0.0120391  0.00201019 -0.00193824 0.000817057  0.170867 -0.263937  -9.79723 13.6344
-24.0103  44.1725 -3.31073 -0.0520611  -0.307045   0.136701  0.979994   1.93042 -0.963682   0.012526 -0.0844901 0.00738194   0.513222 -0.0277932  0.0126255  -0.0123806 0.00301212 -0.0118089  0.00209168 -0.00202987 0.000842676  0.169968 -0.263518  -9.79714 13.6544
-25.2409  45.9868  -6.3316 -0.0229262  -0.309476   0.134024  0.981841   1.90878 -0.976122  0.0122822 -0.0841247 0.00702772   0.569732 -0.0553561  -0.039249   -0.0116631  0.00476862 -0.00997655  0.00204775  -0.0020278 0.000858394  0.170193 -0.263527  -9.79753 13.6838
-26.1685   48.627 -9.32676 0.00107768  -0.307219   0.131308   1.00965   1.93478 -0.930099  0.0124323 -0.0843537 0.00717141   0.549939 -0.0424878 -0.0345483  -0.0113387 0.00391479 -0.0105972  0.00208441 -0.00212167 0.000873087  0.169629 -0.262926  -9.79756 13.708
-27.6002  51.2366 -12.2891 0.0284839 -0.309015  0.129769    1.0166   1.92769 -0.925772  0.0125058 -0.0843513 0.00708053   0.569722 -0.0686778 -0.0544747  -0.0106029 0.00434057 -0.0101862  0.00208614 -0.00213041 0.000858189  0.169656 -0.262796  -9.79751 13.7355
-29.3226   54.184 -15.9585   0.05512 -0.307098  0.126776   1.04269   1.94115 -0.877604  0.0130576 -0.0843309 0.00700012   0.577756 -0.0487014  -0.059572   -0.010362  0.0034551 -0.0107904  0.00210767 -0.00221998 0.000863849  0.169292 -0.262143   -9.7975 13.7624
-31.4392  56.0302 -20.5152 0.0846322 -0.309073   0.12308    1.0515   1.92607 -0.875356  0.0129793 -0.0842292 0.00682818   0.613017 -0.0747332 -0.0746604   -0.010039 0.00389842 -0.0097192  0.00209143 -0.00223234  0.00085176  0.169401 -0.262009  -9.79765 13.7922
-33.5658  57.9892 -25.6047  0.116964 -0.311254  0.119316   1.06269   1.92319 -0.857848  0.0130304 -0.0842308 0.00655663   0.620976  -0.094726 -0.0741208  -0.00990046  0.00404132   -0.010009  0.00209803 -0.00226318 0.000845088 0.169374 -0.26174 -9.79765 13.8248
-35.7871   58.702 -31.0904  0.151982 -0.315348  0.113389    1.0789   1.89269 -0.855025  0.0128266 -0.0837228 0.00585583    0.67495  -0.111241 -0.0989815   -0.0103083  0.00527173 -0.00807429  0.00205729 -0.00228663 0.000828464  0.169626 -0.261567  -9.79805 13.8606
-35.0128  57.5056  -35.411  0.178925 -0.323053  0.111614  1.06262   1.9145 -0.86168  0.0132727  -0.084344 0.00765197   0.66897 -0.161277 -0.060249  -0.0119871 0.00788321 -0.0072359  0.00209843 -0.00224658 0.000816928  0.169439 -0.261775  -9.79752 13.8887
-34.9574  56.5118 -40.2165  0.216931 -0.329375  0.106465   1.08616   1.89168 -0.836235  0.0128939 -0.0839204 0.00555381   0.593093  -0.175742 -0.0445307   -0.0123366  0.00877106 -0.00617261  0.00205991 -0.00231005 0.000826545 0.169658  -0.2614 -9.79809 13.9275
-32.7852  54.1054  -41.877  0.240102 -0.335052  0.109212   1.08339    1.9231 -0.793407  0.0130966 -0.0846659 0.00793235  0.507782 -0.167443  0.032714   -0.0124516    0.010705 -0.00567307  0.00215383 -0.00233495 0.000805413  0.169363 -0.260902  -9.79728 13.9516
-28.6114  50.9974 -41.4391  0.271068 -0.338617  0.107145   1.11369   1.88242 -0.764154  0.0138845 -0.0846509 0.00431423  0.492339 -0.146979 0.0162078   -0.0137824    0.012601 -0.00606257  0.00206264 -0.00241692 0.000813632  0.169886 -0.260577  -9.79821 13.9828
-24.9122  47.2985 -41.2498  0.290234 -0.344189  0.108614   1.10651   1.91628 -0.737415  0.0132725 -0.0847991 0.00580819  0.397645 -0.137629 0.0546823   -0.0136074   0.0142623 -0.00576331  0.00209687 -0.00244338  0.00083398  0.169657 -0.260221  -9.79803 14.0028
-20.9987  39.9189 -42.6028  0.324486 -0.350919  0.106007   1.14709   1.85827 -0.719566   0.0125196  -0.0841453 -0.00200014   0.43212 -0.125515 0.0119133   -0.0167519   0.0208383 -0.00253503  0.00197886 -0.00252808 0.000882139  0.170577 -0.260347  -9.79941 14.0378
-15.9763  31.5139  -43.719 0.333994 -0.35454 0.104238   1.11848   1.91918 -0.714729 0.0112251 -0.084983 0.0015649   0.216966 -0.0736103  0.0489725   -0.0170067   0.0224584 -0.00163038  0.00200653 -0.00251979 0.000911497  0.170091 -0.260035  -9.79931 14.0481
-12.0752  25.9891 -44.1043   0.33783 -0.356049  0.110593   1.11819   1.92047 -0.712875  0.0123925 -0.0843024 0.00251337   0.0559011 -0.00468829   0.0925604   -0.0172791   0.0219488 -0.00258227  0.00203828 -0.00250779 0.000880687  0.169987 -0.259972  -9.79883 14.0557
    -8.6  22.2323 -43.5026  0.327767 -0.356815  0.110907   1.07361   1.99408 -0.737182  0.0111966 -0.0835731 0.00320933 -0.132518 0.0244925 0.0847999    -0.016027   0.0195438 -0.00366934  0.00202254 -0.00247694 0.000985911   0.16937 -0.259923  -9.79931 14.0658
-6.88693  18.6092 -43.8777  0.316489 -0.362037  0.125297   1.04113   1.99939 -0.784806   0.0108289  -0.0821171 0.000797498 -0.24403 0.014964 0.146547   -0.0153481   0.0189377 -0.00380882 0.00212114 -0.0023692 0.00096978  0.168665 -0.260378  -9.79831 14.0848
-4.50685  15.1529  -43.779  0.295647 -0.363955  0.131122   1.00331   2.01497 -0.816815    0.010678  -0.0817592 0.000467258 -0.382636 0.0323395  0.127454   -0.0147374   0.0178183 -0.00435413  0.00209811 -0.00231607  0.00102006  0.168224 -0.260678  -9.79862 14.1066
 -3.0328  11.9175 -43.5668  0.275767 -0.369864  0.143836  0.959328   1.99641 -0.864465  0.00967166   -0.081733 -0.00151929  -0.464686 0.00449382   0.145102   -0.0140224   0.0183927 -0.00481401   0.0021472 -0.00220609 0.000982061  0.167574 -0.261314  -9.79795 14.1309
-1.02385  6.56684 -43.7936  0.250916 -0.373319  0.153083  0.948266   1.95714 -0.881035  0.00917138  -0.0823347 -0.00216809  -0.510693 0.00021463   0.128328   -0.0137364   0.0191758 -0.00524461  0.00212279 -0.00217452 0.000961823  0.167534 -0.261804  -9.79782 14.1576
0.228155  2.97692 -43.4058  0.221964 -0.376797  0.164915 0.903327  1.95484  -0.9038  0.00914318  -0.0823749 -0.00319525  -0.623685 0.00646101   0.143402   -0.0132009    0.019068 -0.00590421  0.00216133 -0.00209022 0.000904654  0.166916 -0.262125   -9.7972 14.1891
   1.701 -1.11717 -42.2227   0.18654 -0.376152  0.171764  0.903087   1.94621 -0.904465  0.00905902  -0.0825396 -0.00315723 -0.674183 0.0335573  0.102061   -0.0127631   0.0188294 -0.00640619  0.00215117 -0.00208823 0.000905196  0.166945 -0.262215  -9.79722 14.2252
  2.3881 -5.20706 -41.3503  0.150168 -0.375875  0.179314  0.874001   1.95571 -0.911533  0.00891688  -0.0824958 -0.00360612  -0.73375 0.0412073 0.0761351    -0.012248   0.0187879 -0.00672671  0.00218116 -0.00204156 0.000859372  0.166555 -0.262296  -9.79684 14.2623
 2.84321 -9.39584 -40.5083  0.111082 -0.372617  0.180269 0.879767  1.95928 -0.90984  0.00892766  -0.0823124 -0.00341505 -0.746687 0.0645566 0.0305144   -0.0115906   0.0187729 -0.00682976  0.00217878  -0.0020508 0.000887222  0.166625 -0.262241  -9.79707 14.3016
 3.05093  -13.654 -39.9367  0.072478 -0.369541  0.182458   0.87461   1.95655 -0.909411  0.00894713  -0.0824414 -0.00355113  -0.751893  0.0673039 0.00138537   -0.0109654    0.018938 -0.00692015  0.00217709 -0.00204338 0.000866319  0.166575 -0.262294  -9.79689 14.3403
 3.15387 -17.8097 -39.7967 0.0369405 -0.365586  0.181014  0.886995   1.95162 -0.909478  0.00879356   -0.082333 -0.00343914 -0.745014 0.0829499 -0.027974   -0.0102458   0.0187043 -0.00671933  0.00217293 -0.00206094 0.000883631  0.166717 -0.262258  -9.79699 14.3761
 3.17736 -21.9336 -39.5663 0.00257791  -0.363403   0.177984 0.908659  1.90456  -0.9081  0.00823961  -0.0819922 -0.00316088  -0.716613  0.0754599 -0.0531977  -0.00965367   0.0186026  -0.0065499  0.00212107 -0.00209191 0.000922592  0.167113 -0.262523    -9.797 14.4107
 2.84946 -24.7782 -38.8596 -0.0304354  -0.357396   0.175917  0.930346   1.91147 -0.914756  0.00821282  -0.0820154 -0.00322398  -0.739693   0.104422 -0.0602433  -0.00901796   0.0174204 -0.00659462  0.00212875 -0.00212355 0.000915374  0.167254 -0.262314  -9.79691 14.4443
 2.48522  -27.823 -37.1191 -0.063133 -0.355397  0.169001  0.953798   1.82648 -0.916433   0.0083109   -0.082365 -0.00212028  -0.701064  0.0747132 -0.0853679    -0.008769   0.0168979 -0.00700535  0.00204257 -0.00215303  0.00100033  0.167783 -0.262775  -9.79704 14.4778
 1.40603 -29.4567 -35.2374 -0.092693 -0.350036  0.166629  0.979953   1.82398 -0.927361 0.00848653 -0.0825037 -0.0021184  -0.703768  0.0826668 -0.0823536  -0.00807609   0.0155356  -0.0075237   0.0020317 -0.00219098 0.000986773 0.167963  -0.2626 -9.79683 14.5079
-0.129015  -31.7892  -33.0925  -0.11933 -0.348874  0.156191   1.02813   1.69959 -0.945928   0.00958102   -0.0828892 -0.000272451 -0.610905 0.0548357 -0.100347  -0.00731758   0.0152253 -0.00788725  0.00192263 -0.00226072  0.00113449   0.16878 -0.263002  -9.79704 14.5366
-0.908819  -32.9785  -31.4786 -0.141346 -0.343933    0.1531   1.06877    1.6838 -0.969336   0.00972708    -0.083066 -0.000173538  -0.592282  0.0697968 -0.0949223  -0.00713753   0.0141625 -0.00802899   0.0019032 -0.00232083  0.00114228  0.169091 -0.262762  -9.79685 14.5593
-3.07727   -32.66 -27.8679 -0.162508 -0.341396  0.135626   1.1222  1.55043 -1.00118  0.0126487 -0.0838083  0.0017518 -0.523321 0.0492318 -0.187708  -0.00621005   0.0130846 -0.00936589  0.00181812 -0.00240582  0.00136378 0.169973   -0.263 -9.79758 14.5869
-6.26964 -31.6996 -23.8643 -0.181556  -0.33373  0.127476 1.17564 1.55138 -1.0375  0.0138714 -0.0842518  0.0023315 -0.505678 0.0752837 -0.206954  -0.00525231   0.0116222  -0.0110279  0.00179884 -0.00248934  0.00134183  0.170227 -0.262464  -9.79739 14.609
-10.7473 -29.6526 -18.0308 -0.201144 -0.331393  0.108366  1.19412  1.45277 -1.05655  0.0163795 -0.0854054 0.00422886 -0.427157 0.0422603 -0.225112  -0.00434384   0.0107334  -0.0124606 0.00172267 -0.0025303 0.00147568  0.170805 -0.262663  -9.79774 14.6365
-14.1694 -26.4087 -13.9801 -0.216687   -0.3246 0.0986889   1.2346  1.45729 -1.08509   0.017486 -0.0859806 0.00494237 -0.387772 0.0722129  -0.20622  -0.00391419   0.0091084   -0.013952  0.00171255 -0.00259262  0.00145264   0.17092 -0.262194  -9.79769 14.656
-17.0279 -21.7857  -9.6807 -0.233991 -0.324137 0.0883103  1.22376  1.41429 -1.08313  0.0172232 -0.0864818 0.00607975 -0.330524 0.0131799 -0.172409  -0.00411495  0.00761847  -0.0140531  0.00166494 -0.00257463  0.00146067  0.171109 -0.262408  -9.79742 14.6762
-18.9273 -16.4898 -8.01599 -0.242968 -0.317533 0.0797642  1.28361  1.40991 -1.12518  0.0172745 -0.0871589 0.00722783  -0.26593 0.0436008 -0.157322  -0.00384198  0.00547006  -0.0146795  0.00167113 -0.00265822  0.00145468  0.171267 -0.261772  -9.79758 14.6902
 -21.225 -10.1418 -5.79125 -0.253287 -0.321495 0.0767552  1.24369  1.37931 -1.10748  0.0164412 -0.0867528  0.0077993   -0.187165 -0.00825023  -0.0904461  -0.00394385  0.00497501  -0.0152116  0.00162035 -0.00259967  0.00142993  0.171407 -0.262178    -9.797 14.7017
-22.5189 -6.12902 -2.60995 -0.247689 -0.310676 0.0766106   1.3502   1.3231 -1.19279  0.0141812 -0.0885438 0.00857045 -0.0261345  0.0716072 -0.0388736  -0.0037522 0.00652242 -0.0162489  0.00157709 -0.00271941  0.00140112  0.171863 -0.261058  -9.79672 14.7139
-23.0195 -1.47037 0.347108 -0.246929 -0.309301 0.0778834  1.33651  1.32035 -1.18534  0.0139269 -0.0880816 0.00862447   0.0506435   0.0458252 -0.00530416  -0.00452138  0.00667492  -0.0165161  0.00156167 -0.00269576  0.00137519  0.171901 -0.261181   -9.7964 14.7159
-23.4363  3.10693  2.89394 -0.237443 -0.302246 0.0790661  1.38166  1.28999 -1.21841  0.0131076 -0.0885051 0.00820388  0.159318 0.0810652 0.0192458  -0.00478347  0.00681574  -0.0172059  0.00153859 -0.00274238  0.00137872  0.172075 -0.260719  -9.79643 14.7278
-23.0633  8.33217  5.53063 -0.229888 -0.298579 0.0863798  1.38598  1.31307 -1.20587  0.0132587 -0.0874627 0.00794595   0.22121  0.079243 0.0640229  -0.00555482  0.00720017  -0.0175458  0.00153158 -0.00272312  0.00130353  0.171987 -0.260753   -9.7958 14.7389
-22.3673  12.5647   7.4744 -0.210275 -0.295847 0.0958631  1.38034  1.27464 -1.22099  0.0126283 -0.0861815 0.00755869  0.362017 0.0899402 0.0911691  -0.00583513  0.00790518  -0.0176249  0.00147789 -0.00269392  0.00125488   0.17239 -0.260681  -9.79516 14.7608
-21.3408  16.6573  8.71546 -0.191707 -0.290695  0.105909  1.38831  1.29737 -1.20901  0.0130308 -0.0856491 0.00726068 0.449904 0.105032 0.129852  -0.00680846  0.00775934  -0.0176188  0.00148261 -0.00267634  0.00118492  0.172295 -0.260711  -9.79457 14.7826
-20.7952  23.2994  9.48303 -0.174905  -0.28562   0.10824  1.37527  1.34728 -1.18372  0.0146138  -0.087267 0.00670822  0.503746 0.0937924 0.0989579  -0.00724749  0.00653258  -0.0179272  0.00152684 -0.00269288  0.00125299  0.171858 -0.261058  -9.79501 14.8003
-20.4475  29.2794  9.47005 -0.148635 -0.280528  0.122737  1.37316  1.38308 -1.16643  0.0146596 -0.0871108 0.00485587 0.598318 0.103116 0.146375  -0.00784479  0.00621896  -0.0176202  0.00156407 -0.00264928  0.00118033  0.171871 -0.261287  -9.79406 14.8307
-19.3522  34.0282  7.81033 -0.138902 -0.278666  0.131332  1.29895  1.54094 -1.09534  0.0193569 -0.0934739  0.0033338   0.58537 0.0504754  0.158217  -0.00911596   0.0061145  -0.0153266 0.00168364  -0.002591 0.00123839  0.171094 -0.262633  -9.79362 14.8438
-17.748 37.2763 5.11117 -0.105471 -0.277822  0.138123  1.29296   1.5263 -1.10042  0.0194848 -0.0928319  0.0035407   0.66626 0.0204508  0.119081  -0.0103569 0.00704471 -0.0142804  0.00166498 -0.00258362   0.0012394  0.171219 -0.262639  -9.79367 14.878
-17.1717  41.3585  3.03588 -0.0860505  -0.271499   0.141128  1.32307  1.62848 -1.04278  0.0194627 -0.0969644 0.00343332     0.6123 0.00570861   0.100272  -0.0106406 0.00670166 -0.0138716  0.00176876 -0.00263647  0.00128614  0.170285 -0.262815  -9.79364 14.8986
-18.2818   45.593  0.45041 -0.0546484   -0.27393   0.146564  1.30699  1.63522 -1.05414  0.0197624 -0.0970649 0.00342438   0.653604 -0.0390421  0.0746859  -0.00958486  0.00686678  -0.0128567  0.00177377 -0.00261267  0.00128566  0.170363 -0.263004  -9.79351 14.9306
-19.8671  50.2047 -2.11154 -0.0326977  -0.269059   0.148099  1.36537  1.69615 -0.97896  0.0203594 -0.0976238 0.00440563    0.62119 0.00224244  0.0586253  -0.00902707  0.00620492  -0.0128941  0.00181708 -0.00272345  0.00131972   0.16944 -0.262654  -9.79351 14.9531
-21.4428  54.1178 -4.86067 -0.00104187    -0.26893     0.15055    1.3696   1.69334 -0.976609  0.0203588 -0.0976275 0.00442029   0.676781 -0.0186445  0.0416218    -0.00853 0.00653111 -0.0124249  0.00181557 -0.00272766  0.00131701  0.169426 -0.262609  -9.79352 14.9849
-23.8613  58.6245 -8.47815  0.025514 -0.265215  0.153727   1.40305   1.74466 -0.911417  0.0213686 -0.0975415  0.0049523    0.67048 0.00671979  0.0268983  -0.00812484  0.00614848  -0.0124412   0.0018551 -0.00281135  0.00134753  0.168789 -0.262336  -9.79322 15.0119
 -26.353  61.3781 -12.5482 0.0585124 -0.264439  0.152867   1.41054   1.73751 -0.903952  0.0212603 -0.0974259 0.00496525    0.726488 -0.00824273  0.00172295  -0.0081025 0.00663812 -0.0119555  0.00183516 -0.00282651  0.00135445  0.168773 -0.262235  -9.79343 15.0449
-30.481 64.8208 -18.746  0.096689 -0.262211  0.151585   1.42648   1.74651 -0.869382  0.0213478 -0.0974357 0.00491456    0.766591 -0.00791206  -0.0313491  -0.00781708  0.00650081  -0.0120684  0.00183358 -0.00287283  0.00137128  0.168587 -0.261983  -9.79349 15.0831
-34.7218  66.3521 -25.5656  0.134378 -0.262625  0.146253    1.4325    1.7402 -0.862913  0.0210241  -0.097088 0.00467918    0.81355 -0.0278147 -0.0808301  -0.00803522  0.00689167  -0.0110546  0.00179568 -0.00289206    0.001393  0.168572 -0.261918  -9.79389 15.1212
-40.0111  68.4485 -33.4656  0.172909 -0.262177  0.143266   1.43866   1.75909 -0.832442  0.0211136 -0.0974234 0.00470401   0.822171 -0.0465554 -0.0763704  -0.00797453  0.00686717  -0.0111367  0.00181854 -0.00292363  0.00141046  0.168409 -0.261739   -9.7937 15.1599
-44.5614  68.9323 -40.6062  0.206591 -0.261488  0.130448   1.44324   1.79563 -0.792747  0.0201169 -0.0974621 0.00421166   0.808488 -0.0456075  -0.161499  -0.00788601  0.00757815  -0.0103953   0.0017324 -0.00300106  0.00151749  0.168087 -0.261533  -9.79454 15.1959
-50.3239  70.3196  -49.652  0.248863 -0.265918  0.122687   1.43635   1.81754 -0.795937  0.0200169 -0.0977009 0.00460597  0.801546 -0.102814 -0.128355  -0.0078748 0.00729141  -0.010921  0.00174253 -0.00299596  0.00153935  0.167973 -0.261607   -9.7944 15.2391
-53.2812  70.1878 -55.1607   0.27763 -0.266416  0.111132   1.43509   1.85639 -0.747543  0.0194773  -0.098123 0.00412559  0.749739 -0.103849 -0.162246  -0.0077321   0.008411 -0.0105803  0.00166299 -0.00307794  0.00162804  0.167716 -0.261275  -9.79502 15.2701
-54.7921    69.57  -60.258  0.310741 -0.274222  0.105906   1.42121   1.90602 -0.757224  0.0189858 -0.0985784  0.0055495  0.692888 -0.148125 -0.125079  -0.00807284  0.00966121   -0.010169  0.00171913 -0.00304954   0.0016692  0.167438 -0.261422  -9.79443 15.3045
-49.8878  67.1178 -58.8151  0.338421 -0.277256 0.0954554   1.41695   1.93202 -0.714019   0.018032 -0.0990401  0.0040603  0.648972 -0.151896 -0.127019  -0.00833425   0.0118813 -0.00984064  0.00165568 -0.00311768  0.00174144  0.167396 -0.261124    -9.795 15.3343
-43.6799  62.4976 -57.6534    0.3594 -0.286828 0.0909109   1.39257   2.01085 -0.724244  0.0158556  -0.100343 0.00695533   0.502738  -0.194449 -0.0319437   -0.0093672   0.0141823 -0.00825562  0.00170357 -0.00308866  0.00180382  0.166977 -0.261139  -9.79452 15.3578
-37.8384    60.32 -54.5095  0.382228 -0.295161 0.0842713   1.38811   2.02182 -0.730019  0.0150552   -0.10093 0.00429585   0.420297  -0.188415 -0.0232279  -0.00959755   0.0146832 -0.00921804  0.00161372 -0.00311418    0.001861  0.167057 -0.261212  -9.79529 15.383
-31.6308  54.2355 -52.6671  0.386727 -0.307569 0.0830155   1.34763   2.13306 -0.768346  0.0117623  -0.101223 0.00764588  0.290559 -0.223287 0.0114223   -0.0106526   0.0172034 -0.00755184 0.00167358 -0.0030643 0.00196005  0.166425 -0.261185  -9.79467 15.3962
-25.4098  47.2219 -51.3672  0.407805 -0.317151 0.0798909   1.35943    2.0992 -0.741919  0.0114905  -0.101326 0.00308259  0.235325 -0.198987 0.0273378   -0.0120686   0.0194451 -0.00657341  0.00160716 -0.00312198  0.00198922 0.166888 -0.26124 -9.79546 15.4196
 -20.225  40.4849 -51.8338  0.405219 -0.329767 0.0783413  1.31544   2.1755 -0.80571 0.00973667  -0.101987  0.0046611 0.0176645 -0.181776 0.0714762   -0.0124208   0.0200892 -0.00579109  0.00155946 -0.00307793   0.0020724  0.166327 -0.261289  -9.79569 15.4326
-16.1341  35.3164 -52.2261  0.406246 -0.340665 0.0845365   1.31881   2.14797 -0.835633  0.0104176  -0.101428 0.00385859 -0.0632095  -0.169301   0.103238  -0.0127511  0.0205866 -0.0057004  0.00156444 -0.00304933  0.00205284  0.166226 -0.261614  -9.79555 15.4451
-12.7176  28.7764 -53.1091  0.391463 -0.352735 0.0874274   1.27498   2.18266 -0.899852  0.0102933  -0.101244 0.00396498 -0.268607 -0.136373  0.090863   -0.0122572   0.0205554 -0.00552264  0.00150866 -0.00300873  0.00211506  0.165707 -0.261738  -9.79586 15.4644
-11.5749   23.259 -52.8891  0.373885 -0.365721  0.102415   1.23283    2.1704 -0.987759   0.0114167   -0.100497 0.000394058 -0.442829 -0.127912  0.126621  -0.0109136  0.0214907 -0.0056137  0.00158041 -0.00289422  0.00213473  0.164862 -0.262235  -9.79491 15.4909
-11.0423  17.4268 -51.7871  0.339367 -0.376557   0.10522  1.18585  2.20369 -1.03835    0.0103124   -0.0992161 -0.000632994  -0.58181 -0.101226 0.0864739   -0.0101238   0.0209662 -0.00636144   0.0015422 -0.00286219  0.00223277 0.164416 -0.26235 -9.79539 15.5272
-12.0181  13.0173 -51.6956  0.309721 -0.386825  0.126103 1.12956  2.1948 -1.1066   0.0106175   -0.100312 -0.00647164 -0.692938 -0.123647  0.148465  -0.00866541   0.0213952  -0.0063319  0.00168856 -0.00272472  0.00222604  0.163472 -0.262595  -9.79392 15.5649
-12.0881   6.9984 -51.7949  0.272762 -0.394434  0.132629  1.14088  2.16403 -1.10794   0.0099526   -0.100773 -0.00620314  -0.698354 -0.0800496   0.130338  -0.00825305   0.0213286 -0.00646679  0.00166424 -0.00273346  0.00222079  0.163586 -0.262875  -9.79408 15.6032
-10.4188 0.957021 -51.9412  0.243418 -0.398292  0.134225   1.1579  2.14786 -1.10299  0.00919837   -0.100804 -0.00601681  -0.726298 -0.0436468  0.0702739  -0.00833502   0.0218619 -0.00645265  0.00163727 -0.00275715  0.00225075  0.163785 -0.263059  -9.79443 15.6328
-8.32618  -5.8909 -51.8021  0.207506 -0.401521  0.144086  1.18936  2.09662 -1.09994  0.00863425   -0.100685 -0.00760008  -0.755255 0.00684766   0.081475  -0.00853376   0.0220402 -0.00673099  0.00163059 -0.00277543  0.00221264 0.163987 -0.26349 -9.79388 15.6702
-6.17836 -11.6126 -51.5771   0.17017 -0.400236   0.14741  1.19853  2.08756 -1.09971  0.00842342   -0.100762 -0.00778073  -0.80141 0.0607361 0.0478585  -0.00863642   0.0220052 -0.00679627  0.00162428 -0.00278408  0.00221874  0.164066 -0.263578  -9.79388 15.7077
-4.38624 -17.2754 -51.1045  0.132829 -0.397883  0.152068  1.22423  2.05115 -1.10147  0.00784704   -0.100886 -0.00841852 -0.827384 0.0935798  0.019738  -0.00861942   0.0217809 -0.00705666  0.00160424 -0.00280351  0.00220551  0.164244 -0.263883  -9.79357 15.7454
-3.30528 -21.1267 -49.8674 0.0904449 -0.397204  0.158775  1.19583   2.0072 -1.10607  0.00658033   -0.101306 -0.00831531  -0.87063 0.0964667 0.0293494  -0.00837555   0.0209488 -0.00732545 0.00159326 -0.0027603 0.00212446  0.163935 -0.264186  -9.79282 15.7884
-2.72426 -24.1115 -48.4491 0.0506639 -0.391659  0.161932  1.22352  1.99086 -1.11197  0.00639323   -0.101672 -0.00814513 -0.863947  0.122557 0.0214156  -0.0080848  0.0203121 -0.0074899  0.00157779 -0.00278062  0.00209696  0.164106 -0.264272  -9.79254 15.8286
-1.35766 -28.7662 -47.7851 0.0112298 -0.389036  0.162064  1.25154  1.92171 -1.12376  0.00585793   -0.102425 -0.00716928  -0.822838   0.103028 0.00522582  -0.00794245   0.0201406 -0.00740423  0.00151493 -0.00281096  0.00212473  0.164298 -0.264768  -9.79237 15.8682
-0.163533  -32.1091  -47.4378 -0.0200956  -0.382071   0.167598  1.31745   1.9044 -1.14979  0.00489897   -0.102586 -0.00743558 -0.801705  0.143015 0.0186793  -0.00766284    0.019859 -0.00709702  0.00149517 -0.00287813   0.0020875  0.164758 -0.264764  -9.79175 15.9007
 1.00777 -35.9839 -46.2234 -0.0568003  -0.376022   0.166572  1.37504  1.83995 -1.17758  0.00451968   -0.103043 -0.00664495  -0.760605   0.139392 -0.0159721  -0.00737708   0.0196274 -0.00720286  0.00144588 -0.00294673  0.00216362  0.165191 -0.265124  -9.79168 15.9379
 1.58388 -38.9405   -45.02 -0.0852838  -0.368239    0.16919  1.41758  1.82708 -1.20367  0.00420163   -0.103411 -0.00679689   -0.74692   0.158997 -0.0197286  -0.00716994   0.0194349 -0.00711734  0.00141698 -0.00299822  0.00214407  0.165485 -0.265072  -9.79123 15.9676
 1.79519  -43.287 -42.5257 -0.120122  -0.35835  0.165858  1.48868  1.76988 -1.25338  0.00427762   -0.104169 -0.00644827  -0.687296   0.159249 -0.0400644  -0.00697196   0.0194501 -0.00729235  0.00138124 -0.00309517  0.00224464  0.166055 -0.265197  -9.79115 16.004
 1.99066 -45.4983 -40.6906 -0.143394 -0.350254  0.166043  1.52211  1.75997 -1.28238  0.00439943   -0.104611 -0.00663652  -0.669077   0.167664 -0.0322262  -0.00688806   0.0190311 -0.00716681  0.00136025 -0.00314388  0.00225274  0.166296 -0.265094  -9.79092 16.0286
 1.55151  -48.863 -36.8284 -0.176045 -0.339168  0.162876  1.57775  1.70692 -1.33507   0.0048393   -0.105633 -0.00648385  -0.612401   0.155308 -0.0315679  -0.00685372   0.0188941 -0.00741488 0.00133174 -0.0032295 0.00234957  0.166751 -0.265079   -9.7908 16.0632
0.860507 -49.6592 -33.7653 -0.197643 -0.333607   0.15876  1.58577  1.69815 -1.34245  0.00529252   -0.105612 -0.00655539  -0.612195   0.141641 -0.0505636  -0.00675348   0.0177479 -0.00781496  0.00135332 -0.00324044   0.0024014  0.166822 -0.265098  -9.79112 16.0859
-2.53683 -50.0972  -25.329  -0.22618 -0.326476  0.149415  1.61928  1.61277 -1.38422  0.00747316   -0.107348 -0.00570537  -0.539443  0.0909622 -0.0939635  -0.00692393   0.0174473  -0.0089461  0.00132385 -0.00329836  0.00255197  0.167146 -0.265188  -9.79132 16.1168
-5.88715 -48.7157 -19.4983 -0.246222 -0.324415  0.141384  1.61807  1.60784 -1.37798  0.00832325   -0.106471 -0.00641625  -0.52558 0.0692474 -0.123717  -0.00668614   0.0157717 -0.00992526  0.00136201 -0.00329796  0.00262582  0.167156 -0.265296  -9.79184 16.1385
-11.0375 -44.6682 -10.2409 -0.270457 -0.323826  0.131619  1.62414  1.53815 -1.38527  0.00979214   -0.107398 -0.00478773  -0.418413  0.0205137 -0.0950042  -0.00667465   0.0150605  -0.0105212  0.00131737 -0.00330618  0.00270183  0.167297 -0.265443  -9.79179 16.1646
-13.3732 -40.7096 -5.70681 -0.288425 -0.324494  0.123789  1.61404  1.53986 -1.36728   0.0109526   -0.106332 -0.00643343    -0.392171 -0.000135903    -0.113724  -0.00695218   0.0133389  -0.0112588  0.00136046 -0.00329788  0.00277928  0.167244 -0.265623  -9.79235 16.1842
-16.2716 -34.4876  1.45023 -0.306945 -0.329151  0.113164  1.59962  1.48733 -1.35023   0.0122747    -0.10632 -0.00591613   -0.28644 -0.0469217  -0.116836  -0.00703491   0.0127602  -0.0116987  0.00135492 -0.00328373  0.00286942  0.167351 -0.265845  -9.79259 16.2061
-17.6435 -30.0673  4.89425 -0.318466  -0.33028  0.107936  1.60144  1.49882 -1.35093   0.0126141   -0.106264 -0.00642401  -0.244057 -0.0459046  -0.107763  -0.00705333   0.0121951  -0.0119319 0.00137059 -0.0032875  0.0028746  0.167293 -0.265846  -9.79276 16.2188
-18.5995 -23.5895  8.82619 -0.327836 -0.336798  0.102525  1.58102   1.4662 -1.33047   0.0127085   -0.105789 -0.00613179  -0.145264 -0.0655602  -0.077925  -0.00719793   0.0117622  -0.0117766 0.00135163 -0.0032651  0.0029135  0.167451 -0.266027  -9.79268 16.2314
 -18.992 -18.3721  10.7735 -0.332989 -0.336882  0.100512  1.60142  1.47947 -1.34667   0.0122733   -0.105974 -0.00601287  -0.100341 -0.0435978 -0.0606037  -0.00725648   0.0113717  -0.0118229  0.00135552 -0.00328087  0.00288542   0.16736 -0.265876  -9.79262 16.2369
 -19.178 -12.0257  13.2769  -0.33529 -0.340607  0.098937  1.59189  1.47091 -1.33953   0.0120654   -0.105531 -0.00606321 -0.00831815  -0.0378492  -0.0433918  -0.00745276   0.0112927  -0.0117662  0.00133602 -0.00326961  0.00288152  0.167459 -0.265924  -9.79242 16.2416
-18.6249 -8.09074  14.8248 -0.329976 -0.340536  0.101208   1.6089  1.44469 -1.35743    0.010883   -0.104637 -0.00589375    0.077524 -0.00735564  -0.0040306  -0.00754095   0.0114614  -0.0117628  0.00130661 -0.00328538  0.00287493  0.167562 -0.265631  -9.79209 16.2473
 -17.494 -2.60565  16.6933 -0.324936   -0.3428  0.107836  1.59988  1.45996 -1.34495   0.0109882   -0.103602 -0.00625548   0.143384 -0.0104123  0.0434055  -0.00789714   0.0113221  -0.0116379  0.00126082 -0.00325981  0.00280226  0.167626 -0.265789  -9.79143 16.256
-16.5219  2.82471  17.8411 -0.313178 -0.340094  0.112561 1.62829 1.44032 -1.3618   0.0101049   -0.102905 -0.00612401  0.244663 0.0351506 0.0684368  -0.00799726   0.0112936  -0.0118204  0.00124081 -0.00327823  0.00278571  0.167587 -0.265468  -9.79123 16.2689
-15.4942  8.67763  18.5195  -0.29676 -0.337076  0.120486  1.64388  1.43946 -1.36441   0.0094703   -0.102118 -0.00641927  0.348371  0.061245 0.0843045  -0.00828496   0.0113113   -0.011646  0.00122367 -0.00327457  0.00273699  0.167582 -0.265373  -9.79079 16.2874
-14.6086   13.575  18.3756 -0.272556 -0.332797  0.129431 1.65326 1.41022 -1.3743  0.00851419   -0.100733 -0.00647313  0.476828 0.0903703  0.115995   -0.008243  0.0113862 -0.0114748    0.001191 -0.00327106  0.00269471  0.167735 -0.265086  -9.79035 16.3136
-13.5831  19.0856  17.4859 -0.244008  -0.32556  0.139742  1.68285  1.41033 -1.37462  0.00790791   -0.100185 -0.00695395 0.583551 0.119322 0.129495  -0.00863232   0.0112707  -0.0110312 0.00118677  -0.003273 0.00264373  0.167636 -0.264958  -9.78993 16.3448
-12.7088  24.0382  16.8019 -0.213165 -0.317301  0.146864  1.71421  1.40502 -1.37543  0.00734548  -0.0998179 -0.00714123 0.672017   0.1325 0.122057  -0.00849934   0.0114519  -0.0109687  0.00118911 -0.00328871  0.00262994  0.167469 -0.264796  -9.78984 16.3775
-11.7889  29.2043  15.4837 -0.175203  -0.30798  0.157107  1.73881   1.4116 -1.36927   0.0072461   -0.099729 -0.00776413 0.762716 0.153306 0.111345  -0.00859688   0.0113831   -0.010653  0.00119545 -0.00328821  0.00257936  0.167368 -0.264747   -9.7894 16.4179
 -11.49 33.8541  13.918 -0.141622 -0.298011   0.16164  1.77518  1.43968 -1.35218  0.00732174     -0.1004 -0.00796811  0.805344  0.167682 0.0847584  -0.00861725   0.0116045  -0.0104493  0.00122237 -0.00331136  0.00258405  0.166984 -0.264828  -9.78935 16.4532
-11.2016  39.0269   11.409 -0.0968994  -0.288469   0.169495  1.77931  1.45037 -1.34765  0.00758577   -0.100741 -0.00843044  0.894759  0.168597 0.0737473  -0.00876167   0.0115419 -0.00989549  0.00123917 -0.00329977   0.0025436  0.166992 -0.264889  -9.78894 16.4996
-11.5845  43.1884  8.49582 -0.0604068  -0.278765   0.171778  1.80526  1.49692 -1.32376  0.00800059   -0.101995 -0.00846059  0.893294  0.160373 0.0411594  -0.00882946   0.0117013  -0.0095488 0.00127547 -0.0033215  0.0025682  0.166574 -0.265097  -9.78885 16.5374
-12.1041  47.4505  5.30912 -0.00945719   -0.271185    0.173173  1.79935  1.47713 -1.33173  0.00785257   -0.101657 -0.00861958    0.980267    0.145232 0.000711145   -0.0087189   0.0121337 -0.00933454  0.00126303 -0.00331251  0.00255661  0.166718 -0.265015  -9.78889 16.589
-13.4539  51.3504  1.16007 0.0296826  -0.26326  0.172029  1.81917  1.53658 -1.30425  0.00835567   -0.102795 -0.00822308   0.960388   0.124771 -0.0201371  -0.00884512    0.012056 -0.00905261  0.00129811 -0.00333933  0.00260319  0.166266 -0.265251  -9.78878 16.6289
-14.7213  54.3245 -2.91254 0.0809237 -0.259611  0.171616  1.80484   1.5258 -1.32198  0.00841605   -0.102687 -0.00828903   0.991328  0.0744098 -0.0311624  -0.00899006    0.012577 -0.00882958  0.00129888 -0.00331576  0.00258132  0.166434 -0.265303   -9.7887 16.6803
-16.0287  57.5205 -7.10678  0.120574 -0.257287  0.168622  1.80941  1.59617 -1.30338   0.0084485   -0.103106 -0.00715837   0.953304  0.0287528 -0.0317694  -0.00919733   0.0122981 -0.00872648  0.00132866 -0.00333743  0.00264735  0.166044 -0.265584  -9.78863 16.7201
-18.1904  59.7451  -12.641  0.169562 -0.256382  0.164821  1.81337  1.58177 -1.30095  0.00821646   -0.102843 -0.00749368    0.983397 -0.00878973   -0.051717   -0.0094092   0.0126241 -0.00841281  0.00130105 -0.00334426  0.00265809   0.16609 -0.265518  -9.78889 16.7693
-20.5348  62.4378 -17.8677   0.20836 -0.259142  0.160205  1.80408  1.64008 -1.30288  0.00807153   -0.103116 -0.00663532   0.961196 -0.0683876 -0.0489429  -0.00942204   0.0122372 -0.00844007  0.00129097 -0.00335308  0.00273421  0.165838 -0.265736  -9.78902 16.8084
-22.9876  63.9376 -24.5061 0.260795 -0.26327 0.151894  1.8093 1.63142 -1.2955  0.00762214   -0.102834 -0.00718008   0.998429  -0.109134 -0.0947155  -0.00970151   0.0130154 -0.00823248   0.0012175 -0.00337485  0.00277866  0.165854 -0.265676  -9.78965 16.8617
-23.3958  63.7199  -28.389  0.290214 -0.268928  0.149449  1.79493  1.73069 -1.29036  0.00705879   -0.103813 -0.00473614   0.908706   -0.15465 -0.0464641  -0.00996863   0.0141895 -0.00789552  0.00128833 -0.00336322  0.00283703   0.16549 -0.265901  -9.78912 16.8918
 -22.177  61.4082 -31.5009 0.346738 -0.27692 0.139208  1.79986  1.70757 -1.26554   0.0063085   -0.104055 -0.00846268   0.895327  -0.198845 -0.0746499  -0.00997187   0.0159755 -0.00772598  0.00115427 -0.00341885  0.00294339  0.165675 -0.265719  -9.79021 16.9497
-19.6014  57.2497 -33.6399 0.366483 -0.28853 0.135085  1.77006  1.87914 -1.26817  0.00219927   -0.105016 -0.00227675   0.68353 -0.254318 0.0371917   -0.0105487   0.0179033 -0.00665968  0.00130829 -0.00338508  0.00301516  0.165181 -0.265888   -9.7895 16.973
  -16.83  53.5015 -34.7483  0.399086 -0.298707  0.133423   1.7724  1.87347 -1.24524  0.00144432   -0.105679 -0.00461266  0.589702 -0.260321 0.0629545   -0.0109346    0.018872 -0.00656235  0.00124566 -0.00341975  0.00307905 0.165356 -0.26577 -9.79006 17.0072
-14.3668  47.7998 -37.0999  0.400545 -0.313287  0.132316  1.71194  2.08466 -1.28901 -0.00368559   -0.105968  0.00115343  0.347711 -0.301796  0.130223   -0.0116368   0.0206522 -0.00497437  0.00136026 -0.00338205  0.00321684   0.16479 -0.265685  -9.78965 17.0219
-12.0519  39.6239 -40.9075  0.423173 -0.325714  0.137647  1.73303  2.03806 -1.23398 -0.00451007   -0.105765 -0.00211266  0.292563 -0.281188  0.160459   -0.0126355   0.0228343 -0.00326149  0.00134749 -0.00343688  0.00324174  0.165234 -0.265629  -9.78996 17.0483
-9.20708  33.5492 -43.2552  0.412724 -0.338837  0.134005  1.64674  2.22467 -1.31255 -0.0080681  -0.106827 0.00124984 -0.0488429  -0.211341   0.146226   -0.0127086   0.0227187 -0.00261891  0.00128301 -0.00340932  0.00342456  0.164778 -0.265242  -9.79073 17.0654
-7.60008  30.1063 -43.0586  0.405327 -0.357787  0.147625    1.599  2.21354 -1.43025  -0.00822035     -0.10573 -0.000647222 -0.205442 -0.228349  0.167679   -0.0123543   0.0229219 -0.00329135  0.00137881 -0.00331126  0.00343016  0.164098 -0.265762  -9.79005 17.0899
 -6.8241  23.1491 -42.8362  0.378984 -0.372716  0.154592  1.55363   2.2933 -1.48151 -0.00912878   -0.102725 -0.00119547 -0.391242 -0.179617 0.0997442   -0.0117459   0.0238487 -0.00341879  0.00141341 -0.00328959    0.003544   0.1636 -0.26566 -9.78997 17.121
-6.71513  15.6641 -43.1227  0.358742 -0.387941  0.170227  1.49953  2.26628 -1.56379  -0.0083011   -0.103522 -0.00483919 -0.490619  -0.20322  0.132069   -0.0108465   0.0257609 -0.00365654  0.00150628 -0.00319064  0.00353308  0.162858 -0.266017  -9.78903 17.1508
-5.84014  7.48902 -43.9818  0.325569 -0.397493  0.177131  1.48707  2.28138 -1.57265  -0.0079466   -0.103136 -0.00471421 -0.604788  -0.13043 0.0968074   -0.0105722   0.0261066 -0.00371167  0.00151451 -0.00317994  0.00353737  0.162693 -0.265931  -9.78895 17.186
  -4.7203 -0.418397  -44.4892  0.287308 -0.401493   0.18174  1.44002   2.3309 -1.60243  -0.0062709   -0.102337 -0.00342533  -0.715456 -0.0928094  0.0902484   -0.0104818   0.0266858 -0.00378925  0.00152824 -0.00314276  0.00351975  0.162149 -0.265557  -9.78882 17.2247
-3.31534 -7.45988 -45.8896  0.242501 -0.408784  0.185282  1.38844  2.32874 -1.62617 -0.00623153   -0.102455 -0.00330987  -0.822974 -0.0676095  0.0659036   -0.0102649   0.0262861 -0.00396576  0.00152012 -0.00310704  0.00352554  0.161794 -0.265584  -9.78893 17.2702
-2.80829 -12.9324 -46.4896  0.192697 -0.409949  0.194117  1.32686  2.36752 -1.63927 -0.00477077   -0.102291 -0.00479337  -0.952452 -0.0151396  0.0532582  -0.00984508   0.0261046 -0.00412801  0.00155889 -0.00306676  0.00348406  0.161303 -0.265229  -9.78838 17.3208
-2.06053 -18.9454 -47.0279  0.140655 -0.414598  0.197221  1.27446  2.33945 -1.64629 -0.00540371   -0.102589 -0.00485364    -1.02191 -0.00796009   0.0378086  -0.00969074   0.0258423 -0.00437782   0.0015584 -0.00302925  0.00347108  0.160971 -0.265404  -9.78829 17.3732
-1.57308 -24.1812 -47.4118 0.0874735 -0.420442  0.204508  1.22288  2.29129 -1.64469 -0.00688134   -0.103146 -0.00520002   -1.07755 -0.0164672  0.0512129  -0.00932015    0.025377 -0.00460587   0.0015689 -0.00298719   0.0034041  0.160607 -0.265665  -9.78769 17.4272
-1.12405 -28.5275 -47.5269  0.034103 -0.422389  0.207656  1.20555  2.27319 -1.64092 -0.00732658   -0.103349 -0.00512203  -1.13156 0.0103704 0.0305078  -0.00902676   0.0247387 -0.00476345  0.00156583 -0.00297272   0.0033907  0.160489 -0.265774  -9.78756 17.4807
-1.01306 -32.1094 -46.5786 -0.0177065  -0.428959   0.209155  1.20875  2.15448 -1.64417 -0.00865218   -0.105251 -0.00301402    -1.11006 -0.00382429  0.00857564  -0.00867522   0.0239171 -0.00532963  0.00149309 -0.00295759  0.00337694  0.160362 -0.266481  -9.78717 17.5329
-1.30986 -34.7052 -45.0297 -0.0652524  -0.426266   0.212278  1.25604  2.14683 -1.66234 -0.00866156   -0.105668 -0.00305662    -1.0984  0.0396053 0.00691407  -0.00833368   0.0230744 -0.00559653  0.00147014 -0.00299122  0.00334584 0.160584 -0.26649 -9.78679 17.5806
 -1.5919 -37.5679 -43.0232  -0.10527 -0.429268  0.205057 1.35265 1.97048 -1.7184  -0.00664497    -0.109034 -2.36063e-05  -0.958121 0.00388246 -0.0411849   -0.0077981   0.0226986 -0.00633363  0.00129274 -0.00306521  0.00350699  0.160957 -0.267436  -9.78678 17.6214
-2.38758 -40.0419 -41.0435 -0.142035 -0.425038  0.207559  1.43117  1.95118 -1.77057 -0.00656531   -0.109801 9.28956e-05  -0.907618  0.0444365 -0.0332776  -0.00728702   0.0224032 -0.00645455  0.00123738 -0.00314308  0.00347951  0.161376 -0.267392  -9.78617 17.6585
-3.49481 -43.3833 -37.9168 -0.174435 -0.418186  0.201043    1.582  1.85553 -1.88723 -0.00505142   -0.111319 0.000284028  -0.763066  0.0882939 -0.0625155  -0.00690066   0.0227083 -0.00691222  0.00115212 -0.00332486  0.00368655  0.162348 -0.267617  -9.78609 17.6923
-4.55678 -44.5355 -35.1011 -0.197343 -0.411267  0.202441  1.64173  1.83239 -1.94183 -0.00468376   -0.112229 0.000184888  -0.723243   0.123959 -0.0403829  -0.00670337   0.0219854 -0.00733084  0.00108649 -0.00339978  0.00368851  0.162702 -0.267525  -9.78556 17.7162
-7.37029  -44.723 -27.9912 -0.223214 -0.396314  0.193756  1.76019   1.7373 -2.08098 -0.000677116    -0.116025  7.98302e-05  -0.596499   0.151825 -0.0645834  -0.00674776   0.0221366  -0.0084545 0.000967357  -0.0035661  0.00388404  0.163426 -0.267342  -9.78552 17.7473
-9.51612 -43.3865 -23.1038 -0.243894 -0.387546  0.189259  1.79174  1.73603 -2.11795  0.000531761    -0.116437 -0.000286903  -0.557781   0.158934 -0.0700908  -0.00674854   0.0211233 -0.00905173 0.000954407 -0.00361069  0.00392156  0.163576 -0.267187  -9.78564 17.7703
-12.8179 -41.1924 -15.2233 -0.263597 -0.375124  0.179472 1.84753 1.64856 -2.2055 0.00361552  -0.119788  0.0007034  -0.431193   0.143158 -0.0761026  -0.00679979   0.0213304 -0.00979915 0.000871252 -0.00369562   0.0040461  0.163888 -0.266974  -9.78567 17.7955
-14.3993 -38.4271 -10.5718 -0.281446 -0.367389  0.173124  1.86324   1.6622 -2.22437   0.00457077    -0.119498 -0.000169603  -0.418633   0.149601 -0.0935604  -0.00711374   0.0202625  -0.0103656 0.000900105 -0.00372543  0.00409091  0.163908 -0.266848  -9.78605 17.816
 -16.739 -33.1892 -3.44275  -0.29799 -0.362436   0.16252  1.85642  1.58256 -2.22966  0.00604589   -0.120723 0.000984236  -0.318686  0.0986168 -0.0999393  -0.00711382   0.0199741  -0.0109611  0.00087917 -0.00372877  0.00420796  0.164011 -0.266968   -9.7863 17.8362
-17.8358 -29.9469 0.495942 -0.311252 -0.354208  0.156792  1.88457  1.60732 -2.26298  0.00661002   -0.121134 0.000546405  -0.282861   0.119078 -0.0906479  -0.00715355   0.0198879  -0.0111259 0.000900858 -0.00376631  0.00420351  0.163971 -0.266702  -9.78654 17.8529
-18.4068 -23.6396  4.84269 -0.319908 -0.351459  0.150541  1.87537  1.54363 -2.26327 0.00677891  -0.120926 0.00163181   -0.18039     0.0782 -0.0656886  -0.00729672   0.0192128   -0.011026 0.000884426  -0.0037676  0.00427571  0.164122 -0.266742  -9.78657 17.8639
-18.2654 -17.3052  6.81729 -0.329328 -0.343985    0.1457  1.90167  1.57272 -2.28295  0.00726829   -0.121818 0.000906438  -0.140458  0.0989694 -0.0522931  -0.00763105   0.0185095  -0.0112152 0.000918004 -0.00379114  0.00427938  0.163967 -0.266589  -9.78689 17.8769
-17.2501 -10.6762  10.1426 -0.333966 -0.342779  0.143103  1.86599  1.55475 -2.25758  0.00762521   -0.121467 0.000997302  -0.046205  0.0600118 -0.0493226  -0.00792232   0.0182784   -0.011378 0.000909002 -0.00377107  0.00430595   0.16409 -0.266761   -9.7869 17.8823
-16.9883 -5.30626  12.8569  -0.33061 -0.336434  0.141213  1.90543  1.53989 -2.29013 0.00679681  -0.121521 0.00169136  0.0759873  0.0979374 -0.0428245  -0.00775772   0.0184525  -0.0115889 0.000907435 -0.00379574  0.00429127  0.164029 -0.266452  -9.78686 17.8897
-16.0674 0.984031   15.415  -0.32293 -0.332766  0.145267   1.8888  1.54472 -2.27499 0.00642757  -0.120609 0.00122944  0.208137  0.117519 0.0118383  -0.00800999   0.0182452  -0.0115491 0.000875502 -0.00377143  0.00424631  0.164185 -0.266594  -9.78634 17.8992
-15.3863  7.55917  16.4652 -0.307065 -0.328369  0.146119  1.87409  1.52255 -2.27387 0.00615846  -0.120032  0.0014583   0.358963   0.128764 0.00866997  -0.00801152   0.0180227  -0.0115783 0.000865097 -0.00376782  0.00425871  0.164343 -0.266544   -9.7863 17.9156
-13.9874  13.8939  17.1446 -0.283856 -0.321064  0.156453  1.88146  1.54269 -2.26458   0.0056726   -0.119133 0.000324965  0.504187  0.145935 0.0785363  -0.0087587   0.017913 -0.0113858  0.00083181 -0.00374509  0.00416877  0.164478 -0.266644  -9.78545 17.9421
-12.5452  21.1412  17.8292 -0.257137 -0.314255  0.158626  1.88047  1.54021 -2.26449  0.00583116   -0.119329 0.000551502  0.632551  0.143137 0.0581723  -0.00896624   0.0175358  -0.0115004 0.000833096 -0.00374751  0.00417967 0.164442 -0.26663 -9.78558 17.9697
-11.2672  29.0469  18.3207  -0.22023 -0.306563  0.172414  1.87898  1.57905 -2.24851   0.0055919   -0.118894 -0.00172208  0.762879  0.156473 0.0787512  -0.00930893   0.0172706  -0.0112259 0.000836155 -0.00371995  0.00409944  0.164671 -0.266902  -9.78454 18.0099
-10.4188   34.987  17.6338 -0.185576 -0.300745  0.178371   1.8504  1.61646 -2.23844  0.00689976   -0.120133 -0.00238568  0.868568  0.149071 0.0579948  -0.00955743   0.0173394  -0.0108997 0.000833783 -0.00369423  0.00407444  0.164778 -0.267202  -9.78418 18.0455
-9.82466  40.9657  15.6713 -0.134222 -0.293572   0.18695  1.83652  1.61405 -2.23857  0.00733751   -0.119817 -0.00325254   1.00448  0.150438 0.0458499   -0.010111  0.0174304 -0.0106213  0.00081857 -0.00366831  0.00400453   0.16508 -0.267193  -9.78355 18.0981
-8.86103   45.437  13.7025 -0.0929456  -0.288012   0.193717  1.81485  1.68247 -2.22653  0.00929647   -0.122738 -0.00270828   1.03913  0.102171 0.0528638   -0.010565   0.018077 -0.0100989 0.000842832 -0.00362321  0.00392362 0.165082 -0.26762 -9.78287 18.1403
-9.1819 49.2885 11.6515 -0.0283214  -0.287561   0.197834  1.77184   1.6345 -2.26153   0.0098633   -0.121465 -0.00368897    1.11993  0.0393361 -0.0229886   -0.0102737   0.0192375 -0.00975618 0.000795227 -0.00358765  0.00388433  0.165646 -0.267436  -9.78269 18.205
-9.53641  51.8434  10.2109 0.0156951 -0.282275  0.197346  1.82197  1.68411 -2.21246   0.0103246   -0.122342 -0.00204505     1.1156  0.0542705 -0.0277217   -0.0103532   0.0195527 -0.00965646  0.00084323 -0.00361947  0.00384981  0.165083 -0.267584  -9.78234 18.2494
-10.6155  55.2261  7.11755 0.0745495 -0.279706  0.195687  1.82207  1.68506 -2.21284    0.010448    -0.12241 -0.00200737    1.18152  0.0434536 -0.0628914   -0.0103704   0.0196015 -0.00935398 0.000847298 -0.00361607  0.00384115  0.165087 -0.267595  -9.78227 18.3083
-12.3974  59.7257  3.32105  0.125846 -0.273975  0.186589 1.86233  1.7227 -2.1544   0.0101233   -0.122386 -0.00136061   1.16946 0.0561465 -0.142621   -0.0103517   0.0187355 -0.00951446  0.00082454 -0.00368394  0.00392491  0.164567 -0.267604   -9.7826 18.3607
-15.1522    63.84 -1.63276 0.181164 -0.27116  0.17583  1.87318  1.73142 -2.13889  0.00999924   -0.122174 -0.00106386   1.17708 0.0291062  -0.18307   -0.0103809   0.0187055 -0.00931515 0.000790169 -0.00370493  0.00396324   0.16442 -0.267604  -9.78289 18.4171
-20.1638  68.9049 -9.13829  0.241059 -0.267355  0.162592  1.89274  1.73195 -2.10056    0.0099727    -0.121982 -0.000916844   1.18809 0.0180898 -0.241075   -0.0102206   0.0180547 -0.00946563 0.000742598 -0.00375034  0.00399002  0.164238 -0.267415   -9.7832 18.4786
-27.4446  71.1531 -19.2775   0.28929 -0.265713   0.14279  1.90929  1.77041 -2.06147   0.00977383    -0.121445 -0.000347051    1.14383 -0.0104056  -0.292561    -0.010324   0.0179985 -0.00883094 0.000621301 -0.00381057  0.00410405  0.163905 -0.267437  -9.78395 18.5308
-35.4962  73.0402 -30.1984 0.339562 -0.26705 0.131235 1.90694 1.80624 -2.0534   0.0100872   -0.122126 7.25628e-07    1.10786 -0.0610308  -0.262998    -0.010431   0.0182974 -0.00872157 0.000654458 -0.00381216  0.00413731 0.163756 -0.26755 -9.78358 18.5824
 -42.421  73.1533 -40.9526  0.383509 -0.262291  0.110033   1.9163  1.87488 -1.93828  0.00890037   -0.122946 -0.00126162    1.03458 -0.0606323  -0.277856   -0.0107329   0.0184729 -0.00829235 0.000525042 -0.00395848  0.00432693  0.163463 -0.267149  -9.78429 18.6314
-52.6133  74.4043 -54.8945  0.428074 -0.268366 0.0986336  1.90036  1.95541 -1.94286   0.00866892    -0.123792 -0.000150026  0.937526 -0.143397 -0.187782  -0.0107725  0.0184221 -0.0082838 0.000544871 -0.00395834  0.00441482   0.16324 -0.267355  -9.78387 18.6778
-53.3005  72.9257 -58.7852  0.458691 -0.267027 0.0883275  1.89463  2.01201 -1.83836   0.00811531    -0.124909 -0.000416228  0.855157 -0.135915 -0.168784      -0.0108   0.0195937 -0.00783162 0.000488358 -0.00406894  0.00452019 0.163154 -0.26688   -9.784 18.7101
-50.1841   70.602 -59.7443  0.487077 -0.278243 0.0832642  1.86604  2.13663 -1.86433 0.00567951  -0.125682 0.00190751   0.692567  -0.214614 -0.0400309   -0.0110049   0.0208434 -0.00747618  0.00056282 -0.00404298  0.00464003  0.162946 -0.267174  -9.78338 18.7411
-47.0349  68.7984 -59.4968  0.512656 -0.284066 0.0776244 1.84971 2.17513 -1.8175  0.00467602   -0.126482 0.000876524   0.616577  -0.225903 -0.0136785   -0.0110036   0.0213605 -0.00734063  0.00048781 -0.00411469  0.00472175  0.163054 -0.266877  -9.78377 18.7679
-38.7413  63.2727 -56.1241  0.521682 -0.300658 0.0800709  1.80363  2.33632 -1.88729 0.000610743     -0.1272  0.00452466  0.401964 -0.284967  0.106178   -0.0120439   0.0236649 -0.00616162 0.000582831 -0.00405467  0.00485348  0.162779 -0.267126  -9.78305 18.7869
-33.6015  57.1753 -54.3422  0.546857 -0.317196 0.0730674  1.78279  2.33595 -1.91997 -0.00113477   -0.127639 -0.00163069  0.324837 -0.306947 0.0637379    -0.012166   0.0256635 -0.00490591 0.000416028 -0.00410737  0.00499256  0.163076 -0.267313  -9.78426 18.8179
-25.9939  46.0578 -51.5663   0.53842 -0.334791 0.0748184  1.72645  2.49432 -1.99963 -0.00559186    -0.12855  0.00264881 0.0456577  -0.28318  0.141249   -0.0130503   0.0283344 -0.00378389 0.000473727 -0.00404614  0.00509572  0.162752 -0.267251  -9.78389 18.8375
-21.2353  38.5351 -49.2745  0.541754 -0.350582 0.0810184  1.72726  2.47639 -2.05107 -0.00546044   -0.128855 0.000570001 -0.0605078  -0.271167   0.158218   -0.0131749   0.0294776 -0.00421388 0.000446042 -0.00400946  0.00512134  0.162647 -0.267587  -9.78403 18.8547
-17.7374  30.2143 -48.6208  0.513458 -0.367219 0.0796783  1.63372  2.64712 -2.14151 -0.0100903  -0.128108 0.00267106 -0.336952 -0.229289   0.12256   -0.0132223   0.0296404 -0.00358114 0.000413249 -0.00400838  0.00530448  0.162345 -0.267212  -9.78439 18.8876
-16.3774  24.5472 -48.3156   0.49294 -0.383387 0.0948116 1.59668 2.63933 -2.2346 -0.00879992   -0.126862  0.00103315 -0.468938 -0.232733  0.160421    -0.012642   0.0299734 -0.00372589 0.000485892 -0.00392213  0.00533539  0.161608 -0.267431  -9.78346 18.9178
-14.7388  17.4407 -47.9297   0.45339 -0.398271 0.0986079  1.53323  2.70127 -2.29072 -0.00892183   -0.125567  0.00142033 -0.621676 -0.203953  0.111623  -0.0122629  0.0297825 -0.0037025 0.000414686 -0.00391949  0.00543582  0.161189 -0.267242  -9.78378 18.9602
-13.8097  12.4774 -47.8676 0.420894 -0.41004 0.112856  1.48464  2.70188 -2.33522  -0.00819414    -0.124969 -0.000518767 -0.723766 -0.194661   0.14414  -0.0116635  0.0299361  -0.003795 0.000495616  -0.0038618  0.00544875  0.160643 -0.267159  -9.78291 18.9976
-12.2748  5.08281 -48.1411  0.375423 -0.423317  0.119512  1.44524  2.69746 -2.36588  -0.00824828     -0.12503 -0.000666657 -0.807033 -0.179059  0.119663   -0.0114317   0.0299521 -0.00381752  0.00048159 -0.00384198  0.00546421  0.160353 -0.267177  -9.78296 19.0454
 -10.9913 -0.107854  -48.4792  0.332447 -0.429356  0.131695   1.4094  2.72226 -2.37356 -0.00691464   -0.124449 -0.00153882 -0.907014 -0.131285  0.134158   -0.0110413   0.0300263 -0.00378304 0.000520921 -0.00381128  0.00543749  0.160028 -0.266853  -9.78233 19.0905
-9.16016 -7.18639 -48.6157   0.28146 -0.439215  0.143812  1.38458  2.68452 -2.38884 -0.00754822   -0.124673 -0.00247664  -0.978712 -0.0980652   0.125849   -0.0108605   0.0301873 -0.00393988 0.000550133 -0.00378152   0.0053911  0.159786 -0.267034  -9.78181 19.1438
-7.96055 -12.5307 -48.2114   0.23063 -0.444118  0.157562  1.35014  2.68092 -2.39417 -0.00754427   -0.124388 -0.00356227   -1.05899 -0.0621874   0.144019   -0.0105473   0.0301138 -0.00408262 0.000595106 -0.00374539  0.00531996  0.159486 -0.266915  -9.78107 19.1967
-6.66798 -18.4659 -47.7262  0.175945 -0.448997  0.165244  1.34334  2.64743 -2.39953  -0.0081756   -0.125023 -0.00364905   -1.0952 -0.037256  0.100101   -0.0103551   0.0301281 -0.00420514 0.000588344 -0.00373601  0.00531099  0.159416 -0.267115  -9.78093 19.2522
-5.93208  -23.831  -47.244 0.120498 -0.45302 0.175462  1.31757  2.61437 -2.40092 -0.00892029   -0.125643 -0.00423167   -1.13067 -0.0214273   0.104368  -0.00990162   0.0298761 -0.00424551 0.000590196 -0.00370866  0.00525406  0.159204 -0.267227  -9.78038 19.3087
-5.38931 -28.5401 -46.9292 0.0694038 -0.452804  0.182128  1.36527  2.58978 -2.40819  -0.0093601   -0.125977 -0.00415363  -1.11681 0.0224816 0.0781869  -0.00938985   0.0297312 -0.00417521 0.000570456 -0.00373285  0.00523881  0.159441 -0.267456  -9.78013 19.3602
-5.04488 -33.6743 -46.5188 0.0175257 -0.455179  0.184722  1.40975  2.51627 -2.42039  -0.0101655   -0.126354 -0.00331392  -1.08643 0.0291284 0.0382445  -0.00870762   0.0294347 -0.00423573 0.000512494 -0.00376595  0.00528321  0.159602 -0.268034  -9.77998 19.4122
 -5.4773 -37.8298 -45.2514 -0.0250359  -0.448448   0.190689 1.50837 2.50944 -2.4595  -0.0103585   -0.126914 -0.00333744  -1.05669 0.0985728 0.0211048  -0.00809599   0.0293274 -0.00424928 0.000471818 -0.00383593  0.00523173  0.160143 -0.268092  -9.77943 19.4557
-7.11158 -42.3682 -42.0833 -0.0680539    -0.4441   0.186697  1.62484  2.40609 -2.52756 -0.00968937   -0.128582 -0.00209807 -0.932133  0.110661 -0.018475  -0.00737022   0.0292247 -0.00470695 0.000355039 -0.00394957  0.00538167  0.160737 -0.268757  -9.77938 19.4991
 -9.1977 -44.5762 -38.8391 -0.100538 -0.433976  0.188661  1.70266  2.40457 -2.58678 -0.00880607   -0.129809 -0.00207716  -0.876966   0.147055 -0.0205993  -0.00688663   0.0287379 -0.00508927 0.000279572  -0.0040246  0.00534409  0.161172 -0.268625  -9.77893 19.5332
-13.0747  -48.306 -33.3414 -0.132913 -0.424383  0.177672  1.83662  2.29877 -2.71538  -0.00620709    -0.131157 -0.000781777  -0.708156   0.161471 -0.0684528  -0.00622405   0.0290788  -0.0055868 0.000171772 -0.00421992   0.0055809 0.161914 -0.26896  -9.7792 19.5687
-16.1855 -49.1512 -29.2037  -0.15472 -0.414949  0.174299   1.8877  2.28744 -2.77138  -0.00529727    -0.131894 -0.000581108  -0.657921   0.189458 -0.0814633  -0.0057128  0.0284044 -0.0059899 0.000124605 -0.00429106  0.00560187  0.162216 -0.268849  -9.77909 19.5927
-20.9207 -49.8442 -21.3781 -0.180802 -0.397512    0.1653  1.97792  2.22859 -2.90251  -0.00306247    -0.133911 -0.000465262  -0.536721   0.247484 -0.0657166  -0.00578981   0.0285242 -0.00659617 3.91621e-05 -0.00446139  0.00573542  0.162808 -0.268596  -9.77901 19.6254
-22.2083 -47.5289 -17.1275  -0.19976 -0.384992  0.158342 2.00146 2.22776 -2.9405 -0.00148852   -0.134156 -0.00153692 -0.526544  0.280825 -0.077032  -0.00642629   0.0270841 -0.00731312  5.0866e-05 -0.00451884  0.00582293  0.162936 -0.268463   -9.7794 19.6491
-25.2442 -43.6726 -9.10199  -0.22081 -0.366542  0.147189  2.02671  2.15116 -3.01991   0.00127695    -0.137671 -0.000993904 -0.421735  0.262497 -0.103579  -0.00663731   0.0271199 -0.00814687 -2.75284e-05  -0.00459621   0.00594212  0.163119 -0.268226  -9.77945 19.6792
-26.0322 -41.0127  -5.0982  -0.23575 -0.355709  0.140386  2.03127  2.14523 -3.03219   0.0021839    -0.13803 -0.00161331 -0.398708  0.278528 -0.105888  -0.00714577   0.0264975 -0.00846255 -9.77561e-06  -0.00461982   0.00599757  0.163134 -0.268179  -9.77974 19.6989
-26.7494 -35.2142 -0.17671  -0.25249 -0.344884   0.12715  1.99641  2.05478 -3.02445   0.00419119    -0.139659 -0.000689194 -0.320078  0.230866 -0.155032  -0.00720841   0.0259095 -0.00882973 -2.60204e-05  -0.00461866   0.00614746  0.163104 -0.268393  -9.78001 19.7228
  -27.26 -31.8155  3.30352 -0.264533 -0.334535  0.120593 2.00486 2.05823 -3.0347   0.00430674    -0.139848 -0.000782447 -0.305519  0.246145 -0.148356   -0.0074645   0.0257425 -0.00904586 -2.21313e-05   -0.0046306   0.00614728   0.16311 -0.268315  -9.78007 19.74
-26.6851 -24.7638  8.60966 -0.276411 -0.335024  0.111432 1.90163 1.95773 -2.9534   0.0042844    -0.13925 0.000171685  -0.22762  0.123992 -0.113254  -0.00803142   0.0248737 -0.00983822 6.73031e-06 -0.00456584  0.00631525  0.163287 -0.268992  -9.78008 19.755
-25.9103 -17.9446  11.3675 -0.288396 -0.329333  0.103284  1.90141  1.97356 -2.94651   0.00565387    -0.139427 -0.000944627 -0.185989  0.124113 -0.121655  -0.00867077   0.0237959  -0.0102945 2.54134e-05 -0.00458145   0.0063582  0.163153 -0.269059  -9.78047 19.7706
-25.0538 -9.99397  13.8434 -0.293238  -0.32676  0.101898  1.86502  1.95369 -2.91598  0.00479865   -0.138168 -0.00103918 -0.0411847   0.119677 -0.0732133  -0.00885026   0.0236079  -0.0103401 1.16757e-05 -0.00454912   0.0063702 0.163344 -0.26928 -9.78006 19.7763
-23.1988 -6.18263  15.0529 -0.282507 -0.327197  0.106707  1.83928  1.87638 -2.91949  0.00324941   -0.134666 0.000335831   0.121657   0.114542 -0.0140906  -0.00920402   0.0237113  -0.0103576 -6.18206e-05  -0.00455051   0.00637913  0.163743 -0.269161   -9.7793 19.788
-20.8237 -1.56245  14.8259 -0.266318 -0.320198  0.109357  1.87743  1.83963 -2.94621   0.0017377   -0.131909 0.000748901  0.294966   0.14436 0.0218726  -0.00963278   0.0240313 -0.00993403 -7.12874e-05  -0.00458932   0.00639394  0.163766 -0.268949   -9.7791 19.8059
-18.742 3.61231 15.4498 -0.247989 -0.317053  0.111711  1.85532  1.81673 -2.94446 0.00176226  -0.130935 0.00101379  0.398091 0.0909444   0.04235  -0.00986885   0.0239067  -0.0101487 -9.25716e-05  -0.00459206   0.00640829  0.163931 -0.268911    -9.779 19.8246
-16.2265  10.5721  16.2458 -0.226691 -0.313507  0.127695  1.86089  1.87157 -2.91127   0.00185741     -0.12963 -0.000697453   0.52506 0.0882106  0.133061   -0.0104384   0.0234892 -0.00980916 -0.000144674  -0.00452669    0.0062891  0.164045 -0.269353  -9.77787 19.8515
-14.6599  17.7151  16.0615 -0.198933 -0.309903  0.134946  1.85437  1.87972 -2.90527  0.00192665   -0.129724 -0.00106782  0.649147 0.0738493  0.110554  -0.0105269  0.0232344 -0.0097816 -0.00014579 -0.00451659  0.00628103    0.1641 -0.269425  -9.77774 19.8804
-13.7394  25.2566  15.3411 -0.161853  -0.30538  0.149222  1.85193  1.91142 -2.88914  0.00151538   -0.130175 -0.00305714  0.759742 0.0655965  0.098483   -0.0105634   0.0229784 -0.00951683 -0.000139182  -0.00446496   0.00621393  0.164314 -0.269632   -9.7769 19.9204
-13.2587  30.5851  14.5862 -0.127047 -0.299621  0.156029  1.88029   1.9399 -2.87743  0.00174075   -0.131078 -0.00346582  0.826154 0.0806636 0.0766461  -0.0106069  0.0230978 -0.0093563 -0.000128117  -0.00444851   0.00616306  0.164141 -0.269743  -9.77656 19.9563
-12.8455  37.1833  13.0423 -0.0820892  -0.292974   0.168761  1.89177  1.97126 -2.86364  0.00217809   -0.132353 -0.00479428  0.914231 0.0887997 0.0964619   -0.0107728   0.0229106 -0.00904942 -0.000113526  -0.00440489   0.00606981  0.164189 -0.269859  -9.77571 20.0035
-13.1188  41.6009  9.73355 -0.0543594  -0.287754   0.174749   1.8792   2.0923 -2.82707  0.00450211   -0.137496 -0.00405165  0.909927  0.094365 0.0780994   -0.0112211   0.0234177 -0.00798549 -5.30806e-05  -0.00434973   0.00600814  0.163856 -0.270513  -9.77518 20.0323
-13.7833   46.469  3.87205 -0.00493089   -0.281317    0.181952  1.88564  2.09861 -2.82024  0.00478283    -0.13822 -0.00456007  0.986203  0.081266 0.0571547    -0.011571   0.0232622 -0.00762045 -4.13755e-05  -0.00433264    0.0059609  0.163896 -0.270484  -9.77479 20.0827
  -16.15  52.4337 -1.12729  0.042949 -0.274312  0.179806 1.93067 2.09098 -2.7883  0.00394781    -0.13776 -0.00468723    0.99915  0.0780697 -0.0120441   -0.0114678    0.022936 -0.00777446 -4.51163e-05  -0.00437752   0.00601275  0.163593 -0.270376  -9.77513 20.1311
-19.1728  56.8491  -6.6854 0.0937919 -0.270326  0.178174  1.93853  2.08517 -2.78209  0.00386522   -0.137692 -0.00479982    1.05245  0.0536858 -0.0437774  -0.0114308  0.0229543 -0.0075824 -4.82891e-05  -0.00438241   0.00601357  0.163568 -0.270331  -9.77516 20.1822
  -23.45  62.3498 -13.0783 0.148406 -0.26312  0.17319 1.98027 2.06893 -2.7314  0.00393004   -0.137646 -0.00488222    1.07811  0.0516312 -0.0724634   -0.0112547   0.0222629 -0.00799923 -9.54041e-05  -0.00443502   0.00602794  0.163327 -0.270039  -9.77545 20.2375
-27.6269  66.0081 -19.5093  0.201093 -0.259951  0.164802    1.993  2.05283 -2.71578 0.00356258   -0.13757  -0.004916   1.13188 0.0325601 -0.127927   -0.0114949   0.0223621 -0.00800561 -0.000148009  -0.00445497   0.00605001  0.163299 -0.269923   -9.7759 20.2909
-33.4448  68.0207 -28.9492  0.255213 -0.259129  0.158156  1.99425  2.06541 -2.71102  0.00369785   -0.137665 -0.00467339     1.17706 -0.00660585   -0.158452   -0.0116436   0.0227313 -0.00788507 -0.000141161  -0.00445551   0.00605693 0.163246 -0.26997 -9.77582 20.3455
-42.2956  68.9651 -42.4554   0.31261 -0.254732  0.142819  2.02109  2.07168 -2.63105  0.00254864   -0.137515 -0.00614133     1.1674 -0.0163751  -0.199755   -0.0119925   0.0222636 -0.00726097 -0.000209656  -0.00455959   0.00617613   0.16312 -0.269698  -9.77644 20.405
-50.1291  70.6822 -53.5907  0.372833 -0.256149  0.133447  2.01669  2.10337 -2.61945  0.00263119   -0.137819 -0.00562599    1.13356 -0.0673037  -0.160201   -0.0118008   0.0223507 -0.00778211 -0.000205111  -0.00457434   0.00620621  0.163022 -0.269695  -9.77631 20.466
-56.4029  71.2787 -62.3636  0.414021 -0.252756  0.118635  2.02061  2.14807 -2.53506  0.00240847   -0.138211 -0.00592462     1.0901 -0.0682689  -0.196927   -0.0119261   0.0220915 -0.00778065 -0.000357418  -0.00470565    0.0063278  0.162879 -0.269298  -9.77701 20.5099
-60.2718  71.0602 -69.8857  0.465359 -0.261217  0.111722  1.99966  2.22012 -2.56245  0.00171075   -0.138095 -0.00460707   1.01404 -0.164463 -0.105997   -0.0120952    0.022993 -0.00778949 -0.00030704 -0.00468283  0.00639697   0.16271 -0.269527  -9.77656 20.5624
-59.0578   69.636 -71.7832  0.502058 -0.259936  0.102588  1.98916  2.26457 -2.45114  0.00115357   -0.138917 -0.00524007   0.939324  -0.147165 -0.0926393   -0.0120925    0.023768 -0.00748099 -0.000401693   -0.0048256   0.00650426  0.162827 -0.268922  -9.77696 20.6002
-48.1593  64.6048 -66.4397  0.532633 -0.271249  0.104685  1.95792  2.38833 -2.49998  -0.00138394    -0.139898 -0.000230841   0.74779 -0.223479 0.0616215   -0.0130176   0.0265408 -0.00678379 -0.000251511  -0.00473386   0.00653156  0.162586 -0.269131  -9.77609 20.6329
 -42.335  60.7161 -64.8376  0.566337 -0.278069 0.0963927  1.91579  2.41775 -2.45694 -0.00413749   -0.141621 -0.00479684  0.661558 -0.224327 0.0456808   -0.0133644   0.0268916 -0.00608296 -0.000353577  -0.00486076   0.00670484  0.163006 -0.268718  -9.77695 20.6683
-34.3596  54.9245 -62.8879  0.580974 -0.294656 0.0956491  1.83772  2.57617 -2.58245 -0.00849869   -0.143713 -0.00258002  0.427152 -0.274855   0.10836   -0.0141792   0.0285751 -0.00539498 -0.000333688  -0.00479622   0.00685374  0.162709 -0.268673  -9.77679 20.6904
-29.8832  52.2172 -61.9004  0.599025 -0.307884 0.0952925  1.82429  2.58122 -2.62003 -0.00909535   -0.144765 -0.00413102  0.317572 -0.265075  0.107528   -0.0142829    0.028904 -0.00564851 -0.000426218  -0.00480377   0.00689035  0.162727 -0.268751  -9.77733 20.7128
-23.7342  47.0707 -59.2123 0.585624 -0.32363 0.100146  1.70717  2.78406 -2.73982  -0.0130678   -0.142999 -0.00195198  0.011211 -0.235388  0.149061   -0.0144436   0.0301598 -0.00503362 -0.000381337  -0.00479548   0.00713465  0.162182 -0.268137  -9.77674 20.734
-18.2754  40.5247 -56.8022  0.591323 -0.340894  0.105654  1.70683  2.73401 -2.81364  -0.0128174   -0.144404 -0.00487259 -0.0459955  -0.261263   0.136141   -0.0144609   0.0321619 -0.00518715 -0.000434318  -0.00473534   0.00713989  0.161932 -0.268662    -9.777 20.753
-12.4228  30.0899 -55.0254  0.558311 -0.353585  0.105955  1.59536  2.89932 -2.92725   -0.0158188    -0.141969 -0.000164794 -0.344014 -0.195286  0.103985   -0.0149214    0.033586 -0.00427504 -0.000410388   -0.0047141   0.00724679  0.161205 -0.267787    -9.777 20.7884
-8.69514  23.6601 -53.6687  0.534631 -0.366319  0.121956  1.5611 2.88926 -3.0044   -0.0133581    -0.139575 -0.000152214   -0.4564 -0.191246  0.167843   -0.0146614   0.0342981 -0.00449557 -0.000368672  -0.00464534   0.00721107  0.160317 -0.267816  -9.77606 20.8197
-4.32736  14.5262 -53.8048  0.493406 -0.377261  0.132586  1.48694  2.93549 -3.07483  -0.0115675   -0.137477 0.000801014 -0.630108 -0.154341  0.129699   -0.0145795   0.0348155 -0.00419494 -0.000392079  -0.00461419   0.00722333  0.159516 -0.267314  -9.77571 20.8636
-2.04459  8.66613 -53.0384  0.434884 -0.383368  0.153426  1.32466  3.04095 -3.18683 -0.00661535    -0.13114 0.000531429  -0.907873 -0.0940916   0.165939   -0.0139109   0.0351647 -0.00440073 -0.000362697  -0.00456901   0.00724889  0.157886 -0.266069  -9.77431 20.9261
0.467237  1.33967  -52.364  0.377524 -0.388185  0.164617  1.28951  3.04872 -3.20621  -0.00615107    -0.130621 -0.000233638   -1.01411 -0.0468148   0.127894   -0.0136926   0.0351642 -0.00442587 -0.000336502  -0.00455294   0.00724612  0.157574 -0.265867  -9.77401 20.9847
 1.61101 -4.06767 -51.8792  0.314544 -0.389664  0.182961   1.1689  3.09684 -3.25367 -0.00438552   -0.129027 -0.00338216    -1.17359 -0.00674179    0.137143  -0.0129646  0.0351816 -0.0044923 -0.000232549  -0.00450572   0.00723709  0.156648 -0.264966  -9.77296 21.0503
 2.84613 -10.0974 -51.3853  0.244867 -0.391415  0.189433  1.10723   3.0922 -3.27355 -0.00435274   -0.129005 -0.00389598  -1.26328 0.0358765 0.0753723   -0.0126605   0.0350491 -0.00460786 -0.000224585  -0.00447627   0.00723416   0.15621 -0.264787  -9.77294 21.1203
 3.28462 -16.4056 -51.0451  0.177315 -0.388569  0.197828  1.06118  3.09819 -3.27951 -0.00411846   -0.129592 -0.00514286  -1.33347 0.0739765 0.0381985   -0.0119595   0.0353265 -0.00475297 -0.000186487  -0.00445091   0.00718158   0.15591 -0.264493  -9.77248 21.1884
 3.68262 -22.6798 -51.0119  0.104725 -0.388562  0.199409 0.982094   3.0731 -3.28003 -0.00420318   -0.129819 -0.00560331    -1.40619   0.0821853 -0.00135392   -0.0115034    0.035072 -0.00483596 -0.000195813  -0.00440984   0.00716994  0.155394 -0.264434  -9.77247 21.261
 3.04795 -27.2834 -49.5978 0.0351521 -0.389855  0.200905 0.963943  3.00226 -3.26346 -0.00543992   -0.130826  -0.0053332   -1.41773  0.0731073 -0.0163381   -0.0108363   0.0345065 -0.00519474 -0.000225229  -0.00438448    0.0071521  0.155154 -0.264888  -9.77221 21.3306
 1.80207 -31.6477 -47.6965 -0.0327174  -0.385931   0.200035 0.971537  2.99503 -3.26015 -0.00555517   -0.131071  -0.0052885   -1.43122  0.0960173 -0.0448089   -0.0101947   0.0340242 -0.00532824 -0.000233626  -0.00438412   0.00714457  0.155177 -0.264962  -9.77211 21.3986
-0.338531  -36.2628  -44.7876 -0.0951105  -0.387781   0.192597   1.0846  2.84834 -3.26154 -0.00562829   -0.131931 -0.00301057   -1.31843  0.0619505 -0.0729897  -0.00943703   0.0335863 -0.00580624 -0.000389629  -0.00442551   0.00730368  0.155406 -0.266169  -9.77204 21.4615
   -2.47 -38.8464 -41.9658 -0.146268 -0.380224  0.192368  1.17606  2.84329 -3.30282 -0.00511453   -0.132719 -0.00280401   -1.28257   0.113522 -0.0434723  -0.00879236    0.032932  -0.0059303 -0.000442679  -0.00449193   0.00730001  0.155815 -0.266236  -9.77165 21.5132
-4.80639 -43.0461 -37.4335 -0.191425 -0.380451  0.179488 1.36614 2.61399 -3.3882 -0.00336699   -0.134662 -0.00106298  -1.06283  0.063156 -0.102201  -0.00824073   0.0331402 -0.00667435 -0.000636161  -0.00463335   0.00774206  0.156363 -0.267462  -9.77163 21.5602
-7.34054 -44.8485 -33.8289 -0.226017 -0.374027   0.17855  1.44807  2.59286 -3.44827 -0.0030121  -0.135515 -0.0012556 -0.994601 0.0949992  -0.08836  -0.00778628   0.0325539 -0.00685247 -0.000701043   -0.0047179   0.00777494  0.156738 -0.267447  -9.77115 21.5954
-12.9093 -46.8834 -26.8144 -0.255464 -0.369087  0.160214  1.64363  2.39436 -3.62029 0.000257645   -0.137055 0.000560499 -0.736671  0.090758 -0.139413  -0.00695912   0.0327955 -0.00769029 -0.00084055 -0.00496108  0.00822149  0.157465 -0.267826  -9.77127 21.6304
-16.0457  -46.106 -22.4207 -0.278422 -0.362962  0.152327  1.68963  2.37734 -3.66942  0.00149356   -0.137479 0.000646893 -0.692326  0.122454 -0.132385  -0.00690771   0.0316903 -0.00817704 -0.000865253  -0.00501965    0.0082935  0.157628 -0.267727  -9.77139 21.6554
-20.7584 -43.5543 -14.7601 -0.299112  -0.35482  0.133528  1.77745  2.21322 -3.81256 0.00617632  -0.141016 0.00269664 -0.517846  0.129939 -0.141253  -0.00680817   0.0316442 -0.00915148 -0.00102763 -0.00517447  0.00856582  0.157849 -0.267456  -9.77148 21.6846
 -21.652 -39.4598 -11.0625 -0.317346 -0.346168  0.124453  1.80221  2.21033 -3.85197 0.00799287  -0.141593  0.0017213 -0.489713  0.164126 -0.132394  -0.00761492     0.03027 -0.00966911 -0.00103413   -0.005223  0.00864982  0.157894 -0.267248  -9.77178 21.7067
 -22.459 -33.0965 -6.54637 -0.324862 -0.345462  0.104803  1.77993  1.99175 -3.90405  0.0136013  -0.146555 0.00632366 -0.289672 0.0917557 -0.130613  -0.00765901   0.0298022  -0.0104408 -0.00123223 -0.00524117  0.00884912  0.157663 -0.267064  -9.77195 21.7277
 -22.218 -27.8849 -3.74422 -0.331911 -0.335954  0.100258   1.8333  1.99518 -3.96713  0.0136827  -0.147497 0.00653012 -0.230608  0.136731 -0.104322  -0.00814572   0.0293808  -0.0109541 -0.00124871 -0.00529785  0.00883226 0.157769 -0.26668 -9.77189 21.7404
-21.9755 -20.6482  0.47684 -0.333484 -0.338088 0.0892096  1.76561   1.8699 -3.94505  0.0151359  -0.149519 0.00894096 -0.0873598  0.0498225  -0.114206  -0.00830256   0.0291866  -0.0115994 -0.00129531 -0.00526291  0.00895185   0.15783 -0.266735  -9.77198 21.7518
-21.8037 -16.1693  3.51484 -0.326532 -0.327881 0.0887449  1.85404  1.84628 -4.02916 0.0136212 -0.150568 0.0104205   0.046979   0.125945 -0.0813888  -0.00819903   0.0299806  -0.0117392 -0.00134401 -0.00531859  0.00887422  0.157967 -0.266117  -9.77155 21.7641
-20.3356 -10.6781  6.58009 -0.317031 -0.326252 0.0844332  1.80839  1.78786 -4.00916 0.0131937 -0.150351  0.010839  0.147484 0.0977044 -0.073695  -0.00864355   0.0298321  -0.0119215 -0.00134128  -0.0053028  0.00894803   0.15818 -0.266208  -9.77149 21.7747
-19.1465  -5.5919  9.70614  -0.29748 -0.317275 0.0864698  1.87215  1.72525 -4.06142 0.0110848 -0.149652 0.0115049   0.305748   0.146117 -0.0460134  -0.00862083   0.0302762  -0.0123676 -0.00138829 -0.00535055  0.00893716  0.158378 -0.265656  -9.77102 21.7963
-17.6073 0.311408  12.1022 -0.278741 -0.311361 0.0889978   1.8537  1.72823 -4.04624 0.0110095 -0.148702 0.0111116   0.409341   0.152419 -0.0247819  -0.00895255   0.0300889  -0.0123365 -0.00142572  -0.0053295  0.00889901   0.15848 -0.265785   -9.7706 21.8161
-16.2195   6.2454  13.8062 -0.250088 -0.302791  0.090401  1.8787 1.68564 -4.0629 0.00975387  -0.147331  0.0116866   0.553026   0.186914 -0.0202393  -0.00903514   0.0301004   -0.012583 -0.00144975 -0.00534709  0.00888579  0.158596 -0.265537  -9.77039 21.8461
-14.5243  12.9204  15.1326 -0.218207 -0.293644 0.0981698  1.86417  1.70627 -4.04755 0.00950691  -0.146551   0.010508   0.659584   0.198293 0.00253654  -0.00949505   0.0299772  -0.0124555 -0.00148173 -0.00531418   0.0088025  0.158781 -0.265689  -9.76962 21.8801
-13.1664  19.0389  15.7526 -0.180599 -0.284808  0.101461  1.85716  1.68432 -4.04929 0.0089055 -0.145412 0.0104282    0.78682   0.214341 0.00187825  -0.00966644   0.0298553  -0.0125926 -0.00150227 -0.00531054  0.00877317  0.158984 -0.265597  -9.76933 21.9189
-12.1924  26.0295  15.3825 -0.137834 -0.272331  0.111778  1.85942  1.71318 -4.03654 0.00838716  -0.145632 0.00870159  0.870194  0.220494 0.0180138  -0.0100542  0.0296136 -0.0123723 -0.00149134  -0.0052718  0.00867036  0.159157 -0.265704  -9.76841 21.9646
-11.8403   31.573  14.4007 -0.0958876  -0.261397   0.116643  1.84535  1.74012 -4.03056 0.00895227  -0.146719 0.00804861  0.932608  0.209842 0.0205352  -0.0102594  0.0297004 -0.0122738 -0.00148755 -0.00524255  0.00861363  0.159244 -0.265813  -9.76797 22.0082
-12.1534  37.4329  12.7574 -0.0445723  -0.250962   0.125634  1.82642  1.75312 -4.02927 0.00943991   -0.14755 0.00699922   0.99668  0.181988 0.0381885  -0.0105224  0.0296025 -0.0121461 -0.00148502 -0.00520148  0.00851578  0.159485 -0.265815  -9.76721 22.0614
-12.6605  41.9003  10.8218 -0.0048367  -0.241741   0.131946  1.82475   1.8197 -4.01117  0.0107142  -0.149962 0.00714423  0.995139  0.162349 0.0543109  -0.0107684  0.0298766 -0.0118323 -0.00144396 -0.00516587  0.00843881  0.159349 -0.266139  -9.76663 22.1026
-13.0439  45.6307  8.87205 0.0515561 -0.234743  0.139668  1.80698  1.79517 -4.02475  0.0113117  -0.149784 0.00654671   1.04496  0.131104 0.0536715    -0.01107  0.0302831 -0.0118785 -0.00146134 -0.00514132  0.00836293  0.159596 -0.265957  -9.76622 22.16
-13.2324  49.1275  7.46541  0.090852 -0.227336  0.139796  1.8404  1.8785 -3.9824  0.0115245  -0.150733 0.00796924   1.00823  0.132014 0.0326807  -0.0114544  0.0303729 -0.0116835 -0.00140552 -0.00516263  0.00839601  0.159117 -0.266481  -9.76615 22.2
-14.7756   52.623  4.01258  0.145082 -0.223307  0.140529  1.81925  1.86532 -4.00766 0.0115621 -0.150546 0.0079044     1.07918   0.0990028 -0.00847748  -0.0114717  0.0306394 -0.0114308 -0.00141743 -0.00514403   0.0083845   0.15931 -0.266455  -9.76619 22.2544
-17.3484  56.3272 -1.46537  0.186193 -0.215854  0.134574  1.85146  1.96389 -3.94336  0.0111016  -0.152068 0.00857551    1.02501  0.0755929 -0.0224712   -0.011883  0.0301439 -0.0111927     -0.0014 -0.00519548  0.00853638  0.158786 -0.266912   -9.7664 22.2966
-19.9794  60.0598  -7.0683  0.235437 -0.213173  0.132915  1.85655  1.96393 -3.93598   0.011009  -0.151991 0.00854797    1.03961  0.0252572 -0.0210008  -0.0122517  0.0301371 -0.0110542 -0.00141096 -0.00520098   0.0085485  0.158761 -0.266913  -9.76648 22.3459
-23.5713  62.5605  -14.005   0.28189 -0.210239  0.132643  1.86748  2.01968 -3.89159  0.0111321  -0.153169 0.00861201    1.02375 -0.0157965  0.0158147  -0.0124312  0.0300964 -0.0108989 -0.00138858 -0.00522879  0.00861739  0.158528 -0.267045  -9.76627 22.3925
-26.1628  63.6186 -21.3794  0.335185 -0.210183  0.127439  1.88788  1.99757 -3.85872   0.010426  -0.152234 0.00728141     1.0765 -0.0551375 -0.0152323  -0.0132543  0.0302739 -0.0104621 -0.00147682 -0.00527976  0.00869596  0.158482 -0.266922  -9.76689 22.446
-27.4881  62.5803 -27.8505  0.370039 -0.212546  0.128154  1.86847  2.09585 -3.83883 0.00996057  -0.155362 0.00944576  0.996874 -0.123418 0.0353232  -0.0137947  0.0310377 -0.0099974 -0.00140636 -0.00524973  0.00872893  0.158411 -0.267138  -9.76648 22.481
-25.9881  61.0798 -32.3688  0.427677 -0.212409  0.119888 1.87973 2.07907 -3.7474 0.00836104  -0.156049 0.00449395    0.964721   -0.130329 -0.00597321   -0.014419   0.031135 -0.0098689 -0.00155101 -0.00538389  0.00894773  0.158504 -0.266639  -9.76744 22.5392
-24.2949  56.8311 -36.4675  0.455495 -0.216397  0.120171 1.85278 2.23426 -3.6944 0.00586825  -0.160041 0.00937426  0.808538 -0.193394 0.0739814   -0.0147891   0.0323511 -0.00897248 -0.00139457 -0.00535032  0.00897613  0.158448 -0.266735  -9.76687 22.5673
-20.0917  50.9486 -39.3562  0.503688 -0.216671  0.116128   1.8629  2.18338 -3.56946 0.00368636  -0.161236 0.00206734  0.786383 -0.155396 0.0654676   -0.0159505   0.0332397 -0.00841344 -0.00145876 -0.00549749  0.00918432  0.158997 -0.266114   -9.7676 22.6156
 -15.309   47.671 -38.8948  0.517668 -0.218292  0.111208  1.81615  2.38801 -3.50625 -0.00130708    -0.16322  0.00604062  0.472377 -0.120281 0.0979032  -0.0155806  0.0330308 -0.0087295 -0.00137651 -0.00555095  0.00935903  0.159118 -0.265909  -9.76769 22.6306
-12.5843   44.108 -38.2186  0.537717 -0.227393  0.113553 1.79479 2.39045 -3.5492  -0.002192  -0.163591 0.00506303  0.390274 -0.162159  0.097653   -0.0153153   0.0341792 -0.00879824 -0.00138373 -0.00553043  0.00940359    0.1591 -0.266016  -9.76786 22.6527
-9.43972  38.9689 -38.2928  0.526738 -0.236347  0.112073  1.73663  2.63146 -3.55135 -0.00538325   -0.157514  0.00799285  0.112822 -0.131975 0.0838258   -0.0152683   0.0346941 -0.00808941 -0.00134709 -0.00564755  0.00969687  0.158817 -0.265927  -9.76769 22.6669
-7.32959  33.7494 -38.3424  0.530973 -0.244699   0.11641  1.72418  2.61874 -3.57587 -0.0054839  -0.157687 0.00733555 0.0274298 -0.142224 0.0780745   -0.0149392   0.0356696 -0.00812794  -0.0013375 -0.00562637  0.00970083  0.158728 -0.266015  -9.76766 22.6773
-4.60435  27.4237  -38.359  0.507133 -0.250669  0.111656  1.66536   2.7907 -3.60453 -0.00678879   -0.153598  0.00995943  -0.218557 -0.0984242  0.0404527  -0.0148425  0.0360862 -0.0075591 -0.00136497 -0.00568269  0.00989343  0.158417 -0.265628  -9.76798 22.7023
-2.46739  22.1512  -37.731  0.492073 -0.260506  0.119457  1.61592  2.78679 -3.66544 -0.00636831   -0.152808  0.00945443 -0.334322 -0.123666 0.0574426   -0.0144372   0.0370058 -0.00785205 -0.00128711 -0.00563989  0.00986143  0.157917 -0.265665  -9.76746 22.7219
-0.191719   15.6092  -36.9314  0.457373 -0.263883  0.115638  1.59473  2.88867 -3.67033 -0.00630091   -0.150118    0.010986   -0.497331  -0.0730968 -0.00464235   -0.014258  0.0370374 -0.0076513 -0.00130196 -0.00567212  0.00996287  0.157788 -0.265335  -9.76773 22.757
 1.04229   11.294 -36.2684  0.409419 -0.272624  0.131301  1.44252  3.00516 -3.77314 -0.00442331   -0.146152  0.00948257  -0.722353 -0.0978115  0.0690729   -0.0139194   0.0373768 -0.00766442 -0.00107639 -0.00564288  0.00994359  0.156561 -0.264637  -9.76636 22.8082
2.39254 7.02989 -36.717  0.358679 -0.277637  0.132313  1.38837  3.06173 -3.80229 -0.00347614   -0.145497  0.00926388 -0.829545 -0.084103 0.0322378   -0.0137851    0.037274 -0.00748872 -0.00108391 -0.00563616   0.0100016  0.156283 -0.264269  -9.76649 22.8592
3.56569    3.17 -36.735  0.307564 -0.283271  0.144432  1.27834  3.11645 -3.84775 -0.00242716   -0.145595  0.00772656  -0.984546 -0.0801225  0.0649219   -0.0134487   0.0374085 -0.00754805 -0.000956367  -0.00559869   0.00990399  0.155664 -0.263741  -9.76569 22.912
  5.39798 -0.816386  -36.4674  0.249246 -0.289424  0.146155  1.23629  3.11719 -3.86256 -0.00228762   -0.145621  0.00790194   -1.05863 -0.0784472  0.0353816   -0.0134166   0.0373084 -0.00761454 -0.000957644  -0.00558325   0.00989504  0.155471 -0.263653  -9.76579 22.9707
 6.42662 -3.96309 -36.2166  0.192879 -0.295303  0.157394 1.17177 3.13369 -3.8787 -0.00254402   -0.145642  0.00699022   -1.13879 -0.0784945  0.0671925   -0.0130484   0.0372812 -0.00766206 -0.000856676   -0.0055767   0.00974831  0.155134 -0.263447  -9.76506 23.0284
 7.76626 -7.91907 -36.4453  0.130124 -0.302842  0.161755  1.12067  3.11339 -3.88323 -0.00258165   -0.145835  0.00699939   -1.19271 -0.0859549  0.0379366    -0.012906    0.037153 -0.00774051 -0.000857801  -0.00556261   0.00969404  0.154913 -0.263444  -9.76495 23.0918
  7.9713 -10.8075 -35.7422 0.0665917 -0.308684  0.171269   1.0624   3.1112 -3.88793 -0.00303068   -0.146565  0.00645576   -1.28745 -0.0604211  0.0320947   -0.0123612   0.0368828 -0.00796138 -0.000806446  -0.00555793   0.00953777  0.154653 -0.263315  -9.76431 23.1563
 7.57271 -13.7442  -33.735 -0.00154858    -0.30901    0.172044  1.07262  3.13287 -3.89244 -0.0028717  -0.146252 0.00632016   -1.32461 -0.0136781 -0.0175289   -0.0120407   0.0367655 -0.00803312 -0.000789939  -0.00556979   0.00952419  0.154661 -0.263241  -9.76424 23.2245
 6.62892 -16.5181 -32.2749 -0.0652107  -0.313388   0.175535  1.04398  3.07325 -3.87423 -0.00350159   -0.147781  0.00644319    -1.30031  -0.0316072 -0.00214637   -0.0115671   0.0364352 -0.00810957 -0.000834476  -0.00555319   0.00945122 0.154619 -0.26341 -9.76384 23.2884
 6.06591   -18.95 -31.6509  -0.12688 -0.313476  0.177941  1.06149  3.06669 -3.87419 -0.00361604   -0.148142  0.00655518   -1.29471 -0.0105601 0.00358165   -0.0112678   0.0361419 -0.00797864 -0.000846792  -0.00556892    0.0094127  0.154668 -0.263419  -9.76359 23.3501
 5.33912 -21.9388 -31.6491 -0.180034 -0.322786  0.175201  1.12821  2.90496 -3.81303 -0.00414097    -0.14566  0.00711832   -1.17569 -0.0532709 -0.0163314   -0.0106286   0.0357643 -0.00778911 -0.00102527 -0.00559261  0.00961329  0.154933 -0.264391  -9.76343 23.4041
 4.24861   -24.18 -30.9266 -0.230126 -0.322916  0.178586  1.18824  2.88299 -3.81915 -0.00453065   -0.145586   0.0073176   -1.15447 -0.0274134  0.0171281   -0.0100965   0.0353776 -0.00791327 -0.00105865 -0.00563525  0.00959988  0.155073 -0.264484    -9.763 23.4543
 2.91659  -26.277 -29.9908 -0.268105 -0.336449  0.173106  1.29615  2.61788 -3.75744 -0.00450383   -0.142872  0.00870049   -0.963283  -0.0971474 -0.00582219  -0.00942488   0.0347194 -0.00819967 -0.00130035 -0.00564907  0.00997722  0.155318 -0.265654   -9.7629 23.495
 1.28609 -26.7205 -27.9915 -0.303954 -0.333702  0.178677   1.4134  2.59787 -3.80436 -0.00406772    -0.14339   0.0092662  -0.913375 -0.0359054  0.0451322  -0.00891136   0.0340364 -0.00854372 -0.00138739 -0.00572447  0.00994168  0.155454 -0.265599  -9.76222 23.5314
-0.207842  -27.1604  -25.4947 -0.323938 -0.341865  0.168002  1.52119  2.27822 -3.82004 -0.000315824    -0.145703    0.0130473  -0.674289 -0.0943081 -0.0047731  -0.00844795   0.0336859 -0.00940261 -0.00169305 -0.00571262   0.0103391    0.1554 -0.265982  -9.76241 23.5555
 -1.6856 -26.1728 -22.9742 -0.349474 -0.335715  0.169279   1.6496  2.29279 -3.89963 0.000985512   -0.145905   0.0127029   -0.625021 -0.00791944   0.0104091  -0.00817176   0.0332088  -0.0095944 -0.00175357 -0.00580294    0.010368  0.155518 -0.265736   -9.7621 23.5818
-2.70983 -24.0984 -19.4557 -0.359604 -0.338927  0.158887 1.70231 2.04141 -3.9304 0.00510374  -0.150387   0.017109  -0.437696 -0.0512469 -0.0114921   -0.008067  0.0328566 -0.0105629 -0.00201367 -0.00576938   0.0106004  0.155421 -0.265615  -9.76228 23.5966
-3.60347 -21.5691 -16.3143 -0.375931 -0.326496  0.159501  1.85857  2.07669 -4.04036 0.00694986  -0.150578  0.0158269   -0.36665  0.0673241 -0.0111711  -0.00796859   0.0327959  -0.0107634 -0.00207473 -0.00590056   0.0106441  0.155496 -0.265145  -9.76199 23.6172
-4.23029 -19.1049  -13.164 -0.376553 -0.325183  0.150031  1.88487  1.89874 -4.05441 0.00924635  -0.153732  0.0184471  -0.197995   0.037164 -0.0545581  -0.00798044   0.0327424  -0.0112341 -0.00222684 -0.00587238   0.0108466  0.155594 -0.264982  -9.76223 23.6267
-5.33134 -16.2852 -10.2881 -0.379982  -0.30978  0.145678  2.03856  1.90599 -4.14493 0.00973136  -0.154249   0.018711  -0.113893   0.149457 -0.0633973  -0.00775266   0.0332081  -0.0113268 -0.00223631 -0.00597393   0.0108958  0.155586 -0.264539  -9.76223 23.6431
-5.49594 -13.5557 -7.52068 -0.376698 -0.306023  0.138935  2.02803  1.81293 -4.12871 0.00995423  -0.154561  0.0193821 -0.0290681   0.121724  -0.068471  -0.00798036   0.0330131  -0.0116847 -0.00228524 -0.00595387   0.0110248  0.155747 -0.264565  -9.76238 23.6515
-5.42641 -8.72803 -4.19063 -0.364239 -0.290572  0.128437  2.16048  1.69726 -4.19411 0.0113732 -0.156909 0.0217403  0.0959277    0.18803 -0.0871241  -0.00789564   0.0328135  -0.0125552 -0.00237892 -0.00599237   0.0111728  0.155667 -0.263947  -9.76276 23.674
-4.51888 -3.30392 -0.73106 -0.354202 -0.285804   0.12496  2.11801  1.65481 -4.17077  0.010672 -0.156865 0.0226092   0.174881    0.15518 -0.0837072  -0.00838996   0.0322891  -0.0127698 -0.00239263 -0.00596503   0.0111542  0.155829 -0.264001  -9.76267 23.6856
-3.51877  3.21358  2.75455  -0.33316 -0.271948  0.114117  2.19831  1.55118 -4.19823 0.0109058  -0.15876 0.0260023  0.337935  0.213167 -0.103899  -0.00839922   0.0318919  -0.0135773 -0.00245684 -0.00595896   0.0111966   0.15571 -0.263461  -9.76309 23.713
-1.49965  9.91912  4.55546 -0.308628 -0.262514  0.108927  2.19267  1.51189 -4.18684 0.0102434 -0.157977 0.0269407  0.477071   0.23814 -0.108486  -0.00884611   0.0315368  -0.0133479 -0.00247171 -0.00595149   0.0111826  0.155816 -0.263467  -9.76305 23.7398
-0.6665 14.6304 5.00396 -0.260622  -0.25577   0.10867   2.2335  1.34055 -4.13468 0.00622842  -0.151151  0.0279465  0.718849  0.292267 -0.117522  -0.00860045   0.0316852  -0.0136289 -0.00253116 -0.00602038   0.0111935  0.156223 -0.263392  -9.76259 23.7883
-0.360493    17.516   3.85741 -0.210597 -0.240775  0.101744  2.28269  1.25737 -4.10319 0.00435361  -0.146797  0.0268458  0.876688  0.374874 -0.158681  -0.00861767   0.0319755   -0.013304 -0.00255972 -0.00607494   0.0113028  0.156349 -0.263374  -9.76258 23.841
-0.164062   18.5328   1.62401 -0.150439 -0.230558  0.110265  2.24666  1.12186 -4.05706 0.00627158  -0.139329  0.0227872   1.06993  0.424415 -0.112844  -0.00856558    0.032265  -0.0132496 -0.00283223 -0.00620789   0.0112679  0.156963 -0.263169  -9.76142 23.9026
0.0812931   18.0604  -1.95216 -0.0814826  -0.203135   0.101732 2.34052 1.04882 -4.0009 0.00255531   -0.13485  0.0189525   1.17059  0.570822 -0.179965  -0.00879555   0.0328884  -0.0127325  -0.0027982 -0.00628281   0.0115044  0.157028 -0.263146  -9.76156 23.9773
-0.0683143    16.6205    -4.8775 -0.0195668  -0.179403   0.104747  2.30231 0.980235 -3.98912 0.00626892   -0.13203  0.0164189   1.22805  0.608728 -0.163825  -0.00872523    0.033162  -0.0128019  -0.0030126 -0.00635891   0.0114089  0.157309 -0.262896  -9.76075 24.0437
-0.279485   14.5069  -7.73466 0.0486886 -0.145146 0.0941786  2.33119 0.933376 -3.96349 0.00543637  -0.131198  0.0145035   1.20817  0.673396 -0.210827  -0.00856162   0.0336998  -0.0127953 -0.00304302 -0.00637206   0.0115078  0.157397 -0.262784  -9.76088 24.1208
0.651636   10.814 -9.59904  0.108202 -0.110993 0.0954469  2.33126 0.895013 -3.95869 0.00892541   -0.13074  0.0138205   1.19289  0.716142 -0.125063  -0.0086393  0.0342485 -0.0129433 -0.00317826 -0.00642427   0.0113418  0.157369 -0.262526   -9.7601 24.1894
 3.09028  8.53943 -9.34918   0.157399 -0.0764875  0.0885643  2.32689 0.996892 -3.98722 0.00847589  -0.127798  0.0160758    1.00512   0.719699 -0.0953393  -0.00884945   0.0344403  -0.0131676 -0.00308039 -0.00644986   0.0113087  0.157136 -0.263022  -9.76004 24.2499
 4.1361 6.51732 -8.8622   0.205365 -0.0392871  0.0843692   2.3395  1.00817 -3.98324 0.00877482  -0.127343  0.0161285   0.972648   0.754674 -0.0900501  -0.00878482   0.0345092  -0.0132189 -0.00308237 -0.00645914   0.0113048  0.157064 -0.263069  -9.75997 24.3107
 4.50323  3.21381 -8.08234    0.235004 -0.00548044   0.0788994  2.33788  1.21059 -4.04207 0.00852518  -0.120255  0.0177616  0.786851  0.765111 -0.134133  -0.00871029   0.0350843  -0.0132661 -0.00290288 -0.00654386   0.0113027  0.156548 -0.263906  -9.75974 24.356
 3.61311  2.92891 -7.72758  0.255466  0.028035 0.0600751  2.32379  1.39228 -4.09484 0.00801609  -0.116119  0.0156659   0.58168  0.753981 -0.266533  -0.00865111   0.0346127  -0.0128872 -0.00277836 -0.00654955   0.0116053  0.156262 -0.264566  -9.76042 24.3996
 1.14985  2.41693 -6.49942  0.263935 0.0612889 0.0603796  2.24392   1.5865 -4.14926 0.00650498  -0.114466 0.00966111    0.3955  0.696468 -0.257968  -0.00813191   0.0347958  -0.0129644  -0.0023895 -0.00659017   0.0116405  0.155595 -0.265068  -9.75947 24.4339
-0.780103    2.3631  -6.16555  0.269883 0.0903899  0.042776  2.20198  1.69165 -4.16915 0.00719951  -0.112495 0.00690818  0.287133  0.658319 -0.332298  -0.0080771   0.034659 -0.0125617 -0.00229991 -0.00658111   0.0118267  0.155317 -0.265446  -9.75983 24.4684
-2.36508  1.37047 -6.00521  0.271931  0.121317 0.0332766  2.13944  1.81056 -4.17293 0.00670739  -0.114514 0.00525606  0.189087  0.589111 -0.311924  -0.00811106   0.0347936  -0.0123704 -0.00211311  -0.0065496   0.0117353  0.155094 -0.265655  -9.75939 24.5008
-3.46144 0.805287 -6.85914  0.268249  0.144795 0.0129766 2.03604 1.91206 -4.1683 0.00795048  -0.115852 0.00477846 0.0636873  0.477359 -0.320935  -0.00830548   0.0344256  -0.0119416 -0.00204712 -0.00649841   0.0117871  0.155056 -0.265822  -9.75985 24.5321
-3.64109 0.794682 -6.53213   0.259243   0.165763 0.00702452  1.97341   2.0292 -4.15299 0.00758963  -0.116897 0.00455846 -0.0566698   0.392476  -0.215905  -0.00856852    0.034256  -0.0120274 -0.00192309 -0.00646439   0.0115963  0.155018 -0.266192  -9.75924 24.5557
-4.15306  1.30395 -6.49354    0.249782    0.174344 -0.00516299  1.84887  2.08467 -4.14586 0.00791095  -0.117383  0.0050702 -0.0987083   0.243879  -0.184489  -0.00878667   0.0337376  -0.0118737 -0.00187781  -0.0064364   0.0115755  0.155215 -0.266313  -9.75948 24.5733
-4.97393  1.82745  -6.8652    0.239654    0.178764 -0.00694864  1.76352  2.13104 -4.13711 0.00765647   -0.11746 0.00514673 -0.135062  0.118033 -0.106466  -0.00873386   0.0335995  -0.0117191 -0.00183067 -0.00641212   0.0114379  0.155364 -0.266526  -9.75905 24.5845
-5.77343 0.611438 -7.64984   0.231411   0.177206 -0.0117089  1.68992  2.14394 -4.13377  0.0081309  -0.117697 0.00548269  -0.126287 -0.0200467  -0.100956  -0.00865407   0.0337541  -0.0115331 -0.00182992 -0.00639759   0.0114015  0.155483 -0.266557  -9.75904 24.5942
-7.42879 -1.55082 -6.86365   0.217707    0.17204 -0.0102051 1.65083 2.19983 -4.1185 0.00856373  -0.117628 0.00632501  -0.211253 -0.0868953 0.00775169  -0.00864703   0.0338899  -0.0116843 -0.00181197 -0.00636971   0.0112543  0.155493 -0.266788  -9.75865 24.6089
-7.14043 -2.10779 -6.14682    0.205406    0.161996 -0.00999277  1.58295  2.21162 -4.11423 0.00801024  -0.117461 0.00692126 -0.244286 -0.145341 0.0274712  -0.0088121  0.0336652 -0.0117273 -0.00177578 -0.00635988   0.0112335  0.155631 -0.266844   -9.7587 24.6248
-5.97796 -3.52343 -6.47895    0.191495    0.153146 -0.00829548  1.56831  2.21934 -4.11279 0.00803911  -0.117416 0.00718207 -0.256776 -0.162596 0.0250238  -0.00905396    0.033666  -0.0115508 -0.00177064 -0.00635545   0.0112127  0.155648 -0.266873  -9.75867 24.6413
  -4.822 -3.22394 -6.52804    0.174178    0.144334 -0.00977674 1.54371 2.26144 -4.1039 0.00797907  -0.117971 0.00719184 -0.340617 -0.188082 0.0157852  -0.00936961   0.0330947  -0.0115618 -0.00173186 -0.00634963   0.0112447  0.155682 -0.266928   -9.7589 24.6608
-3.91011 -2.61422 -6.57695    0.153913    0.136031 -0.00578374  1.56623  2.28519 -4.09892  0.0076858   -0.11758 0.00675845 -0.343401 -0.187507 0.0444328  -0.00932673   0.0331382  -0.0114004    -0.00171 -0.00635274   0.0112035  0.155611 -0.267014  -9.75868 24.6831
-2.71197 -2.84864 -7.50388    0.135923    0.125298 -0.00378014  1.53588  2.30451 -4.09626 0.00791248  -0.117858 0.00680924 -0.351999 -0.204502 0.0575369  -0.00939052   0.0330054  -0.0113365 -0.00169788 -0.00634248   0.0111973   0.15564 -0.267056  -9.75872 24.7041
  -1.529 -3.51994 -8.74042    0.114361      0.1224 0.000731984  1.62736  2.34537 -4.09519 0.00702013  -0.118081 0.00634073 -0.403976  -0.15925 0.0621885  -0.00931609   0.0330965   -0.010969 -0.00165219 -0.00636375   0.0111839  0.155478 -0.267068  -9.75862 24.7263
 -1.21593 -0.719591  -9.65382   0.0846582    0.117908 -0.00375781  1.62726   2.4432 -4.08963 0.00742121  -0.119345 0.00437251  -0.519264  -0.168673 -0.0934454  -0.00906271   0.0324174  -0.0107716 -0.00156676  -0.0063649   0.0113108  0.155383 -0.267146  -9.75907 24.7567
-3.64298 -2.36626 -9.44702  0.0596235    0.11628 -0.0116835   1.7208  2.41899 -4.09491 0.00816013  -0.119285 0.00607555  -0.498371  -0.124977 -0.0357724  -0.00836141   0.0332582  -0.0107752 -0.00162736 -0.00639883   0.0113142  0.155239 -0.266973  -9.75921 24.783
-3.87528 -2.71383 -9.79275  0.0364781   0.112092 -0.0140963  1.74218  2.42433 -4.09469 0.00822733  -0.119214 0.00631319 -0.504039 -0.112372 -0.044158  -0.00814582   0.0333988  -0.0107549 -0.00162828 -0.00640563   0.0113156  0.155196 -0.266964  -9.75924 24.8067
 -5.2938 -4.16382 -10.4413 0.00849673   0.112049 -0.0162357  1.81004  2.43656 -4.09388 0.00843231  -0.119368 0.00703102  -0.513027 -0.0679133 -0.0389743  -0.00788912   0.0333312  -0.0106015 -0.00163904 -0.00642281    0.011278  0.155079 -0.266917  -9.75915 24.8347
-4.65179 -3.87634 -10.5369 -0.0122496   0.107922 -0.0172036  1.80253  2.40471 -4.09548 0.00849823  -0.119634 0.00703578  -0.495875 -0.0835018 -0.0338248  -0.00797669   0.0331132  -0.0107716 -0.00166604 -0.00641888   0.0112734  0.155126 -0.266863  -9.75909 24.8559
-3.29423 -3.41219 -10.6331   -0.03898   0.102035 -0.0169896  1.79228  2.39551 -4.09567 0.00840661  -0.119426 0.00728861  -0.499767 -0.0919207 -0.0235036  -0.00810548   0.0329514  -0.0107075 -0.00167319 -0.00641692   0.0112251  0.155129 -0.266876  -9.75891 24.8833
-2.14917 -2.80337 -10.4425 -0.0577375    0.09693 -0.0166047  1.7928 2.35154 -4.0974 0.00837601   -0.11953 0.00770618  -0.471487  -0.103119 -0.0124481  -0.0081142  0.0327596 -0.0109054 -0.00171011 -0.00641569   0.0111988  0.15517 -0.26682 -9.75878 24.9027
-1.99158 -2.69305 -10.4603 -0.0822627   0.093369  -0.016393  1.81558  2.34862 -4.09816 0.00840318  -0.119435 0.00762006  -0.473428 -0.0868464 -0.0114486  -0.00797708   0.0327054  -0.0108622 -0.00171887 -0.00642482   0.0111839  0.155149 -0.266805  -9.75868 24.9275
-2.34424 -2.88242 -10.2858 -0.0996868  0.0885645 -0.0158324  1.81983  2.29643 -4.09791 0.00840457  -0.119519 0.00762325  -0.437287 -0.0918912 -0.0107424  -0.0077579   0.032761 -0.0110339 -0.00176247 -0.00642559   0.0111854 0.155208 -0.26675 -9.75859 24.9456
-2.97493 -3.15982 -10.4628  -0.121914  0.0867311 -0.0155439  1.85979  2.28303 -4.09874  0.0084255  -0.119518 0.00788126  -0.426868 -0.0643754 -0.0060143  -0.00760869   0.0327725  -0.0109189  -0.0017829 -0.00643926   0.0111622  0.155185 -0.266706  -9.75847 24.9679
 -2.9628 -2.90302 -10.2769  -0.134818  0.0840707 -0.0123534  1.87678  2.21876 -4.09736 0.00852216  -0.119704  0.0079922  -0.378537 -0.0645215  0.0132762  -0.00758347   0.0324697  -0.0111449 -0.00184529   -0.006445   0.0111224  0.155237 -0.266621   -9.7582 24.9815
-2.97586 -2.93954 -10.3317  -0.152333  0.0808819 -0.0108741  1.89013  2.18559 -4.09674 0.00856806  -0.119668 0.00799297  -0.355455 -0.0605376  0.0153293  -0.00749583   0.0324431  -0.0110792 -0.00187674 -0.00645034   0.0111168  0.155263 -0.266584  -9.75811 24.9993
-3.07177   -2.975 -10.2901   -0.159766   0.0788482 -0.00688116  1.92092  2.09963 -4.09498 0.00868067  -0.119624 0.00795443  -0.285986 -0.0531732   0.030915  -0.00730812   0.0324321  -0.0112175 -0.00195722   -0.006463   0.0110984  0.155332 -0.266487  -9.75785 25.008
-3.00923 -2.93229 -10.3837   -0.172569   0.0760837 -0.00415185  1.93068  2.07065 -4.09446 0.00870789  -0.119552 0.00795364 -0.266788 -0.050092 0.0347525  -0.0073026  0.0323212 -0.0111163  -0.0019847 -0.00646767    0.011086  0.155355 -0.266459  -9.75774 25.0214
 -3.0686 -2.85003 -10.3582    -0.177621    0.0755785 -0.000357359 1.96967 2.00462 -4.0939 0.00877674  -0.119435 0.00796108  -0.210666 -0.0331621  0.0436336  -0.00714063   0.0322305  -0.0111863 -0.00204687 -0.00648286   0.0110794  0.155394 -0.266379  -9.75757 25.0277
-3.03384 -2.84219 -10.4104  -0.186158  0.0729151 0.00161552  1.96845  1.97427 -4.09316 0.00881573  -0.119409 0.00797733  -0.191575 -0.0388478   0.037579  -0.00710713   0.0321489  -0.0111294 -0.00207109 -0.00648218    0.011091  0.155431 -0.266357  -9.75757 25.0369
-3.11684 -2.79658 -10.3968  -0.190236  0.0740212 0.00422145  2.01279  1.93368 -4.09376 0.00886446  -0.119324 0.00795054  -0.154214 -0.0136355  0.0378988  -0.00695631   0.0320977  -0.0111242 -0.00211088 -0.00649826   0.0110991  0.155441 -0.266296  -9.75749 25.0418
-3.06406   -2.778 -10.4286  -0.196269   0.071296 0.00613412  2.00043  1.90096 -4.09271 0.00890238  -0.119331 0.00798079  -0.135294 -0.0280829  0.0323673  -0.00696389   0.0319828  -0.0110554 -0.00213531 -0.00649353   0.0111079  0.155489 -0.266278  -9.75749 25.0487
 -3.1596 -2.68684 -10.2857  -0.195316  0.0723892 0.00864239  2.04207  1.84023 -4.09323  0.0090233  -0.119349 0.00799504  -0.0815681 -0.00771949   0.0342184  -0.00677769   0.0318989  -0.0112048 -0.00219167 -0.00650784   0.0111162   0.15552 -0.266196   -9.7574 25.0516
-3.13973 -2.73778 -10.3075  -0.195927  0.0694953 0.00950122  2.02721  1.79372 -4.09182 0.00906492  -0.119375  0.0079976 -0.0513312 -0.0246297  0.0226508  -0.00675701   0.0318414  -0.0111748 -0.00222428 -0.00650153   0.0111445  0.155588 -0.266169  -9.75746 25.0547
-3.20525 -2.63576 -10.2522 -0.193488 0.0714077 0.0108133  2.07117  1.75511 -4.09266 0.00913512  -0.119318 0.00799059 -0.0146275 0.00115941   0.020286  -0.00662158   0.0317416   -0.011235 -0.00226133 -0.00651702   0.0111575 0.155595 -0.26611 -9.75741 25.0581
-3.17524 -2.68605  -10.306  -0.191837  0.0700485 0.00949176   2.0631  1.72692 -4.09164 0.00916327  -0.119312 0.00798645   0.00264795  -0.00875707 -0.000934119  -0.00661012   0.0316978  -0.0111808 -0.00227804 -0.00651248   0.0112057  0.155642 -0.266099  -9.75757 25.0606
-3.53007  -2.7017 -10.1859  -0.187479  0.0724185 0.00909987  2.10485  1.69139 -4.09228 0.00922715  -0.119224 0.00803434   0.0365589   0.0161333 -0.00808232  -0.00637841   0.0316393  -0.0112945 -0.00231058 -0.00652681   0.0112285  0.155646 -0.266048  -9.75758 25.0656
-3.50109 -2.72291 -10.2141   -0.18354  0.0727026 0.00780889  2.10385  1.67021 -4.09178 0.00924475    -0.1192 0.00802795  0.0503565   0.013263 -0.0176724  -0.00639048   0.0315698  -0.0112637 -0.00232541 -0.00652598    0.011247  0.155673 -0.266035  -9.75763 25.0697
-3.53879 -2.63491 -10.1728  -0.178013  0.0763938 0.00845272   2.1453  1.64658 -4.09316  0.0092737  -0.119133 0.00800009    0.07503  0.0415096 -0.0122806  -0.00628654   0.0314787  -0.0112985 -0.00235133  -0.0065417   0.0112341  0.155662 -0.265989  -9.75751 25.0764
-3.46606 -2.59847  -10.188  -0.171583  0.0775262 0.00659596  2.13934  1.62029 -4.09252 0.00930736  -0.119138 0.00802897 0.0927176 0.0339905 -0.024091  -0.00629901   0.0313676  -0.0112943 -0.00236895 -0.00653873   0.0112581  0.155698 -0.265974  -9.75757 25.0832
-3.52367 -2.61168 -10.1415  -0.165407   0.080522 0.00540913  2.16013  1.60443 -4.09327 0.00932299  -0.119107 0.00800145   0.107555  0.0482001 -0.0288975  -0.00617602   0.0313594  -0.0113233 -0.00238316 -0.00654609   0.0112676 0.155699 -0.26595 -9.75757 25.0901
-3.42154 -2.60641 -10.1248  -0.158167  0.0815458 0.00430054  2.14483  1.58757 -4.09245 0.00934118  -0.119119 0.00804251   0.115567  0.0360976 -0.0294686  -0.00622027   0.0312731  -0.0113167  -0.0023953 -0.00654077   0.0112576  0.155726 -0.265945  -9.75752 25.0975
-3.39943 -2.56923 -10.0781  -0.152865  0.0839597 0.00322508  2.15401  1.58737 -4.09284 0.00934435  -0.119103 0.00802961  0.115535 0.0442597 -0.031256  -0.0061869  0.0312128  -0.011318 -0.00239725 -0.00654431   0.0112532  0.155718 -0.265939   -9.7575 25.1035
-3.32129 -2.58048 -10.0685  -0.145566  0.0852052 0.00165029  2.14408  1.57434 -4.09229 0.00935897  -0.119113  0.0080502    0.12196  0.0351833 -0.0341623  -0.00621703   0.0311474  -0.0113039 -0.00240637 -0.00654075   0.0112501  0.155738 -0.265935  -9.75748 25.111
-3.36024  -2.6141  -10.049    -0.140003    0.0875658 -0.000755528  2.15265  1.57547 -4.09263 0.00935311    -0.1191 0.00803993   0.120594  0.0425414 -0.0434237  -0.00612589   0.0311503  -0.0112862 -0.00240497 -0.00654348   0.0112651  0.155733 -0.265932  -9.75753 25.1175
-3.25217 -2.61571 -10.0332   -0.132815   0.0883121 -0.00127544  2.13686  1.56483 -4.09195 0.00937337   -0.11911 0.00807695   0.123397    0.03026 -0.0345027  -0.00617892   0.0310721  -0.0112846 -0.00241498 -0.00653874    0.011229 0.155749 -0.26593 -9.75739 25.1248
-3.27326  -2.5843 -9.97938   -0.127288   0.0905866 -0.00264391  2.14623  1.56765 -4.09238 0.00937383  -0.119098 0.00807277   0.120565  0.0384393 -0.0363507  -0.00610916   0.0310153  -0.0112966 -0.00241469 -0.00654236   0.0112234  0.155737 -0.265926  -9.75737 25.1309
-3.20736 -2.57697 -9.98353  -0.120902  0.0912838 -0.0027601   2.1305  1.56511 -4.09178 0.00937965  -0.119118 0.00810199  0.116957 0.0271519 -0.027385  -0.00613125   0.0309311  -0.0112678 -0.00241853 -0.00653766    0.011186 0.155745 -0.26593 -9.75723 25.1373
-3.19802 -2.53609 -9.93761   -0.116603   0.0933027 -0.00430363  2.13633  1.57712 -4.09209 0.00936898  -0.119111 0.00808911   0.106425  0.0337852 -0.0321681  -0.00608946   0.0308664  -0.0112683 -0.00241029 -0.00653991   0.0111863   0.15573 -0.265936  -9.75724 25.1423
-3.16645 -2.54058 -9.93392   -0.111345   0.0946226 -0.00397011  2.12902  1.58051 -4.09194 0.00936751  -0.119124 0.00810868    0.10017  0.0290264 -0.0214753  -0.00609199   0.0307977  -0.0112404 -0.00241118 -0.00653844   0.0111442  0.155725 -0.265939  -9.75709 25.1478
-3.14767 -2.49861 -9.91124   -0.108163   0.0967021 -0.00453742  2.13339  1.59589 -4.09225 0.00935091  -0.119123 0.00810144  0.0866929  0.0352035 -0.0209729  -0.00605949   0.0307307  -0.0112343 -0.00240176 -0.00654055   0.0111299  0.155705 -0.265946  -9.75705 25.1516
-3.12253  -2.5411 -9.95621   -0.103716   0.0971452 -0.00326149  2.11702  1.59416 -4.09175 0.00937061  -0.119147 0.00813117   0.0830674   0.0217979 -0.00835453  -0.00605644    0.030683  -0.0112043  -0.0024062 -0.00653592   0.0110828   0.15571 -0.265951  -9.75688 25.1563
-3.05484  -2.5005   -9.951   -0.101766   0.0976956 -0.00472942  2.10791  1.61027 -4.09142  0.0093551  -0.119166 0.00813059  0.0666794  0.0150978 -0.0170662  -0.00602485   0.0306177  -0.0112054  -0.0023921 -0.00653234   0.0110945  0.155705 -0.265968  -9.75695 25.1588
-2.86933 -2.49111 -10.0533  -0.0994578   0.0979447 -0.00316434  2.09788  1.62016 -4.09127 0.00935645  -0.119162 0.00816576   0.0538029    0.010959 -0.00491864  -0.00599557   0.0305939  -0.0111491 -0.00238904 -0.00653029   0.0110437  0.155694 -0.265979  -9.75677 25.1616
-2.90334  -2.5507 -10.0887  -0.0983954   0.0982687 -0.00509613  2.09299  1.63187 -4.09111 0.00934219  -0.119182 0.00816244  0.0410445 0.00841647  -0.019356  -0.00593724   0.0305919  -0.0111205 -0.00237739 -0.00652774   0.0110684  0.155692 -0.265991  -9.75688 25.1638
-2.91907 -2.59805  -10.141  -0.0966636   0.0976306 -0.00416158  2.07995  1.63268 -4.09081 0.00935899  -0.119212 0.00817699    0.0345855 -0.000600669  -0.00965766  -0.0059069  0.0305446 -0.0110855 -0.00237948 -0.00652413   0.0110296  0.155693 -0.265995  -9.75675 25.1659
-2.91353  -2.6108 -10.1276  -0.0975253   0.0982224 -0.00622858  2.08126  1.65671 -4.09104 0.00933513  -0.119194 0.00816876   0.012643 0.00420233 -0.0231413  -0.00587568   0.0305194  -0.0110694 -0.00236041 -0.00652429   0.0110495  0.155675 -0.266013  -9.75685 25.1682
 -2.9037 -2.66234 -10.1284  -0.0978986   0.0980347 -0.00486427  2.07357  1.66435 -4.09109 0.00933732  -0.119211 0.00819023  0.00159797  0.00100652 -0.00911727  -0.00585459   0.0304969  -0.0110336 -0.00235935 -0.00652325   0.0109975  0.155664 -0.266018  -9.75666 25.1696
 -2.9135 -2.70127 -10.1232 -0.0996227  0.0979562  -0.006613  2.06848  1.68031 -4.09107 0.00931744  -0.119203 0.00818662   -0.015888 0.000158143   -0.020873  -0.00580565   0.0304925  -0.0110053 -0.00234566 -0.00652105   0.0110142  0.155658 -0.266033  -9.75675 25.1721
-2.89971  -2.7039 -10.0959   -0.101666   0.0968525 -0.00515404  2.05415  1.68753 -4.09086 0.00930697  -0.119222 0.00821228 -0.0286441 -0.0094784 -0.0070993  -0.00578784   0.0304234  -0.0109774 -0.00234383 -0.00651763   0.0109625  0.155652 -0.266042  -9.75657 25.1748
-2.88289 -2.71075 -10.0947   -0.104609   0.0966063 -0.00655834  2.05273  1.70287 -4.09094 0.00929448  -0.119218 0.00819896  -0.0447729 -0.00838275  -0.0170965  -0.00575885   0.0303939  -0.0109532 -0.00233165 -0.00651687   0.0109757  0.155643 -0.266053  -9.75664 25.1781
-2.84957 -2.69974 -10.1462   -0.107509   0.0953264 -0.00571479  2.04378  1.70308 -4.09078 0.00929446  -0.119226  0.0082218 -0.0511238 -0.0157074 -0.0086131  -0.00574376   0.0303163  -0.0109078 -0.00233406 -0.00651485   0.0109395  0.155642 -0.266056  -9.75651 25.1814
-2.86095 -2.72264 -10.1257    -0.11182   0.0952744 -0.00793111   2.0459  1.72341 -4.09095 0.00927963  -0.119226 0.00820086 -0.0707473 -0.0100435 -0.0240247  -0.00569214   0.0303086  -0.0108762 -0.00231769 -0.00651492   0.0109659  0.155629 -0.266069  -9.75663 25.1862
-2.90835 -2.74181 -10.0486    -0.11664   0.0935336 -0.00661056  2.03079  1.72798 -4.09071 0.00926892  -0.119252 0.00822452 -0.0817747 -0.0202677 -0.0104807  -0.00569322   0.0302344  -0.0108392 -0.00231778 -0.00651115   0.0109137  0.155626 -0.266076  -9.75645 25.1915
 -2.9867 -2.84984 -10.0117   -0.121044   0.0926437 -0.00793841  2.03055  1.73377 -4.09072 0.00925898  -0.119242 0.00822376 -0.0904401 -0.0209263 -0.0188841  -0.00562746   0.0302798  -0.0108259 -0.00231241 -0.00651072   0.0109262  0.155623 -0.266081   -9.7565 25.1962
-2.94595 -2.79998 -9.98762   -0.127019   0.0904755 -0.00611018  2.01758  1.73941 -4.09057 0.00925549  -0.119259 0.00825779   -0.102708  -0.0300467 -0.00304145  -0.00562636   0.0301705  -0.0108139 -0.00231268 -0.00650788   0.0108693  0.155616 -0.266087   -9.7563 25.2028
-2.95532 -2.70977 -9.94584   -0.131925   0.0898851 -0.00627172  2.02586  1.74257 -4.09077 0.00925413   -0.11925 0.00824648   -0.107762   -0.023884 -0.00632372  -0.00556097   0.0300629  -0.0108306  -0.0023116 -0.00651102    0.010868  0.155608 -0.266084  -9.75629 25.2077
-2.90928 -2.68756 -9.97547   -0.137981   0.0881182 -0.00502933  2.02121  1.74181 -4.09071 0.00924794  -0.119246 0.00826345   -0.112209  -0.0284578 0.000904721  -0.00556507   0.0299811  -0.0107833 -0.00231465 -0.00651037   0.0108361  0.155606 -0.266085  -9.75618 25.2142
-2.94566 -2.71262 -9.94634   -0.142308   0.0869709 -0.00463875  2.02538  1.73352 -4.09081 0.00925279  -0.119236  0.0082639    -0.108346   -0.0278495 -4.57025e-06  -0.00547974   0.0299705  -0.0107945 -0.00232108 -0.00651201   0.0108312  0.155608 -0.266078  -9.75615 25.2187
-2.93108 -2.70337 -9.93526   -0.147962   0.0850174 -0.00257042  2.02198  1.72822 -4.09083 0.00926087  -0.119235 0.00828322  -0.109057 -0.0317809  0.0107399  -0.00545738   0.0299013  -0.0107891 -0.00232825 -0.00651197   0.0107912  0.155606 -0.266074    -9.756 25.225
-2.97851 -2.68832 -9.91267   -0.151684      0.0845 -0.00168514  2.03553  1.71724 -4.09116 0.00927024  -0.119219 0.00828401  -0.101362 -0.0238307  0.0100917  -0.00537152   0.0298568  -0.0107955 -0.00233743 -0.00651694   0.0107871 0.155604 -0.26606 -9.75596 25.2288
-2.96407 -2.67936 -9.95475   -0.156938   0.0819795 2.38126e-05  2.02423  1.71006 -4.09092 0.00928445  -0.119226 0.00830203 -0.101812 -0.034437 0.0144668  -0.00534937   0.0297799  -0.0107439 -0.00234347 -0.00651351   0.0107643 0.155612 -0.26606 -9.75588 25.2349
-3.03258 -2.67146 -9.95304  -0.159246  0.0815227 0.00172491 2.04244 1.68933 -4.0914 0.00929683  -0.119196 0.00831088 -0.0849473 -0.0251154   0.017885  -0.00522575   0.0297481  -0.0107576  -0.0023602 -0.00652036   0.0107513  0.155613 -0.266039   -9.7558 25.2378
-2.97917  -2.6686 -9.97868 -0.163067  0.079519 0.0028615  2.03849  1.67839 -4.09127 0.00930787  -0.119193 0.00831864 -0.0807563 -0.0306279  0.0152045  -0.00523911   0.0296823  -0.0107352 -0.00236743 -0.00651901   0.0107479  0.155622 -0.266034  -9.75578 25.2423
-3.08253 -2.65318 -9.93212  -0.164887  0.0795805 0.00318441  2.05909  1.66267 -4.09175 0.00933022  -0.119168 0.00832059  -0.067163 -0.0178473 0.00877027  -0.00510123   0.0296464  -0.0107743 -0.00237882 -0.00652599   0.0107599  0.155622 -0.266016   -9.7558 25.2441
-3.04481 -2.66238 -9.96321  -0.167665  0.0789434 0.00381495  2.06509  1.65388 -4.09191 0.00933685  -0.119157 0.00831614 -0.0623637  -0.014727 0.00634031  -0.00510119   0.0295978  -0.0107399 -0.00238557 -0.00652824   0.0107564  0.155625 -0.266008  -9.75577 25.2471
-3.15161 -2.64412 -9.96532  -0.167649   0.079361 0.00459121  2.08371   1.6283 -4.09236 0.00935702  -0.119125 0.00832618  -0.0410796 -0.00475257  0.00534462  -0.00495867   0.0295574  -0.0107431 -0.00240413 -0.00653484   0.0107557  0.155631 -0.265985  -9.75574 25.2479
-3.08388 -2.62601 -9.98958  -0.16867 0.0780818 0.0046642  2.07678  1.61331 -4.09211 0.00936919  -0.119124 0.00834035  -0.0336094  -0.0125513 7.93001e-05  -0.00498403   0.0294775  -0.0107209 -0.00241286 -0.00653211   0.0107595 0.155646 -0.26598 -9.75574 25.2496
-3.15673 -2.57785 -9.98669  -0.167858  0.0791884 0.00470078   2.1003  1.59408 -4.09267 0.00938568  -0.119093 0.00834521  -0.015983 0.00231681 -0.0036846  -0.00487615   0.0294132  -0.0107244  -0.0024271 -0.00654033   0.0107652 0.155646 -0.26596 -9.75574 25.2509
-3.10218  -2.5752 -9.98976  -0.167896  0.0781415 0.00547591  2.09061  1.58228 -4.09243 0.00939382  -0.119096 0.00836581   -0.0111071  -0.00659722 -0.000694227  -0.00488913   0.0293487  -0.0107192 -0.00243547 -0.00653725   0.0107469  0.155656 -0.265956  -9.75567 25.2522
-3.15258 -2.55259  -9.9656   -0.16607  0.0794668 0.00544346  2.11346  1.56298 -4.09303 0.00941548  -0.119078 0.00835762  0.00676111   0.0078976 -0.00494006  -0.00479589   0.0293078  -0.0107397 -0.00244954 -0.00654517   0.0107534  0.155657 -0.265936  -9.75566 25.2545
-3.11151 -2.55024 -9.96809  -0.164375  0.0795903 0.00474981  2.11378  1.54877 -4.09297 0.00942371  -0.119078 0.00835584  0.0157129 0.00598242 -0.0114029  -0.00479759   0.0292464  -0.0107341 -0.00245789 -0.00654493   0.0107608  0.155668 -0.265928  -9.75568 25.2563
-3.19301 -2.52617 -9.96384  -0.161887  0.0812137 0.00398984  2.13282  1.53408 -4.09347 0.00943697  -0.119051  0.0083585  0.0292949  0.0184232 -0.0168867  -0.00468194   0.0292047  -0.0107343 -0.00246818 -0.00655146   0.0107694  0.155668 -0.265913  -9.75569 25.2594
-3.12532 -2.52816 -9.98724 -0.160172 0.0821173 0.0043182  2.13189  1.53173 -4.09351 0.00944194  -0.119046 0.00836706  0.0288647  0.0184631 -0.0118169  -0.0047092  0.0291498 -0.0107028 -0.00247207 -0.00655186   0.0107447  0.155666 -0.265911   -9.7556 25.2614
-3.21825 -2.54218 -10.0002  -0.156878  0.0840156 0.00374414  2.14804  1.51462 -4.09391 0.00944604  -0.119015 0.00836564   0.043882  0.0283196 -0.0162058  -0.00458135   0.0291335  -0.0106877 -0.00248366 -0.00655745   0.0107501  0.155669 -0.265897  -9.75559 25.2652
-3.11379  -2.5212    -9.99  -0.153617  0.0842995 0.00368877  2.1372 1.50244 -4.0936 0.00945442  -0.119018    0.00839  0.0493831  0.0190452 -0.0141494  -0.00463778   0.0290525  -0.0106928 -0.00249181 -0.00655385    0.010734   0.15568 -0.265894  -9.75553 25.2685
-3.11606  -2.4912 -9.96781  -0.151303  0.0857849 0.00227426  2.14412  1.50263 -4.09374 0.00945714  -0.119014 0.00837976  0.0489054  0.0244891 -0.0227168  -0.00459586   0.0289952  -0.0106978 -0.00249114 -0.00655602   0.0107473  0.155678 -0.265892  -9.75558 25.2716
-3.10086 -2.47529 -9.93417  -0.148086  0.0863527 0.00217237  2.13751  1.49471 -4.09356 0.00945932  -0.119021 0.00839533  0.0520371  0.0187018 -0.0184634  -0.00458065   0.0289216  -0.0107177 -0.00249746 -0.00655413   0.0107249  0.155683 -0.265889  -9.75549 25.2749
-3.09189 -2.47703 -9.93359   -0.145769   0.0877504 0.000415576  2.14344  1.49603 -4.09368 0.00945696  -0.119016  0.0083856  0.0505723  0.0235361 -0.0279267  -0.00455011   0.0288919   -0.010701 -0.00249571 -0.00655589   0.0107407  0.155682 -0.265888  -9.75555 25.2781
-3.03079 -2.46735 -9.92581    -0.142745    0.0879608 -0.000498105  2.13311  1.49029 -4.09338 0.00946282  -0.119022 0.00840282  0.0511463  0.0145984 -0.0274923  -0.00457781   0.0288219  -0.0106981 -0.00249959 -0.00655244   0.0107276  0.155689 -0.265888   -9.7555 25.2812
-3.12987 -2.48486 -9.94716   -0.139695   0.0885451 -0.00196096  2.13445  1.48251 -4.09339 0.00946574   -0.11901   0.008401 0.0559304 0.0142145 -0.032174  -0.00444618   0.0288027  -0.0106687 -0.00250395 -0.00655275   0.0107326  0.155694 -0.265885  -9.75551 25.2847
-3.05739 -2.46494 -9.93146   -0.136166    0.089331 -0.00232584  2.13575  1.47708 -4.09351  0.0094724  -0.119008 0.00841046  0.0589362  0.0144815 -0.0259694  -0.00448298   0.0287305  -0.0106714 -0.00251005 -0.00655396   0.0107047 0.155692 -0.26588 -9.75541 25.2883
-3.06717 -2.46288 -9.91558   -0.133261   0.0897152 -0.00384874 2.13365 1.47375 -4.0934 0.00947359  -0.119009 0.00841002  0.0596281  0.0119235 -0.0316157  -0.0044341  0.0286946 -0.0106735 -0.00251132 -0.00655301   0.0107104  0.155696 -0.265879  -9.75543 25.2916
-3.04214 -2.45925 -9.93269   -0.129967   0.0898746 -0.00438104  2.12871  1.47161 -4.09333 0.00947827  -0.119012 0.00842286  0.0587584 0.00782435  -0.026839  -0.00442569   0.0286354  -0.0106463 -0.00251456 -0.00655187    0.010686  0.155696 -0.265878  -9.75534 25.295
-3.08852 -2.53229 -9.94116   -0.127381   0.0906605 -0.00645361  2.13306  1.47275 -4.09343 0.00946946  -0.119004 0.00841807  0.0569185  0.0114937 -0.0357961  -0.00434296   0.0286701  -0.0106195 -0.00251264  -0.0065532   0.0107004  0.155695 -0.265879  -9.75539 25.2984
-3.03353 -2.51444 -9.96209   -0.124805   0.0908797 -0.00655823  2.12739  1.47611 -4.09338 0.00947609  -0.119009 0.00843907   0.050881 0.00820304 -0.0262596  -0.00436083   0.0285978  -0.0105873 -0.00251386 -0.00655223    0.010663  0.15569 -0.26588 -9.75527 25.3009
-3.03086 -2.51481 -9.96374   -0.123811   0.0919382 -0.00810222  2.13117  1.49044 -4.09345 0.00946725  -0.119009   0.008431   0.038102  0.0138939 -0.0310074  -0.00432395   0.0285683  -0.0105639 -0.00250563  -0.0065538   0.0106639  0.155681 -0.265885  -9.75528 25.3031
-2.98179  -2.5039 -9.94711   -0.122058   0.0920531 -0.00731065   2.1241  1.49104 -4.09338 0.00946491  -0.119007 0.00845613  0.0340788 0.00859687 -0.0175532  -0.0043388  0.0285034 -0.0105627 -0.00250906 -0.00655259   0.0106163  0.155676 -0.265885  -9.75511 25.305
-3.01053 -2.48365 -9.93404   -0.121291   0.0930905 -0.00808239  2.12876  1.49988 -4.09348 0.00946048  -0.119002 0.00845177  0.0259274  0.0138035 -0.0198995  -0.00427574   0.0284579  -0.0105512 -0.00250468 -0.00655456    0.010612  0.155668 -0.265887   -9.7551 25.3065
 -2.9719  -2.4811 -9.92318   -0.120512   0.0927048 -0.00626234  2.11594  1.50231 -4.09329 0.00945496  -0.119012 0.00847616   0.0193235  0.00432415 -0.00396754  -0.00428755   0.0283955  -0.0105409 -0.00250714 -0.00655143   0.0105576 0.155664 -0.26589 -9.75492 25.3085
-2.99669  -2.5241 -9.92471   -0.120422   0.0936608 -0.00725091  2.12217  1.51117 -4.09339 0.00944779  -0.119006  0.0084749  0.0113816  0.0102299 -0.0120098  -0.00423237   0.0284024   -0.010519 -0.00250145 -0.00655352   0.0105685  0.155658 -0.265892  -9.75496 25.3099
-2.96589 -2.52869 -9.91204  -0.120736  0.0940966 -0.0051035   2.1185  1.51867 -4.09348 0.00945494  -0.119013 0.00849536 0.00204598 0.00878867 0.00397008  -0.00424051   0.0283475   -0.010507   -0.002502 -0.00655377   0.0105141  0.155647 -0.265893  -9.75478 25.3121
 -3.0145  -2.4884 -9.93011   -0.121717   0.0943747 -0.00504198  2.11469  1.52846 -4.09334  0.0094504  -0.119022 0.00848849  -0.0083168  0.00733996 0.000690387  -0.00416054   0.0282792  -0.0104716 -0.00249623 -0.00655258   0.0105121  0.155644 -0.265899  -9.75478 25.3131
-2.98685 -2.50819 -9.91766   -0.122101   0.0933575 -0.00343272  2.10082  1.52363 -4.09311 0.00945577  -0.119035 0.00850379 -0.00921512 -0.00460141  0.00771989  -0.00415729   0.0282376  -0.0104706 -0.00250067 -0.00654828   0.0104822  0.155648 -0.265899  -9.75467 25.3151
-2.99793 -2.55949 -9.93996   -0.123917   0.0931493 -0.00474028  2.09802  1.53642 -4.09291 0.00944141  -0.119039 0.00850311  -0.0220127  -0.0050471 -0.00622038  -0.00411242     0.02825  -0.0104296 -0.00249064 -0.00654673   0.0105077  0.155647 -0.265907  -9.75477 25.3173
-2.97825 -2.55203 -9.91815   -0.125545   0.0922125 -0.00254761  2.09043  1.53774 -4.09288 0.00944796  -0.119046 0.00852693 -0.0270957 -0.0108467 0.00781455  -0.00410877   0.0281867   -0.010432 -0.00249389 -0.00654531   0.0104587  0.155641 -0.265908  -9.75461 25.3202
-2.99634 -2.54364 -9.92023   -0.12844  0.0918465 -0.0034775  2.08819   1.5535 -4.09267 0.00943892  -0.119045 0.00851476  -0.0422063  -0.0103006 -0.00342742  -0.00405579   0.0281474  -0.0104081 -0.00248308  -0.0065443   0.0104769  0.155637 -0.265916  -9.75468 25.3233
-2.96205 -2.54069  -9.9261   -0.130763   0.0900247 -0.00232791  2.07577  1.54974 -4.09248 0.00944187  -0.119052  0.0085353 -0.0443246 -0.0210433 0.00200478  -0.00405788    0.028087  -0.0103897 -0.00248668 -0.00654046   0.0104507  0.155641 -0.265917  -9.75459 25.3264
-3.00638 -2.57544 -9.94648   -0.133939   0.0895041 -0.00367026  2.07812  1.56136 -4.09239 0.00943174  -0.119051 0.00852919 -0.0551852 -0.0178495 -0.0104694  -0.00398321    0.028087   -0.010351 -0.00247821 -0.00654089   0.0104729  0.155638 -0.265923  -9.75468 25.3299
-2.98261 -2.55458 -9.92976   -0.136927   0.0880733 -0.00217906  2.07386   1.5587 -4.09243 0.00943357  -0.119056 0.00854736  -0.0566865  -0.0218193 0.000496703  -0.00397821   0.0280166  -0.0103544 -0.00248302 -0.00654035   0.0104329 0.155634 -0.26592 -9.75454 25.3336
-3.00395 -2.59258 -9.91595   -0.139778   0.0875368 -0.00310883  2.07863   1.5615 -4.09245 0.00943022   -0.11905 0.00854042  -0.0604425  -0.0181728 -0.00909552  -0.00392136   0.0280206  -0.0103493 -0.00248033 -0.00654172   0.0104488  0.155633 -0.265921  -9.75459 25.3366
-2.96854 -2.57647 -9.92119    -0.14307   0.0859996 -0.00250762  2.07348  1.55895 -4.09242 0.00943211  -0.119051 0.00855458  -0.0624482  -0.0228983 -0.00488691  -0.00392548   0.0279535  -0.0103337 -0.00248343 -0.00654042   0.0104265 0.155633 -0.26592 -9.75452 25.3403
-3.04763 -2.63744 -9.92487   -0.145349   0.0860458 -0.00324438  2.08684  1.55528 -4.09267 0.00942796  -0.119035   0.008556 -0.0597177 -0.0137595 -0.0116198  -0.00381762   0.0279796  -0.0103146 -0.00248552 -0.00654495   0.0104359  0.155631 -0.265916  -9.75454 25.3427
-3.02796 -2.60555 -9.91953   -0.148591   0.0850056 -0.00289234   2.0842  1.55316 -4.09268 0.00942901  -0.119039 0.00856647  -0.0618833   -0.016182 -0.00828991  -0.00380861   0.0279024  -0.0103078 -0.00248835  -0.0065445   0.0104155   0.15563 -0.265914  -9.75447 25.3461
-3.09261 -2.54765  -9.9142   -0.150673   0.0853131 -0.00276287   2.0969  1.54806 -4.09296 0.00942967  -0.119033 0.00858122  -0.0578972 -0.00699474 -0.00773256  -0.00371477   0.0278266  -0.0103023 -0.00249298 -0.00654924   0.0104057  0.155625 -0.265908  -9.75443 25.3482
-3.03253 -2.51893 -9.92256  -0.153428  0.0842066 -0.0016254   2.0908  1.54126 -4.09296 0.00942633  -0.119029   0.008602    -0.056071   -0.0126092 -0.000217134  -0.00373857   0.0277501  -0.0102873 -0.00249895 -0.00654775   0.0103752  0.155626 -0.265906  -9.75433 25.3514
-3.08831 -2.51353  -9.9125    -0.15488   0.0848731 -0.00165967  2.10681  1.53286 -4.09332 0.00943167  -0.119014 0.00860255  -0.0483455 -0.00159841 -0.00378154  -0.00365283   0.0277216  -0.0102859 -0.00250462 -0.00655339   0.0103768  0.155623 -0.265898  -9.75432 25.353
-3.03801 -2.49352 -9.92729    -0.157122    0.0835669 -0.000611683  2.09565  1.52509 -4.09323 0.00943741  -0.119014 0.00862436 -0.0465901 -0.0115817  0.0014674  -0.00366704   0.0276499  -0.0102666 -0.00251032  -0.0065499   0.0103524  0.155627 -0.265897  -9.75424 25.3558
-3.09211 -2.45618  -9.8897    -0.157459    0.0841725 -0.000188443  2.11191  1.50995 -4.09365 0.00945265  -0.119006 0.00862969   -0.033023 -0.00199935 0.000436228  -0.00358376    0.027596  -0.0102919 -0.00252019 -0.00655564   0.0103487  0.155627 -0.265886  -9.75421 25.3566
-3.04704 -2.46111 -9.89444  -0.158286  0.0833199 0.00100613  2.10718  1.49781 -4.09373 0.00946177  -0.119002 0.00863829  -0.0259222 -0.00777529  0.00529021  -0.00359352    0.027549  -0.0102812 -0.00252849 -0.00655434   0.0103267  0.155631 -0.265881  -9.75413 25.3583
-3.11021 -2.47759 -9.89371   -0.15772  0.0839709 0.00121708  2.12214  1.48281 -4.09414 0.00946668  -0.118983 0.00863226 -0.0123787 0.00104479 0.00147594  -0.00350399   0.0275396  -0.0102741  -0.0025373 -0.00655947   0.0103304  0.155632 -0.265872  -9.75413 25.3592
-3.06561 -2.49392 -9.90745  -0.158551  0.0832143 0.00261766  2.11379  1.48134 -4.09408 0.00947822  -0.118986 0.00864739  -0.0147869 -0.00517623  0.00698747  -0.00351494   0.0275003  -0.0102514 -0.00254001 -0.00655709   0.0103048  0.155632 -0.265872  -9.75405 25.361
-3.12353 -2.48975 -9.90279  -0.157995  0.0833429 0.00240813  2.12079  1.47011 -4.09426 0.00948095  -0.118974  0.0086453 -0.00590656 -0.00160546   7.292e-05  -0.00342821   0.0274713  -0.0102478 -0.00254549 -0.00655919   0.0103161  0.155635 -0.265867  -9.75408 25.3616
-3.08039 -2.45332 -9.87541  -0.157099  0.0821857 0.00353177  2.11356  1.45517 -4.09426 0.00948382  -0.118979 0.00866591  0.00281959 -0.00980262  0.00449044  -0.0034386    0.02739 -0.0102676 -0.00255477 -0.00655683   0.0102952  0.155641 -0.265862  -9.75401 25.3634
-3.14442 -2.43803 -9.86194  -0.155632  0.0829768 0.00317364  2.12975  1.44464 -4.09463 0.00949193  -0.118965 0.00867307   0.0132072  0.00102656 -0.00279385  -0.00334672   0.0273548  -0.0102715 -0.00256051 -0.00656223    0.010307  0.155641 -0.265855  -9.75404 25.3651
 -3.0792 -2.41954 -9.90528  -0.153854  0.0816968 0.00316908  2.11944  1.43098 -4.09452 0.00950362  -0.118959 0.00869122   0.0209122 -0.00942728 -0.00521041  -0.00337276   0.0272847  -0.0102311 -0.00256752 -0.00655841    0.010304  0.155651 -0.265853  -9.75402 25.3673
-3.16026 -2.44385 -9.92874  -0.152052   0.082364 0.00208713 2.13327  1.4249 -4.0948 0.00949293  -0.118936 0.00869166  0.0273744 0.00028924 -0.0143013  -0.00326708   0.0272804  -0.0102003 -0.00257007 -0.00656296   0.0103199   0.15565 -0.265849  -9.75407 25.3695
-3.10151 -2.40475 -9.94352  -0.149759  0.0824044 0.00190146  2.13561  1.41664 -4.09493 0.00949468  -0.118927 0.00869686  0.0331695 0.00107502 -0.0133666  -0.00329116   0.0271992   -0.010181 -0.00257575 -0.00656403   0.0103074  0.155651 -0.265845  -9.75402 25.3718
-3.12976 -2.38961 -9.89472   -0.147379   0.0835943 0.000873003  2.14969  1.41036 -4.09527 0.00950833  -0.118924 0.00869231  0.0399755  0.0109109 -0.0195924  -0.0032333  0.0271646 -0.0102111 -0.00257942 -0.00656883   0.0103156   0.15565 -0.265839  -9.75404 25.3747
-3.10762 -2.39149 -9.89946  -0.145117  0.0838557 0.00175725   2.1465  1.40819 -4.09533 0.00951145   -0.11892 0.00870599   0.0402344  0.00842685 -0.00923001  -0.00322724   0.0271174  -0.0101954 -0.00258377 -0.00656857   0.0102776  0.155646 -0.265837  -9.75392 25.3771
-3.13529 -2.32491 -9.86938  -0.143155  0.0859197 0.00131902  2.16408  1.41083 -4.09569 0.00952141  -0.118909  0.0087034  0.0409393  0.0229396 -0.0118812  -0.00316849   0.0270409  -0.0102079 -0.00258389 -0.00657507    0.010276  0.155638 -0.265833  -9.75391 25.38
-3.08214 -2.35204 -9.90168  -0.140587   0.086811 0.00209745   2.1611  1.40637 -4.09576 0.00952779    -0.1189 0.00871071 0.0435448 0.0204207 -0.005275  -0.00318785   0.0270135  -0.0101691 -0.00258864 -0.00657464    0.010248  0.155638 -0.265831  -9.75381 25.3828
-3.11168 -2.36962 -9.90424   -0.139004   0.0884223 0.000888508 2.16745 1.41161 -4.0958 0.00951987  -0.118898 0.00870911  0.0401213   0.026314 -0.0146592  -0.00312763   0.0270036  -0.0101515 -0.00258488 -0.00657665   0.0102634  0.155635 -0.265832  -9.75387 25.3854
-3.06487 -2.37739 -9.89097   -0.13624  0.0889038 0.00135915  2.15924   1.4032 -4.09577  0.0095296  -0.118899 0.00872068   0.0442677   0.0186751 -0.00921428  -0.00314243   0.0269608  -0.0101555 -0.00259097 -0.00657415   0.0102388 0.155638 -0.26583 -9.75378 25.3882
-3.12699 -2.37263 -9.89393   -0.134089   0.0895764 0.000509396  2.15793  1.40112 -4.09571 0.00952939  -0.118895 0.00871823 0.0448805 0.0173679 -0.015188  -0.00305518   0.0269282  -0.0101428  -0.0025913 -0.00657349   0.0102461  0.15564 -0.26583 -9.75381 25.3906
-3.10044 -2.36776 -9.89085   -0.131858   0.0890539 0.000907509  2.14225   1.3995 -4.09544 0.00953272  -0.118908  0.0087303  0.0422714 0.00551916 -0.0102289  -0.00305362   0.0268735  -0.0101348 -0.00259325 -0.00656835   0.0102224  0.155643 -0.265832  -9.75373 25.393
 -3.1196 -2.42122 -9.91386    -0.129943    0.0897179 -0.000959313  2.14692  1.39973 -4.09548 0.00951963  -0.118899 0.00872079  0.0419391 0.00929094 -0.0229855  -0.00300188   0.0268917  -0.0101012 -0.00259092 -0.00656953   0.0102476  0.155645 -0.265833  -9.75381 25.3957
-3.06665 -2.43976 -9.92391    -0.128346    0.0891925 -0.000771333  2.13441  1.40362 -4.09529 0.00953116  -0.118904 0.00874574  0.0350281 0.00102503  -0.016382  -0.00302417   0.0268563   -0.010081 -0.00259092 -0.00656577   0.0102184  0.155644 -0.265835  -9.75372 25.3974
-3.11616 -2.43054 -9.88217   -0.127143   0.0902251 -0.00187252  2.14388  1.40953 -4.09541 0.00953572  -0.118895 0.00874564  0.0308104 0.00952399 -0.0214465  -0.00295069   0.0268265  -0.0101008 -0.00258826 -0.00656925   0.0102221  0.155638 -0.265835  -9.75374 25.3993
-3.06959 -2.40492 -9.87246   -0.125701   0.0897466 -0.00174938  2.13302  1.40917 -4.09522 0.00952712  -0.118898 0.00876192  0.0277622 0.00143488 -0.0157389  -0.00296604   0.0267576  -0.0100978 -0.00258989 -0.00656594   0.0101964  0.155639 -0.265836  -9.75365 25.4009
-3.11153 -2.39936 -9.87745    -0.12501   0.0900044 -0.00279143  2.13358  1.41505 -4.09515 0.00952533  -0.118898 0.00875773    0.02216 0.00310988 -0.0204898  -0.00289681   0.0267262  -0.0100796 -0.00258667 -0.00656619   0.0101997  0.155637 -0.265838  -9.75367 25.4021
-3.07138 -2.39128 -9.85899   -0.124142   0.0894867 -0.00180343  2.12557  1.41631 -4.09509 0.00952134  -0.118902 0.00877745   0.0185717 -0.00222075 -0.00895207  -0.00290747   0.0266736  -0.0100828 -0.00258905 -0.00656428   0.0101587  0.155633 -0.265837  -9.75354 25.4036
 -3.1146 -2.38885 -9.84992   -0.123604   0.0895543 -0.00215321  2.12654  1.41933 -4.09507 0.00952036  -0.118903 0.00877828    0.0152127 -0.000762603   -0.0111576  -0.00283676    0.026647  -0.0100771 -0.00258783 -0.00656475   0.0101556  0.155632 -0.265838  -9.75353 25.4042
-3.06647 -2.40923 -9.88367    -0.122958    0.0892832 -0.000735688  2.12376  1.41978 -4.09516 0.00952794    -0.1189 0.00879143    0.0132717  -0.00234483 -0.000393268  -0.0028551  0.0266155 -0.0100347 -0.00259099 -0.00656468   0.0101167  0.155627 -0.265837   -9.7534 25.4058
 -3.0637 -2.40929 -9.89325   -0.123875   0.0903518 -0.00212993  2.13205  1.43668 -4.09503 0.00951548  -0.118908 0.00878226 0.000211125  0.00758965  -0.0118767  -0.0028277  0.0265915 -0.0100087 -0.00258126  -0.0065675   0.0101367  0.155622 -0.265841  -9.75347 25.4078
-3.00773 -2.43924 -9.87517   -0.124637   0.0899105 -0.00154395  2.12197  1.44158 -4.09486 0.00951808  -0.118906 0.00880173 -0.00726167 0.000334213 -0.00678357  -0.00284957   0.0265698  -0.0100091 -0.00258036 -0.00656453   0.0101125   0.15562 -0.265843   -9.7534 25.4088
-3.04571 -2.50826  -9.9184    -0.12613   0.0900979 -0.00350635  2.12143  1.45239 -4.09464 0.00950092  -0.118908 0.00880524 -0.0176152 0.00131439  -0.020494  -0.00278679    0.026596 -0.00995612 -0.00257255  -0.0065639   0.0101385  0.155621 -0.265848  -9.75349 25.4113
-2.98663 -2.48171 -9.92592    -0.12766   0.0894726 -0.00259396  2.11323  1.45521 -4.09459 0.00950628  -0.118912 0.00882313   -0.023715 -0.00443067 -0.00990628   -0.0028113   0.0265271 -0.00993711  -0.0025741 -0.00656188      0.0101  0.155617 -0.265848  -9.75337 25.4132
-3.02874 -2.46235 -9.91487   -0.129949   0.0896417 -0.00397413 2.11443 1.46715 -4.0944 0.00950544  -0.118906 0.00881085   -0.03479 -0.0015171 -0.0186065  -0.00274387   0.0264859 -0.00993121 -0.00256721 -0.00656231   0.0101129  0.155614 -0.265852  -9.75341 25.4159
-3.00493  -2.4487 -9.91924   -0.132002   0.0889828 -0.00292124  2.10835  1.46642 -4.09441 0.00949707  -0.118913 0.00882237  -0.0371438 -0.00639667 -0.00763529  -0.00274144   0.0264281 -0.00991711 -0.00257046 -0.00656098   0.0100735  0.155611 -0.265851  -9.75329 25.4183
-3.07107 -2.48302 -9.92105   -0.133435   0.0891307 -0.00384817  2.11387  1.46435 -4.09449 0.00949659  -0.118905 0.00882389 -0.0360738 -0.0025205 -0.0144815  -0.00265357   0.0264322 -0.00990433 -0.00257093 -0.00656272   0.0100834 0.155611 -0.26585 -9.75332 25.42
-3.01688 -2.44808  -9.9177   -0.134947   0.0878662 -0.00322468  2.10411  1.45642 -4.09451 0.00949412  -0.118908 0.00884349   -0.033477  -0.0118482 -0.00797379  -0.00267465   0.0263567 -0.00990131  -0.0025765 -0.00655967   0.0100563  0.155613 -0.265848  -9.75323 25.422
-3.05704 -2.40518 -9.87758  -0.135996  0.0882609 -0.0036593  2.11497  1.45358 -4.09468  0.0095038  -0.118905 0.00884772 -0.0305324 -0.0039472 -0.0112826  -0.00260974   0.0262983 -0.00992479 -0.00257858 -0.00656353   0.0100567  0.155611 -0.265845  -9.75323 25.4232
-3.04174 -2.40819  -9.8525   -0.137388   0.0867463 -0.00319486  2.10281  1.44737 -4.09462 0.00949781  -0.118913  0.0088593  -0.0292252  -0.0146301 -0.00714071  -0.00259966   0.0262549 -0.00993783 -0.00258251 -0.00655948   0.0100362  0.155613 -0.265845  -9.75316 25.4254
-3.11774 -2.41257  -9.8695   -0.137906   0.0871844 -0.00331173  2.1163 1.44189 -4.0949 0.00949549  -0.118905 0.00886995  -0.0234266 -0.00499094 -0.00859561  -0.00250393   0.0262341 -0.00991346 -0.00258626 -0.00656432   0.0100318   0.15561 -0.265841  -9.75314 25.426
-3.07285 -2.39009  -9.8359  -0.138292  0.0856359 -0.0026066  2.10586  1.42948 -4.09497 0.00949961  -0.118909 0.00888512   -0.016888  -0.0149946 -0.00375827  -0.00251888   0.0261717 -0.00993629 -0.00259355 -0.00656082   0.0100096  0.155614 -0.265838  -9.75307 25.4278
-3.09929 -2.38406 -9.84332   -0.139503    0.085613 -0.00285953  2.11154  1.43529 -4.09496 0.00949601   -0.11891 0.00888408  -0.0214162 -0.00935398 -0.00670315  -0.00246413   0.0261409 -0.00991801 -0.00259116   -0.006563   0.0100083   0.15561 -0.265838  -9.75307 25.429
-3.07832 -2.37514 -9.84627   -0.140439   0.0852134 -0.00231522  2.11323  1.43291 -4.09507 0.00949845  -0.118906 0.00888856  -0.0198022 -0.00819553 -0.00351765  -0.00245965   0.0260914 -0.00990719 -0.00259417 -0.00656404  0.00998927  0.155608 -0.265836  -9.75301 25.4302
-3.11276 -2.32601 -9.84077  -0.140446  0.0863204 -0.0024193  2.13086  1.42741 -4.09537 0.00949854  -0.118896 0.00889466  -0.0128883  0.00455507 -0.00600834   -0.0023966   0.0260307 -0.00990445 -0.00259792 -0.00657034  0.00998765  0.155605 -0.265831    -9.753 25.4313
-3.08336 -2.33791 -9.84756  -0.140254  0.0863592 -0.0011983  2.13116  1.41735 -4.09563 0.00950662  -0.118887 0.00889993 -0.00547355  0.00324237    0.001806  -0.00239759   0.0259958 -0.00989126  -0.0026054 -0.00657097  0.00995746  0.155604 -0.265827   -9.7529 25.4325
-3.10686 -2.33201 -9.84414   -0.140634   0.0871016 -0.00124509  2.13698  1.41994 -4.09566 0.00950552  -0.118885 0.00889962 -0.00713378  0.00843801 -0.00162317   -0.0023466   0.0259674 -0.00988256 -0.00260446 -0.00657312  0.00995777  0.155601 -0.265827   -9.7529 25.4334
-3.05654 -2.34122 -9.84561    -0.140773    0.0870037 -0.000424129  2.13206  1.41564 -4.09571 0.00951209  -0.118882 0.00890934 -0.00536882  0.00391361  0.00138434  -0.00236094   0.0259322 -0.00987395 -0.00260786 -0.00657168  0.00993951  0.155601 -0.265826  -9.75284 25.4342
-3.09572 -2.32948 -9.85642    -0.140783    0.0879651 -0.000678394  2.14081  1.41516 -4.09582 0.00951018  -0.118875 0.00891039 -0.00384741     0.01063 -0.00333997  -0.0022991  0.0259009 -0.0098551 -0.00260818 -0.00657474  0.00994393    0.1556 -0.265824  -9.75285 25.4352
-3.01825 -2.31549 -9.89807    -0.139903    0.0869906 -0.000288279   2.1284  1.40055 -4.09588 0.00952489  -0.118864 0.00893228  0.00500449  -0.0021254 -0.00264209  -0.00233928   0.0258411 -0.00981801 -0.00261558 -0.00657029  0.00993308  0.155606 -0.265823  -9.75282 25.4366
  -3.095 -2.34729 -9.89471    -0.139138    0.0877587 -0.000723151  2.13884  1.39719 -4.09606 0.00952272  -0.118853 0.00893929  0.00927607  0.00532959 -0.00751474  -0.00224647   0.0258447  -0.0098095 -0.00261724 -0.00657387  0.00993811 0.155605 -0.26582 -9.75283 25.4377
 -3.0689  -2.3739 -9.87852   -0.138362   0.0866968 0.000170379  2.12595  1.39099 -4.09604 0.00952693  -0.118864 0.00894456   0.0109452 -0.00581055 -0.00191866  -0.00224655   0.0258212 -0.00981336 -0.00262155 -0.00656961  0.00991362 0.155607 -0.26582 -9.75276 25.4393
-3.09135 -2.38284 -9.88783    -0.13752   0.0867801 -0.00067268 2.13065 1.38804 -4.0961 0.00952548  -0.118858 0.00894135   0.0135225 -0.00250349  -0.0101156  -0.00219686   0.0258056 -0.00979645 -0.00262204 -0.00657098  0.00992705  0.155608 -0.265819   -9.7528 25.4405
-3.03634 -2.36932 -9.88386   -0.136428   0.0860425 6.87264e-05  2.12573  1.38272 -4.09616 0.00952611  -0.118856 0.00895566   0.0158892 -0.00720089 -0.00442862  -0.00222013   0.0257521 -0.00979111 -0.00262638 -0.00656964  0.00990217  0.155608 -0.265817  -9.75272 25.442
-3.09042 -2.35459  -9.9009    -0.136204    0.0865182 -0.000659151  2.13267  1.38917 -4.09615 0.00952333  -0.118854 0.00895423    0.0113087 -0.000577184   -0.0105287  -0.00215001   0.0257166 -0.00976684 -0.00262318 -0.00657215  0.00990873  0.155605 -0.265818  -9.75274 25.4429
 -3.1004 -2.35498 -9.85929    -0.135399    0.0860104 -9.20151e-05  2.12839  1.38584 -4.09617 0.00952138  -0.118864  0.0089596   0.0124597 -0.00429259 -0.00588916   -0.0021234   0.0256763 -0.00979136 -0.00262626 -0.00657096  0.00988676  0.155604 -0.265816  -9.75267 25.444
-3.12272 -2.30891 -9.84106   -0.135033   0.0869617 -0.00100626  2.13957  1.39017 -4.09624  0.0095288  -0.118856 0.00895611  0.0108497 0.00559528 -0.0128317   -0.0020812   0.0256174 -0.00979416 -0.00262417 -0.00657495  0.00989612  0.155601 -0.265816   -9.7527 25.4454
 -3.0863 -2.32482 -9.87028     -0.13414    0.0874953 -0.000450877 2.14257 1.38707 -4.0964 0.0095285 -0.118847 0.0089574   0.0134553  0.00766087 -0.00715764  -0.00208969   0.0255882 -0.00975762 -0.00262775 -0.00657656  0.00987108  0.155599 -0.265814  -9.75262 25.4466
-3.09797 -2.37209 -9.89012    -0.13403   0.0883148 -0.00192907  2.14639   1.3927 -4.09631 0.00951741  -0.118851 0.00895528  0.0091821  0.0115536 -0.0174585  -0.00204897   0.0256017 -0.00972711 -0.00262365 -0.00657763  0.00988989  0.155599 -0.265815  -9.75268 25.4483
-3.05505 -2.35325 -9.88946   -0.133034   0.0882782 -0.00104942  2.14117  1.38569 -4.09644 0.00952469  -0.118842 0.00897377   0.0131731  0.00638613 -0.00791134  -0.00206159   0.0255449 -0.00971943 -0.00262965 -0.00657637  0.00985486  0.155598 -0.265813  -9.75257 25.4496
-3.08508 -2.34278 -9.87119   -0.132332   0.0890843 -0.00154245   2.1467  1.38579 -4.09652  0.0095266   -0.11884 0.00897442  0.0135868  0.0108211 -0.0114108  -0.00200518   0.0255144 -0.00972345 -0.00262981 -0.00657835  0.00985581  0.155596 -0.265812  -9.75257 25.4508
-3.06627 -2.35633  -9.8704    -0.131361    0.0894123 -0.000861804   2.1447  1.38245 -4.09661 0.00952983   -0.11884 0.00898178   0.0153397  0.00882399 -0.00545304  -0.00199906   0.0254848 -0.00971355 -0.00263343 -0.00657809  0.00983007 0.155595 -0.26581 -9.75249 25.452
-3.06743  -2.3508 -9.87578    -0.130557    0.0901517 -0.000947794  2.14834  1.38221 -4.09668 0.00953002  -0.118839 0.00898242   0.0154947   0.0116193 -0.00685448  -0.00196601   0.0254564 -0.00969831 -0.00263411 -0.00657949  0.00982565  0.155593 -0.265809  -9.75248 25.4531
-3.01834 -2.36838 -9.87882    -0.129398    0.0893356 -5.17333e-05   2.1348   1.3753 -4.09666 0.00953645  -0.118837 0.00900031    0.0174819 -0.000152496  -0.00139511  -0.00198396   0.0254278 -0.00968771 -0.00263868 -0.00657497  0.00980161  0.155595 -0.265809  -9.75241 25.4548
-3.08445 -2.32647 -9.86403    -0.128432    0.0892904 -0.000358803  2.13502  1.37328 -4.09665 0.00953827  -0.118835 0.00900171    0.0182603 -0.000546289  -0.00573757   -0.0018987   0.0253717 -0.00969146  -0.0026393 -0.00657495  0.00980528  0.155596 -0.265809  -9.75242 25.4558
 -3.0093  -2.3405 -9.85954  -0.127178  0.0890963 0.00025513  2.13414  1.37001 -4.09674 0.00953975  -0.118831  0.0090048   0.0201523 -0.00187442 -0.00242662  -0.00193813   0.0253427 -0.00968535 -0.00264237 -0.00657498  0.00978622  0.155595 -0.265807  -9.75236 25.4572
-3.04365 -2.29233 -9.87656    -0.127195    0.0903481 -0.000398886   2.1456  1.38245 -4.09667  0.0095322  -0.118833 0.00899857   0.0121337  0.00912874 -0.00824395  -0.00188087   0.0252832 -0.00965997 -0.00263676 -0.00657926  0.00979214   0.15559 -0.265808  -9.75238 25.4586
-2.99854 -2.33179  -9.8866   -0.126897   0.0905791 0.000580138  2.14175  1.38522 -4.09667 0.00953748  -0.118835 0.00900709  0.00895201  0.00659494 -0.00134401  -0.00189544   0.0252731 -0.00964071 -0.00263778 -0.00657852  0.00976324  0.155587 -0.265808  -9.75229 25.4597
-3.02003 -2.35045 -9.87551    -0.127187    0.0915542 -0.000234535  2.14735  1.39351 -4.09658 0.00953199  -0.118831 0.00901151  0.00286007   0.0122172 -0.00882421  -0.00185119   0.0252682 -0.00963685 -0.00263338 -0.00658049  0.00977406  0.155585 -0.265809  -9.75233 25.461
-2.99782 -2.37313 -9.87119   -0.127113   0.0915375 0.000435578  2.14054  1.39219 -4.09658 0.00953874  -0.118834 0.00901958  0.00179005  0.00623154 -0.00403008  -0.00185027   0.0252454 -0.00963035 -0.00263558 -0.00657847  0.00975137  0.155584 -0.265809  -9.75226 25.4617
-3.04218 -2.40868  -9.8963   -0.128354   0.0913959 -0.00119231  2.13344  1.40366 -4.09623 0.00953034  -0.118833 0.00901653 -0.00972751  0.00224894  -0.0163203  -0.00178579   0.0252497 -0.00959812 -0.00262806  -0.0065757  0.00977488  0.155586 -0.265813  -9.75233 25.4637
-3.01133 -2.41236 -9.90458    -0.129181    0.0907293 -0.000525776  2.12485  1.40407 -4.09622 0.00953869  -0.118839 0.00902906  -0.0129437 -0.00445656  -0.0085348  -0.00179277   0.0252113 -0.00958206 -0.00263007 -0.00657321  0.00974453  0.155584 -0.265813  -9.75224 25.465
-3.05861 -2.39054 -9.89756   -0.130441   0.0911113 -0.00196986   2.1296  1.41155 -4.09609 0.00954021  -0.118831 0.00902323   -0.018944 0.000354961  -0.0183534  -0.00172867   0.0251718 -0.00957687 -0.00262559  -0.0065748  0.00976138  0.155583 -0.265815   -9.7523 25.4669
-3.00707   -2.395 -9.88489  -0.131987  0.0895577 -0.0012172  2.11251  1.41251 -4.09593  0.0095297  -0.118832 0.00904581 -0.0241764 -0.0127388 -0.0093719  -0.00175097    0.025133 -0.00957888 -0.00262694 -0.00656932  0.00972792  0.155582 -0.265816   -9.7522 25.4692
-3.05881  -2.4211 -9.88604    -0.13279   0.0892562 -0.00223253  2.11651  1.40977 -4.09599 0.00952941  -0.118827 0.00904435 -0.0224467  -0.010546 -0.0162138  -0.00168045   0.0251314  -0.0095689  -0.0026275 -0.00657052  0.00973824  0.155583 -0.265815  -9.75223 25.4706
-3.03444 -2.40728 -9.88588   -0.134046   0.0881407 -0.00191637  2.11116  1.40824 -4.09602 0.00952849  -0.118828 0.00905459 -0.0235474 -0.0150717 -0.0109675  -0.00168145   0.0250818 -0.00956168 -0.00262985 -0.00656903  0.00971459  0.155582 -0.265815  -9.75216 25.4723
-3.05913 -2.37112 -9.89577   -0.135333   0.0882003 -0.00278014 2.11832  1.4118  -4.096 0.00952724  -0.118826 0.00905138 -0.0259179 -0.0087471 -0.0160341  -0.00163375   0.0250326 -0.00954446 -0.00262826 -0.00657161  0.00971901   0.15558 -0.265815  -9.75217 25.4738
-3.01687 -2.38521 -9.90184  -0.136665  0.0867511 -0.0023716  2.10923  1.40822 -4.09604 0.00952936  -0.118823 0.00906527 -0.0257622  -0.016663 -0.0103566  -0.00164506   0.0250041 -0.00953075 -0.00263144 -0.00656874  0.00969462   0.15558 -0.265814   -9.7521 25.4758
-3.07998 -2.36614 -9.87312   -0.137068   0.0875288 -0.00242025  2.12659  1.40426 -4.09634 0.00954025  -0.118821 0.00908053  -0.0201138 -0.00367434 -0.00994496   -0.0015676   0.0249721 -0.00954345 -0.00263484 -0.00657507  0.00968548 0.155576 -0.26581 -9.75207 25.4767
-3.03682 -2.39539 -9.87367   -0.138156   0.0864834 -0.00132072 2.11849 1.40164 -4.0964 0.00954525  -0.118818 0.00908952  -0.0205797  -0.0105276 -0.00172984  -0.00158198   0.0249553 -0.00953299 -0.00263819  -0.0065727  0.00965466 0.155574 -0.26581 -9.75198 25.4786
 -3.0768 -2.39153 -9.87796    -0.13869   0.0869858 -0.00179371  2.12966  1.39964 -4.09652 0.00954407  -0.118812 0.00909204 -0.0178004 -0.0020491 -0.0070104  -0.00152202   0.0249321 -0.00951985 -0.00263908 -0.00657657  0.00966082  0.155573 -0.265808  -9.75199 25.4794
-3.03767 -2.38192 -9.88496   -0.139422   0.0856021 -0.00138841   2.1179  1.39398 -4.09654 0.00954867  -0.118811 0.00910489  -0.0166676  -0.0125061 -0.00471013  -0.00153179    0.024885 -0.00950664 -0.00264231 -0.00657252  0.00964595  0.155575 -0.265808  -9.75195 25.4811
-3.06518   -2.403 -9.86835   -0.139441   0.0859497 -0.00233052  2.12947  1.38832 -4.09671 0.00954803  -0.118806 0.00910042  -0.0108957 -0.00467381  -0.0126218  -0.00147905   0.0248825 -0.00950975 -0.00264421 -0.00657632  0.00965936  0.155575 -0.265806  -9.75199 25.4821
-3.03737 -2.36108 -9.86479   -0.140274   0.0856046 -0.00144802  2.12804  1.38988 -4.09673 0.00954352  -0.118803 0.00911096  -0.0134676 -0.00530457 -0.00468351  -0.00148243   0.0248133 -0.00950475 -0.00264594 -0.00657644  0.00962816  0.155571 -0.265805   -9.7519 25.4833
-3.10417 -2.32278 -9.86168   -0.140114   0.0862059 -0.00100909  2.13842  1.38444 -4.09695 0.00954055  -0.118804 0.00913149 -0.00785005  0.00195677 -0.00261754  -0.00140098   0.0247625 -0.00949941 -0.00264977 -0.00658025  0.00961498  0.155569 -0.265802  -9.75186 25.4841
-3.07059 -2.33361 -9.85342    -0.140121    0.0854447 -0.000730324 2.13081 1.37809  -4.097 0.00954169  -0.118806 0.00913636 -0.00475183 -0.00493564 -0.00272914  -0.00140818   0.0247338 -0.00949896  -0.0026529 -0.00657754  0.00960645   0.15557 -0.265802  -9.75183 25.4849
-3.12507 -2.30643 -9.85329    -0.139617    0.0865852 -0.000655913  2.14655  1.37422 -4.09724 0.00954245  -0.118801 0.00914836 0.000906311  0.00698324  -0.0040515  -0.00133519    0.024694 -0.00949006 -0.0026557 -0.0065832  0.0096013  0.155567 -0.265799  -9.75181 25.4862
-3.10289 -2.30563 -9.87089   -0.138735    0.087178 0.000361229  2.15072  1.36601 -4.09752 0.00954726  -0.118792 0.00915072 0.00801079 0.00924643 0.00185501  -0.00133255   0.0246558 -0.00946997 -0.00266152 -0.00658502  0.00957617  0.155565 -0.265796  -9.75174 25.4876
-3.11938 -2.28581 -9.86233   -0.137838   0.0880657 0.000552307  2.15693   1.3618 -4.09765 0.00954906  -0.118789  0.0091505   0.0123756   0.0136426 6.40849e-05  -0.00129158   0.0246215 -0.00946841 -0.00266385 -0.00658723  0.00957345  0.155565 -0.265794  -9.75173 25.4889
 -3.0798 -2.27947 -9.85687   -0.136175   0.0882583 0.000694376  2.15399  1.35072 -4.09781 0.00955136  -0.118789 0.00915383    0.020803  0.00934871 -0.00187214  -0.00130444   0.0245787 -0.00946626 -0.00266884   -0.006586  0.00957001  0.155567 -0.265793  -9.75172 25.4906
-3.11089 -2.26766 -9.85312   -0.135126   0.0888829 0.000556186  2.15619  1.35027 -4.09784 0.00955175  -0.118788 0.00915409  0.0216801  0.0112575 -0.0045735  -0.00125059   0.0245486 -0.00945906 -0.00266915 -0.00658679  0.00956978  0.155567 -0.265792  -9.75172 25.4918
-3.08535 -2.25571 -9.83779  -0.133305  0.0892072 0.00097081  2.15493  1.34316 -4.09797 0.00955372  -0.118788 0.00915825   0.0271105  0.00914439 -0.00273725  -0.00125335   0.0245024 -0.00946279 -0.00267328 -0.00658643  0.00955611 0.155567 -0.26579 -9.75167 25.4937
-3.10033 -2.20002 -9.84248   -0.132906   0.0900977 0.000917525  2.15739  1.35291 -4.09782 0.00954917  -0.118791 0.00915007   0.0202191   0.0131829 -0.00411583  -0.00121299   0.0244389 -0.00944965 -0.00266953 -0.00658765  0.00955147  0.155564 -0.265791  -9.75166 25.4947
-3.09968 -2.22393  -9.8315   -0.130991   0.0896181 0.000652146  2.14737   1.3423 -4.09787  0.0095512  -0.118793 0.00914672   0.0274155  0.00335699 -0.00753442  -0.00119493   0.0244195 -0.00945168 -0.00267361 -0.00658381  0.00955225  0.155568 -0.265791  -9.75166 25.4967
-3.12032 -2.22444 -9.82996    -0.129605    0.0901507 -6.24316e-05 2.15163 1.34188 -4.0979 0.00954983   -0.11879 0.00914644  0.0289013 0.00687476 -0.0127151   -0.0011505   0.0243999 -0.00944377  -0.0026735 -0.00658524   0.0095579  0.155568 -0.265791  -9.75168 25.4983
-3.04575 -2.25277 -9.83716   -0.127409   0.0898782 5.92744e-06  2.14675  1.33412 -4.09804  0.0095598  -0.118782 0.00915084  0.0344507 0.00175936 -0.0102918  -0.00118956   0.0243844 -0.00943049 -0.00267798 -0.00658363   0.0095426  0.155569 -0.265789  -9.75163 25.5005
-3.04885 -2.29008 -9.84575   -0.126241   0.0898448 -0.00193887  2.14507   1.3374 -4.09787 0.00954567  -0.118788  0.0091486  0.0315329 0.00063834 -0.0230098  -0.00115863   0.0243923 -0.00941376 -0.00267429 -0.00658261  0.00956866  0.155571 -0.265791  -9.75171 25.5028
-3.04342 -2.30874 -9.85753   -0.124807   0.0897486 -0.00175019  2.14299  1.33945 -4.09791 0.00955669   -0.11879 0.00915976    0.0292743 -0.000567473    -0.015826  -0.00114543   0.0243691 -0.00939523 -0.00267574 -0.00658241  0.00953983 0.155568 -0.26579 -9.75163 25.5043
-3.03972 -2.24543 -9.85195   -0.124066   0.0905153 -0.00245745  2.14936  1.34734 -4.09783 0.00955239  -0.118788  0.0091499  0.0241065 0.00613186 -0.0178089  -0.00112199   0.0243019 -0.00939082 -0.00267289 -0.00658498  0.00953656  0.155566 -0.265791  -9.75162 25.5055
-3.00335 -2.26419 -9.82732   -0.122735   0.0907504 -0.00194782  2.14853  1.34669 -4.09789 0.00955002  -0.118786  0.0091549  0.0245951 0.00513301 -0.0104406  -0.00113321   0.0242817 -0.00939976 -0.00267536 -0.00658519  0.00950762  0.155563 -0.265789  -9.75154 25.507
-3.01461  -2.2614 -9.86002   -0.122554   0.0916118 -0.00302669  2.15256  1.35719 -4.09772 0.00954477  -0.118789  0.0091519  0.0168548 0.00997488 -0.0165001  -0.00109743   0.0242582  -0.0093642 -0.00267046 -0.00658674  0.00951518  0.155562 -0.265791  -9.75156 25.5084
  -2.993 -2.30541 -9.86543   -0.121663   0.0917119 -0.00230438  2.14824  1.35596 -4.09782 0.00955581  -0.118794 0.00915756   0.0168746  0.00607528 -0.00831591  -0.00109657   0.0242545 -0.00934966 -0.00267336 -0.00658569  0.00948419  0.155559 -0.265789  -9.75147 25.5095
-3.02354 -2.33779 -9.88178   -0.121707   0.0921998 -0.00412068 2.14893 1.36394 -4.0976 0.00954498  -0.118788 0.00916008   0.010244 0.00754881 -0.0203625  -0.00104576    0.024258 -0.00932596 -0.00266805 -0.00658571  0.00950787  0.155561 -0.265792  -9.75154 25.5114
-2.99981 -2.36169 -9.85202    -0.12156   0.0926663 -0.00343524  2.14848  1.36734 -4.09766 0.00955588  -0.118792 0.00917009 0.00664966 0.00780698 -0.0108459  -0.00104769   0.0242404 -0.00933737 -0.00266945 -0.00658623   0.0094726  0.155556 -0.265791  -9.75144 25.5122
-3.03155 -2.33766 -9.87565   -0.122403   0.0933254 -0.00460079  2.14884  1.37899 -4.09741 0.00955273  -0.118792 0.00916089 -0.00320957   0.0101569  -0.0174412  -0.000995572    0.0242015  -0.00930963 -0.00266383  -0.0065865  0.00948161  0.155555 -0.265792  -9.75147 25.5138
-2.99866 -2.35589 -9.87918   -0.123061   0.0925748 -0.00314575  2.13474  1.38005 -4.09739 0.00955271  -0.118797 0.00917445   -0.0075788 -0.000579689  -0.00410862  -0.00100457    0.024178 -0.00929835 -0.00266629 -0.00658222  0.00943667  0.155552 -0.265792  -9.75134 25.5156
-3.03243 -2.31262 -9.88373   -0.124351   0.0929326 -0.00354541 2.13631  1.3902 -4.0972 0.00954911  -0.118799 0.00916323  -0.0159148  0.00238269 -0.00751076  -0.00095144   0.0241242 -0.00928551   -0.002662 -0.00658303  0.00943741  0.155551 -0.265793  -9.75134 25.517
-3.00956 -2.33733 -9.85489   -0.125678   0.0916888 -0.00200744  2.12151  1.39083 -4.09714 0.00953796  -0.118805 0.00917679  -0.0198629 -0.00893492  0.00268219  -0.000952475    0.0241066  -0.00929747 -0.00266383 -0.00657835  0.00940055  0.155549 -0.265793  -9.75124 25.5194
-3.06332 -2.39454 -9.87219  -0.127097  0.0912371 -0.0030006  2.11989  1.39563 -4.09698  0.0095278  -0.118797 0.00917624  -0.0247434 -0.00954545 -0.00742816  -0.000885424    0.0241294  -0.00927248 -0.00266018 -0.00657756  0.00941951   0.15555 -0.265795   -9.7513 25.5212
-3.01911 -2.39877 -9.89141  -0.128793  0.0897412 -0.0012601  2.10959  1.39583 -4.09706 0.00954303  -0.118797 0.00919666 -0.0281448 -0.0169922 0.00441876  -0.000901902    0.0240948  -0.00924983 -0.00266303 -0.00657458  0.00937877  0.155547 -0.265794  -9.75118 25.524
-3.05283 -2.36515 -9.89104   -0.131083   0.0897986 -0.00135619  2.11541  1.40756 -4.09686 0.00954082    -0.1188 0.00918837  -0.0372816 -0.00996066 0.000585022  -0.000849217    0.0240501  -0.00924004  -0.0026582 -0.00657692  0.00938056  0.155545 -0.265795  -9.75119 25.5263
-3.02018 -2.35482 -9.90954   -0.132962   0.0893149 5.71412e-05  2.11651  1.40553 -4.09697 0.00953443  -0.118793 0.00919415  -0.0362693 -0.00903338  0.00751982  -0.000857718     0.024006  -0.00921831 -0.00266119 -0.00657777   0.0093529  0.155542 -0.265794  -9.75111 25.5287
-3.05563 -2.35833  -9.9063    -0.135103    0.0896666 -0.000502637  2.12341  1.41182 -4.09684  0.0095363   -0.11879 0.00919258   -0.0404597  -0.00255262 -0.000874556  -0.000804461    0.0239889  -0.00921098 -0.00265776 -0.00658016  0.00936729  0.155542 -0.265794  -9.75115 25.5309
-2.99684  -2.3718 -9.88518   -0.136887   0.0883372 0.000797716  2.11274  1.40421 -4.09699 0.00953344  -0.118787 0.00920914 -0.0375203  -0.012244 0.00560917  -0.000833285    0.0239637  -0.00921986 -0.00266244 -0.00657662  0.00934158  0.155541 -0.265793  -9.75108 25.5335
-3.06273 -2.37816 -9.88509   -0.139087   0.0885089 0.000436595   2.1193  1.41058 -4.09688  0.0095333  -0.118782 0.00921714   -0.0420094  -0.00617215 -0.000761484  -0.000757132    0.0239496  -0.00920948 -0.00265938 -0.00657896  0.00935027  0.155541 -0.265794  -9.75111 25.5358
-3.03608 -2.38267 -9.87654  -0.141256  0.0873885 0.00140302   2.1117  1.40689 -4.09696 0.00953481  -0.118785 0.00922248 -0.0416484 -0.0123866 0.00325898  -0.000762604    0.0239178  -0.00920835 -0.00266216 -0.00657649   0.0093304   0.15554 -0.265793  -9.75105 25.5384
-3.06415 -2.40609 -9.87123  -0.142625  0.0877292 0.00131163   2.1226  1.40335 -4.09708 0.00953488  -0.118781 0.00922391   -0.0379263  -0.00437143 -0.000982143  -0.000714018    0.0239169  -0.00920224 -0.00266376 -0.00658026  0.00933406  0.155539 -0.265792  -9.75106 25.5398
-3.04071 -2.38002  -9.8398  -0.143893  0.0860761 0.00207312   2.1105  1.39164 -4.09728 0.00952928   -0.11879 0.00924071 -0.0322303 -0.0159009 0.00179789  -0.00071549    0.023864 -0.00922137 -0.00266922 -0.00657589  0.00931868  0.155541 -0.265791  -9.75102 25.542
-3.09668 -2.33671 -9.83321  -0.145375  0.0862314 0.00192673  2.11969   1.3936 -4.09725 0.00953121  -0.118786   0.009248  -0.0328121 -0.00807317 -0.00195164  -0.000647986    0.0238137  -0.00921772 -0.00266862  -0.0065792   0.0093208 0.155539 -0.26579 -9.75102 25.5435
-3.05239 -2.32221 -9.86218  -0.146948  0.0855201 0.00272779  2.11753   1.3904 -4.09735 0.00952907   -0.11878 0.00925531  -0.0311582 -0.00982697  0.00170822  -0.000663226    0.0237677  -0.00918998 -0.00267131 -0.00657869  0.00930218  0.155538 -0.265789  -9.75097 25.5454
-3.10333 -2.24812  -9.8294  -0.147296  0.0866514 0.00308847  2.13623  1.38361 -4.09757 0.00953538  -0.118774 0.00927906 -0.0223883 0.00382698 0.00122729  -0.000602521    0.0236982  -0.00920818 -0.00267536 -0.00658533  0.00929568  0.155535 -0.265787  -9.75095 25.5467
-3.09289 -2.25807 -9.79633  -0.147185  0.0856162 0.00329338  2.12728  1.36768 -4.09784 0.00953404  -0.118784 0.00927789  -0.0111723 -0.00609744 -0.00067402  -0.000593992    0.0236746  -0.00922663  -0.0026817 -0.00658179  0.00929331  0.155538 -0.265785  -9.75094 25.5477
-3.14585 -2.17508 -9.81812  -0.146716  0.0864263 0.00382043  2.14044  1.36109 -4.09807  0.0095281   -0.11878 0.00929571 -0.00286893  0.00357434 0.000882098  -0.000529912    0.0235966  -0.00920503 -0.00268573 -0.00658653    0.009282  0.155537 -0.265782  -9.75091 25.5488
-3.11729  -2.1963 -9.82096   -0.14579  0.0860232 0.00441427  2.13735  1.34926 -4.09833  0.0095371  -0.118772 0.00928799   0.00720636 -0.000820099   0.00188658  -0.000535311    0.0235802   -0.0091967 -0.00269139 -0.00658538  0.00927131  0.155537 -0.265781  -9.75088 25.55
 -3.1774 -2.21393 -9.83203  -0.144344  0.0866665 0.00422685  2.14698  1.34001 -4.09856 0.00952951  -0.118757 0.00927946   0.0169682   0.0056588 -0.00278215  -0.000465063    0.0235766  -0.00917982 -0.00269503 -0.00658858  0.00927709 0.155538 -0.26578 -9.75089 25.5516
-3.15742 -2.23504 -9.83864 -0.141915 0.0854986 0.0040761  2.13629  1.32222 -4.09881 0.00953365   -0.11875  0.0092644    0.029609 -0.00545722 -0.00578453  -0.000462323    0.0235595  -0.00916954 -0.00270194 -0.00658438  0.00927784  0.155542 -0.265779  -9.75089 25.5543
-3.18853 -2.22627 -9.82991  -0.139534  0.0858963 0.00395791  2.14511  1.31377 -4.09907 0.00953731  -0.118748 0.00926167   0.0385132 0.000782467 -0.00765611  -0.000414632    0.0235371  -0.00916901 -0.00270594  -0.0065874  0.00927531  0.155541 -0.265777  -9.75088 25.5567
-3.12297 -2.25283 -9.80933  -0.137337   0.085908 0.00408067  2.14491  1.31294 -4.09911 0.00954224  -0.118742 0.00926526   0.0391438  0.00121089 -0.00658586  -0.00044683   0.0235227 -0.00917419 -0.00270708 -0.00658745  0.00926321   0.15554 -0.265776  -9.75085 25.5589
 -3.1425 -2.26009 -9.82583  -0.135318  0.0865432 0.00317307  2.15156  1.31121 -4.09918  0.0095382  -0.118739 0.00926138 0.0419924 0.0065957 -0.013376  -0.000406272    0.0235099  -0.00915247 -0.00270722 -0.00658965  0.00927372  0.155541 -0.265776  -9.75088 25.5612
-3.10156 -2.26206 -9.83555  -0.133362  0.0862016 0.00335356  2.14364  1.31285 -4.09911 0.00954281  -0.118736 0.00927151   0.0394415  0.00142047 -0.00995729  -0.000420634    0.0234768  -0.00913746 -0.00270767 -0.00658713  0.00925597   0.15554 -0.265776  -9.75083 25.5632
-3.13563 -2.25903 -9.83708  -0.132183  0.0872103 0.00235942 2.15148  1.3211  -4.099 0.00954154  -0.118737 0.00927284  0.0345184 0.00975132 -0.0156198  -0.000370259    0.0234567  -0.00912643 -0.00270407 -0.00659004  0.00926275  0.155539 -0.265777  -9.75085 25.565
-3.10188 -2.27262 -9.83268  -0.130342  0.0879524 0.00253818  2.15319  1.32172 -4.09906 0.00954291  -0.118736 0.00927599  0.0345751    0.01193 -0.0110746  -0.000381365     0.023434  -0.00912081 -0.00270551   -0.006591  0.00924148  0.155536 -0.265775  -9.75079 25.567
-3.10538 -2.31129 -9.84256   -0.12936  0.0889934 0.00114176  2.15685  1.32861 -4.09893 0.00953789  -0.118736   0.009277  0.0298013   0.016406 -0.0194105  -0.000353325    0.0234441  -0.00910241 -0.00270175 -0.00659225  0.00925562  0.155537 -0.265777  -9.75083 25.569
 -3.0716 -2.30842 -9.84756  -0.127889  0.0893435 0.00144222  2.15092  1.32846 -4.09895 0.00954089  -0.118734 0.00928868  0.0283969   0.012235 -0.0129293  -0.000364875    0.0234083  -0.00909103 -0.00270365 -0.00659054  0.00922876  0.155535 -0.265776  -9.75076 25.5705
-3.10366 -2.30753 -9.86236   -0.127647   0.0907976 0.000141938  2.15738  1.34096 -4.09873 0.00953785  -0.118736 0.00928742  0.0195492  0.0199212 -0.0195699  -0.000315934    0.0233898  -0.00907009 -0.00269811 -0.00659301  0.00923814  0.155534 -0.265777  -9.75079 25.5725
-3.04955 -2.33301 -9.88483  -0.126841   0.091441 0.00110563  2.15219  1.34192 -4.09879 0.00954399  -0.118732 0.00929912   0.0174043   0.0165517 -0.00835226  -0.000341059     0.023374  -0.00904389  -0.0027006 -0.00659178  0.00919838   0.15553 -0.265776  -9.75068 25.5739
-3.06913 -2.24749 -9.88184   -0.126688   0.0926545 0.000456111  2.15516  1.34941 -4.09863 0.00954249  -0.118731 0.00928513  0.0118392  0.0205819 -0.0123433  -0.000300323    0.0232929  -0.00903981 -0.00269749 -0.00659303  0.00920092  0.155529 -0.265776  -9.75069 25.5753
-3.03455 -2.26942  -9.8599  -0.125919  0.0924021 0.00073776  2.14148  1.34506 -4.09863 0.00952838  -0.118735 0.00929292   0.0129054  0.00950052 -0.00873921  -0.000310847    0.0232763  -0.00904811 -0.00269994 -0.00658827  0.00918279   0.15553 -0.265776  -9.75064 25.5762
-3.03046 -2.28528 -9.85583    -0.125842    0.0923944 -0.000421252  2.13594  1.34885 -4.09843 0.00951377  -0.118749 0.00928274 0.00840317 0.00539556 -0.0163541  -0.000299375    0.0232722  -0.00904468 -0.00269719  -0.0065862  0.00919561  0.155531 -0.265777  -9.75067 25.5773
-3.02056 -2.29872 -9.85801     -0.1253   0.0916268 0.000365404  2.12629  1.34541 -4.09851 0.00951434  -0.118764 0.00930165  0.00913528  -0.0039952 -0.00656997  -0.000296257    0.0232545  -0.00903334 -0.00270057 -0.00658309  0.00916517  0.155529 -0.265776  -9.75059 25.5786
-3.02027 -2.25102 -9.85798    -0.125636    0.0913979 -0.000126188  2.12421  1.35196 -4.09835 0.00951596  -0.118763 0.00929471   0.0023654 -0.00451452 -0.00992716  -0.000271082    0.0232021  -0.00902585 -0.00269777 -0.00658251  0.00916626  0.155529 -0.265777   -9.7506 25.5792
-2.98846  -2.2654 -9.85396       -0.125    0.0905453 -0.000201723  2.12015  1.34618 -4.09845 0.00951293  -0.118759 0.00929594   0.0068132 -0.00991329 -0.00922432  -0.000279698    0.0231808  -0.00902152 -0.00270062 -0.00658105  0.00915757  0.155529 -0.265776  -9.75057 25.5803
-2.99483 -2.28517 -9.84612   -0.125911   0.0906918 -0.00167362  2.12328  1.35832 -4.09821 0.00951841   -0.11876 0.00930451 -0.00300191  -0.0053796  -0.0181171  -0.000250828    0.0231782  -0.00901665 -0.00269479 -0.00658225  0.00917169  0.155529 -0.265778  -9.75061 25.582
-2.98417 -2.31716 -9.86529    -0.126612     0.088895 -0.000499812  2.10784  1.35946 -4.09823  0.0095444  -0.118757 0.00930533 -0.00733336  -0.0181152 -0.00624461  -0.000242554    0.0231665  -0.00899417 -0.0026968 -0.0065773 0.00913445  0.155527 -0.265777  -9.75051 25.5843
-3.03604  -2.2996 -9.87895  -0.128143  0.0893431 -0.0019648  2.11785  1.37369 -4.09793 0.00953995  -0.118761 0.00931856  -0.0172159 -0.00771097   -0.016056  -0.000182121    0.0231365  -0.00897455 -0.00269019 -0.00658096  0.00915092  0.155526 -0.265779  -9.75056 25.5864
-2.98757 -2.32067 -9.88972  -0.129141  0.0883485 -0.0010609  2.11227  1.37232 -4.09804 0.00954679  -0.118758 0.00932098  -0.0176915  -0.0124552 -0.00653561  -0.00020225   0.0231192 -0.00895913 -0.00269306 -0.00657942  0.00911796  0.155524 -0.265778  -9.75047 25.5881
 -3.0146 -2.23412 -9.83675   -0.130525   0.0888295 -0.00120536  2.12193  1.38018 -4.09791 0.00955401  -0.118748 0.00930941  -0.0222446 -0.00359249 -0.00733923  -0.000160346    0.0230399  -0.00898983 -0.00269079 -0.00658324  0.00911161  0.155521 -0.265777  -9.75046 25.5896
-3.03577 -2.24117 -9.82756  -0.130989  0.0892087 -0.0010099  2.12954  1.37428 -4.09812 0.00956064  -0.118751 0.00931595  -0.0157195 0.000933483 -0.00548914  -0.000135752    0.0230162  -0.00899024 -0.00269442   -0.006586  0.00909839   0.15552 -0.265776  -9.75042 25.5902
-3.08092 -2.20523  -9.8183   -0.131379    0.089836 -0.00122303  2.13628  1.37264 -4.09819 0.00956302  -0.118751  0.0093244  -0.012873  0.0060188 -0.0074929  -7.93155e-05    0.0229749  -0.00898948 -0.00269547 -0.00658839  0.00909633  0.155519 -0.265775  -9.75041 25.591
-3.05472 -2.25194 -9.82387    -0.131917    0.0891279 -0.000349502   2.1266  1.36842 -4.09834  0.0095747  -0.118748 0.00932758  -0.0109036 -0.00230604 -0.00145236  -8.34097e-05    0.0229756  -0.00897706 -0.00269869 -0.00658518  0.00907237  0.155518 -0.265774  -9.75035 25.5922
-3.08857  -2.2908 -9.82889    -0.132023     0.089064 -0.000415887  2.12801  1.36465 -4.09843 0.00957379  -0.118745 0.00932132 -0.00769246 -0.00175673 -0.00383406  -3.46124e-05    0.0229865  -0.00896433 -0.00270025 -0.00658562  0.00907211  0.155518 -0.265774  -9.75035 25.5923
-3.06236 -2.28599 -9.83366  -0.132385  0.0887158 0.00140446  2.12576  1.36277 -4.09861 0.00958644  -0.118736 0.00933352 -0.00688859 -0.00349417  0.00760645  -3.99301e-05    0.0229522  -0.00895315 -0.00270395 -0.00658534  0.00903272  0.155514 -0.265772  -9.75025 25.5942
-3.11437 -2.27559 -9.85387  -0.132972  0.0892769 0.00152429  2.13232  1.36722 -4.09852 0.00958108  -0.118739 0.00933693 -0.00918269  0.00285991  0.00399818  2.20146e-05   0.0229266 -0.00892882 -0.00270223 -0.00658775   0.0090346  0.155514 -0.265772  -9.75025 25.5951
-3.07342 -2.30186 -9.86455  -0.133271  0.0884049 0.00262606  2.12253  1.36249 -4.09865 0.00958892  -0.118734 0.00934801 -0.0075748 -0.0051738 0.00726518  6.28653e-06   0.0229141 -0.00891483  -0.0027051 -0.00658438  0.00901761  0.155513 -0.265772  -9.75021 25.5965
 -3.0832 -2.21279 -9.84528    -0.1342  0.0887537 0.00290022  2.12699  1.36984 -4.09847 0.00958709   -0.11873 0.00933125   -0.0123717 -9.11793e-05   0.00495091  3.69186e-05   0.0228325 -0.00892306 -0.00270244 -0.00658624  0.00901626  0.155512 -0.265772  -9.75021 25.5975
-3.06451 -2.24672 -9.85992  -0.134201  0.0875531 0.00329032  2.11671  1.36035 -4.09865 0.00958885  -0.118731 0.00933813 -0.00666321 -0.00976868  0.00301475  3.85961e-05   0.0228256 -0.00890496 -0.00270604 -0.00658236  0.00901396  0.155514 -0.265772   -9.7502 25.5988
-3.09234 -2.26221 -9.83111   -0.13389  0.0875128 0.00339824  2.1225 1.35505 -4.0988 0.00959433  -0.118734 0.00933621 -0.00138666   -0.006156 0.000289887  8.28569e-05   0.0228212 -0.00891711 -0.00270833  -0.0065843  0.00901419  0.155514 -0.265771   -9.7502 25.5991
-3.04164 -2.30168 -9.85181  -0.133468   0.086301 0.00442087  2.11505  1.34761 -4.09902 0.00960422  -0.118724 0.00933922 0.00278905  -0.013059 0.00440938  6.04082e-05   0.0228178 -0.00889388 -0.00271258 -0.00658176  0.00899445 0.155513 -0.26577 -9.75015 25.6008
 -3.0634 -2.27681 -9.84214  -0.133537  0.0868278 0.00404439  2.12632  1.35211 -4.09893 0.00960628  -0.118722 0.00934116  0.00126963 -0.00346197 -0.00151879  0.000100253   0.0227839 -0.00889287 -0.0027106 -0.0065858 0.00900291 0.155512 -0.26577 -9.75017 25.6014
-3.06427 -2.26051 -9.82406 -0.132579 0.0865416 0.0041103  2.12768  1.34288 -4.09915 0.00960745  -0.118726 0.00934825  0.00898046 -0.00414018 -0.00285719  0.000114103   0.0227423  -0.0089008  -0.0027146 -0.00658612  0.00899843  0.155513 -0.265769  -9.75016 25.6024
-3.09073 -2.23446 -9.80518  -0.131651  0.0870205 0.00417876   2.1358  1.33943 -4.09928 0.00961109  -0.118728 0.00935951   0.0135311  0.00176594 -0.00367008  0.000156625   0.0227073 -0.00890741 -0.00271661 -0.00658899  0.00899335  0.155511 -0.265768  -9.75014 25.6035
-3.06269 -2.26203 -9.80585  -0.130964  0.0863283 0.00505083  2.12758  1.33792 -4.09932 0.00961432  -0.118729 0.00936673   0.0133893 -0.00457313  0.00113447  0.000149486   0.0226956 -0.00889896 -0.00271849 -0.00658629  0.00897228   0.15551 -0.265767  -9.75009 25.6048
-3.11094 -2.26648 -9.80301  -0.130325   0.086597 0.00424699  2.13287  1.33858 -4.09928 0.00961065   -0.11872 0.00936982    0.0141064 -0.000210097  -0.00701131  0.000207931   0.0226824 -0.00889348 -0.00271728 -0.00658802  0.00898729  0.155511 -0.265768  -9.75013 25.6058
-3.08808 -2.29033 -9.80954  -0.128855  0.0864866 0.00407549  2.13372  1.33118 -4.09947 0.00961328  -0.118714 0.00936537     0.020099 -0.000705202   -0.0079743  0.000204432   0.0226689 -0.00888206 -0.00272065 -0.00658825  0.00898185  0.155511 -0.265767  -9.75011 25.6073
-3.10665 -2.25987 -9.80664  -0.128347  0.0872525 0.00287209  2.14107  1.33698 -4.09933  0.0096122  -0.118713 0.00936198  0.0168151 0.00656004 -0.0158946  0.000240996   0.0226316 -0.00887644 -0.00271764 -0.00659086  0.00899544  0.155511 -0.265768  -9.75015 25.6088
-3.05772  -2.2839 -9.79604 -0.127426 0.0874452 0.0030805 2.13951 1.33619 -4.0994 0.00961557  -0.118705 0.00936662  0.0173892 0.00562374 -0.0110028  0.000217674   0.0226187 -0.00887609 -0.00271951 -0.00659059  0.00897369   0.15551 -0.265767  -9.75009 25.6098
-3.07495 -2.26726 -9.81153 -0.127885 0.0880922 0.0010886  2.14052  1.34929 -4.09905 0.00961249  -0.118712 0.00935964 0.00746254 0.00877937 -0.0230493  0.000253892   0.0225889 -0.00885669 -0.00271264 -0.00659097  0.00899822  0.155511 -0.265769  -9.75016 25.6119
-3.01976 -2.28987 -9.81936  -0.127704  0.0887798 0.00103523  2.14205  1.35165 -4.09907 0.00961548  -0.118703 0.00936416 0.00588562  0.0104259 -0.0172534   0.00023051   0.0225759 -0.00884368 -0.00271358 -0.00659191   0.0089739  0.155508 -0.265768   -9.7501 25.6126
-3.06114 -2.36458 -9.84001    -0.128494    0.0896366 -0.000790053  2.14339  1.36244 -4.09879 0.00960245  -0.118709 0.00938029 -0.00303484   0.0134168  -0.0259509  0.000283214   0.0226116 -0.00881767 -0.00270819 -0.00659239  0.00898938 0.155509 -0.26577 -9.75014 25.6148
-3.02109 -2.37648 -9.85584    -0.128797    0.0894684 -0.000244136  2.13443  1.36089 -4.09892 0.00962015  -0.118709 0.00939447 -0.00453096  0.00634894  -0.0150443  0.000267972   0.0225883 -0.00880007 -0.00271129  -0.0065896  0.00895314  0.155506 -0.265768  -9.75005 25.6155
-3.04191 -2.34874 -9.85246   -0.129687   0.0905059 -0.00138851  2.14028  1.36896 -4.09874 0.00962227  -0.118707  0.0093895 -0.0105572  0.0125916 -0.0200707  0.000304817   0.0225524 -0.00879515 -0.00270796 -0.00659185  0.00895864  0.155506 -0.265769  -9.75006 25.6172
-3.00865 -2.34929 -9.85343    -0.130321    0.0898445 -0.000159512  2.12701  1.36588 -4.09884  0.0096065  -0.118704 0.00940182  -0.0114433  0.00172486 -0.00685877  0.000296179   0.0225223 -0.00878749 -0.00271162 -0.00658754  0.00891605  0.155503 -0.265768  -9.74995 25.6188
-3.05165 -2.40082 -9.85943   -0.131072    0.090241 -0.00161037  2.13014  1.36833 -4.09874  0.0096014  -0.118695 0.00940231 -0.0136085 0.00454676 -0.0168528  0.000348987   0.0225428 -0.00877369 -0.00270932  -0.0065885  0.00893566  0.155505 -0.265769     -9.75 25.6205
-3.01598 -2.41439 -9.87489     -0.13195    0.0898438 -0.000586049  2.12351  1.36725 -4.09887 0.00960813  -0.118694 0.00941375   -0.0153639 -0.000527831  -0.00605825   0.00033697   0.0225229 -0.00875571 -0.00271225 -0.00658655  0.00889851  0.155501 -0.265767  -9.74991 25.6219
-3.05949 -2.39586  -9.8804   -0.133381   0.0903417 -0.00139225  2.12709   1.3753 -4.09868 0.00960878  -0.118693 0.00941159  -0.022141 0.00393772 -0.0115359  0.000391149   0.0224932 -0.00874453 -0.00270874 -0.00658796  0.00890556  0.155501 -0.265768  -9.74993 25.6236
-2.99662 -2.37697 -9.89433     -0.13433    0.0892845 -0.000194159   2.1153  1.36908 -4.09886  0.0095987  -0.118682 0.00943508    -0.02078 -0.00611521 -0.00152047  0.000359701    0.022449 -0.00872958 -0.00271317 -0.00658403  0.00887086  0.155499 -0.265767  -9.74984 25.6254
-3.07735 -2.35845 -9.88932    -0.135242    0.0888495 -0.000689214  2.11401  1.36796 -4.09886 0.00960116  -0.118677  0.0094333  -0.0209766 -0.00734094 -0.00675736  0.000441885   0.0224198 -0.00872657 -0.00271305 -0.00658348  0.00887821    0.1555 -0.265767  -9.74986 25.6266
-3.05782  -2.3321 -9.87052   -0.136439    0.087745 0.000546846  2.10669   1.3664 -4.09892 0.00958611  -0.118684 0.00943719 -0.0218188 -0.0127341 0.00163772  0.000439566   0.0223709 -0.00873433 -0.00271545 -0.00658118  0.00884721  0.155497 -0.265766  -9.74978 25.6286
-3.10424 -2.29644 -9.84247   -0.136708   0.0873279 0.000511306  2.11018  1.35927 -4.09908 0.00959118  -0.118689 0.00944569  -0.0159728   -0.010903 -0.00158951  0.000495301   0.0223305 -0.00874851  -0.0027182 -0.00658223  0.00884927  0.155498 -0.265765  -9.74979 25.6291
-3.05407 -2.29002 -9.83831  -0.137232  0.0862834 0.00174083  2.10662  1.35431 -4.09925 0.00958884   -0.11868 0.00945222 -0.0130366 -0.0140205 0.00511686  0.000471859   0.0222971 -0.00874503 -0.00272184 -0.00658118  0.00882325  0.155496 -0.265764  -9.74972 25.6308
-3.08825  -2.2386 -9.83736  -0.138199  0.0866743 0.00213652   2.1161  1.36076 -4.09911 0.00958471  -0.118682 0.00945033  -0.0162942 -0.00512967  0.00445353  0.000519446    0.022245 -0.00873842 -0.00272005  -0.0065848  0.00881719  0.155494 -0.265764  -9.74971 25.6319
-3.06299 -2.28781 -9.87188  -0.138248  0.0862634 0.00310904 2.11718 1.35165 -4.0994 0.00959419  -0.118664 0.00943572 -0.00893177 -0.00565397  0.00713424  0.000514322   0.0222494 -0.00870596 -0.00272478 -0.00658523  0.00880225  0.155493 -0.265763  -9.74967 25.633
-3.06832  -2.3272 -9.87936  -0.139056  0.0868457 0.00202828  2.12521  1.35745 -4.09917 0.00956831  -0.118671 0.00944052  -0.0121586  0.00161881 -0.00465083  0.000541075   0.0222624 -0.00869075 -0.00272085  -0.0065879  0.00882684  0.155495 -0.265764  -9.74973 25.6344
-3.06642 -2.31605 -9.87208   -0.13864  0.0860913 0.00285596  2.11963  1.34403 -4.09955 0.00957637  -0.118672 0.00944309 -0.00326886 -0.00486855  0.00045773  0.000550245   0.0222247 -0.00869202 -0.00272739 -0.00658585  0.00880576  0.155494 -0.265763  -9.74968 25.6356
-3.12334 -2.27151 -9.87101  -0.138831   0.086883 0.00301932  2.12979    1.347 -4.09952 0.00957667  -0.118675 0.00945754  -0.00385297   0.00412469 -0.000399091  0.000613155    0.022178 -0.00868666 -0.00272696 -0.00658958  0.00880027  0.155493 -0.265762  -9.74966 25.6365
-3.07125 -2.28602 -9.86947  -0.138779  0.0862077 0.00363144  2.12134  1.34228 -4.09963 0.00957608  -0.118674   0.009467 -0.00157257 -0.00293531  0.00133402  0.000588512   0.0221595 -0.00868144 -0.00272939  -0.0065866  0.00878776  0.155493 -0.265761  -9.74963 25.6374
-3.08229 -2.29378 -9.87051  -0.138816  0.0868695 0.00280894  2.12988  1.34348 -4.09959 0.00957456  -0.118673 0.00946284 -0.000944608   0.00399831  -0.00710485  0.000619788   0.0221498 -0.00867277 -0.00272812 -0.00658952  0.00880308  0.155493 -0.265762  -9.74967 25.6384
-3.05632 -2.28683 -9.85438  -0.138271   0.086509 0.00338185  2.12568  1.33605 -4.09979 0.00957764  -0.118674 0.00947351   0.00413384 -0.000258633   -0.0030004  0.000613286   0.0221189 -0.00867859 -0.00273217 -0.00658805  0.00878408  0.155492 -0.265761  -9.74962 25.6393
-3.10404 -2.28148 -9.86532  -0.137545  0.0871742 0.00240386  2.13417  1.33206 -4.09987 0.00957585  -0.118662 0.00948039   0.008973  0.0059924 -0.0111226  0.000668036   0.0221014 -0.00866424 -0.00273292 -0.00659085  0.00879907  0.155493 -0.265761  -9.74966 25.6407
  -3.059 -2.28591  -9.8814  -0.137099  0.0866211 0.00261318  2.12546  1.33031 -4.09992 0.00958233   -0.11866 0.00948972  0.00874649 -0.00124051 -0.00811339  0.000649052   0.0220745 -0.00864734  -0.0027345 -0.00658787  0.00878339  0.155493 -0.265761  -9.74962 25.6414
-3.06437 -2.29401 -9.87559   -0.136684   0.0873715 0.000971103   2.1339  1.33161 -4.09986 0.00957892  -0.118661 0.00948435 0.00918192 0.00568044 -0.0191736  0.000672997   0.0220659 -0.00864436 -0.00273269 -0.00659069  0.00880561  0.155494 -0.265761  -9.74968 25.6433
-3.04073 -2.28764 -9.87953  -0.135741  0.0865565 0.00133921  2.12418  1.32447 -4.10004 0.00957961  -0.118656 0.00949615   0.0128745 -0.00317162  -0.0120066  0.000670266   0.0220332 -0.00863651 -0.00273698 -0.00658733  0.00877933 0.155493 -0.26576 -9.74961 25.6446
-3.08629 -2.30556 -9.85883    -0.135394    0.0865822 -0.000358269  2.12572  1.32674 -4.09994  0.0095772  -0.118647 0.00949474   0.0111712 -0.00152996   -0.022123  0.000723554   0.0220315 -0.00864344 -0.00273473 -0.00658775  0.00879922  0.155494 -0.265761  -9.74966 25.6463
-3.03258 -2.29365 -9.87815    -0.134555    0.0851057 -0.000325853  2.11278  1.32104 -4.10006 0.00957963   -0.11864 0.00951123  0.0129206 -0.0125124 -0.0163584  0.000699545   0.0219939 -0.00862478 -0.00273816 -0.00658325  0.00877635  0.155493 -0.265761  -9.74961 25.648
-3.07676 -2.27981 -9.89772   -0.134487   0.0856327 -0.00185451  2.12269  1.32856 -4.09989 0.00957469  -0.118641 0.00951725  0.00871545 -0.00323102  -0.0235238  0.000752042   0.0219686 -0.00860388 -0.00273477 -0.00658684  0.00878777  0.155494 -0.265761  -9.74963 25.6496
-3.04237 -2.26889 -9.86774   -0.133411   0.0851312 -0.00188402  2.12109  1.32157 -4.10011 0.00957237  -0.118644  0.0095231    0.013884 -0.00562702   -0.017144  0.000738966   0.0219352 -0.00861943 -0.00273908 -0.00658636  0.00876297 0.155492 -0.26576 -9.74957 25.6508
-3.06253   -2.238 -9.84585   -0.133295   0.0858105 -0.00292866  2.12935  1.32889 -4.09996 0.00957989  -0.118638 0.00952117 0.00977545 0.00238251 -0.0206263  0.000772575   0.0218988 -0.00862775 -0.00273646 -0.00658951  0.00876501 0.155491 -0.26576 -9.74958 25.6521
-3.05015  -2.2619 -9.85967   -0.132946   0.0857575 -0.00236563    2.127  1.32993 -4.10002   0.009585  -0.118638 0.00952487  0.00869754 0.000931355  -0.0114442   0.00077558    0.021888 -0.00861041 -0.00273835 -0.00658905  0.00873175  0.155488 -0.265759   -9.7495 25.6527
-3.09146 -2.26332 -9.85223   -0.132355    0.087229 -0.00309336   2.1421  1.33142 -4.10004 0.00958505  -0.118636 0.00954072   0.010447    0.01326 -0.0147407  0.000825261   0.0218744 -0.00860732 -0.00273814 -0.00659446  0.00873304  0.155487 -0.265758   -9.7495 25.6545
-3.05831 -2.26556 -9.84478   -0.131746   0.0878072 -0.00150749  2.14065  1.33006 -4.10022 0.00959334  -0.118629 0.00954759    0.0113771    0.0126566 -0.000501235  0.000812607   0.0218492 -0.00860626 -0.00274192 -0.00659442  0.00868627  0.155483 -0.265757  -9.74939 25.6563
-3.09852 -2.24205    -9.85   -0.130426   0.0888439 -0.00118294 2.14725  1.3233 -4.1004 0.00959246  -0.118627 0.00955634    0.0178901    0.0169207 -0.000321635  0.000863688    0.021818 -0.00859598 -0.00274517 -0.00659669  0.00867927  0.155482 -0.265756  -9.74937 25.658
-3.04708 -2.26854 -9.84157    -0.129126    0.0891837 -0.000396249  2.14211  1.31859 -4.10055 0.00959726  -0.118622 0.00956106  0.0207854  0.0124774 0.00266031  0.000839042   0.0218093 -0.00859576 -0.00274797 -0.00659493  0.00866311  0.155481 -0.265755  -9.74933 25.6595
-3.06971 -2.20396 -9.82116    -0.128675    0.0902455 -2.55331e-05  2.14568  1.32499 -4.10041 0.00959298   -0.11862 0.00955229  0.0166208  0.0166602 0.00272712  0.000876615   0.0217497 -0.00860473 -0.00274608 -0.00659647  0.00865593   0.15548 -0.265755  -9.74932 25.6608
-3.06472 -2.23864  -9.8161  -0.127168  0.0902942 0.00166045  2.13855  1.31675 -4.10066   0.009598   -0.11862 0.00954788  0.0220247 0.00983779  0.0109573  0.000884645   0.0217466 -0.00860165 -0.00275104 -0.00659404  0.00862666  0.155479 -0.265753  -9.74925 25.663
-3.12141  -2.2356  -9.8261  -0.126453   0.090861 0.00195805  2.13887  1.31999 -4.10057 0.00959677  -0.118621 0.00954995  0.0197568  0.0110586 0.00762278  0.000946659    0.021729 -0.00858775 -0.00274965  -0.0065942  0.00862881  0.155479 -0.265754  -9.74925 25.664
-3.08671 -2.27419 -9.82489  -0.125329  0.0901072 0.00377816   2.1254  1.31567 -4.10072 0.00961401  -0.118621 0.00955505   0.0207845 0.000565322   0.0149476  0.000932977   0.0217284 -0.00858196 -0.00275286 -0.00658957  0.00860212  0.155477 -0.265753  -9.74919 25.6663
-3.09758 -2.26916 -9.83075  -0.124796  0.0902472 0.00365827  2.12556  1.32026 -4.10056 0.00961003  -0.118623 0.00955543  0.0171487 0.00179261 0.00706033  0.000963006   0.0217101 -0.00857018 -0.00275014 -0.00658959  0.00861611  0.155478 -0.265753  -9.74922 25.6668
-3.04598 -2.28645 -9.84784  -0.123398  0.0890158 0.00502823  2.11358  1.31255 -4.10076 0.00962198  -0.118612 0.00957511   0.0208417 -0.00860466   0.0111756  0.000938818   0.0216943 -0.00855336  -0.0027541 -0.00658533  0.00859755  0.155478 -0.265753  -9.74918 25.6691
-3.10784 -2.23095 -9.84388  -0.123793  0.0894322 0.00484837   2.1184  1.32768 -4.10039 0.00962093  -0.118615 0.00955919    0.010071 -0.00169919   0.0049654   0.00100386   0.0216416 -0.00855053 -0.00274787 -0.00658738  0.00860682  0.155478 -0.265754   -9.7492 25.6697
-3.06484 -2.28436 -9.84169  -0.123031  0.0887522 0.00564642  2.11296  1.32418 -4.10048 0.00962271  -0.118614 0.00955983   0.0120111 -0.00639213  0.00623406  0.000983019     0.02165 -0.00854466 -0.00274979 -0.00658546  0.00859603  0.155477 -0.265753  -9.74917 25.671
-3.05775 -2.29824 -9.85218 -0.124026 0.0894294 0.0042723  2.11921  1.34175 -4.09998 0.00961071  -0.118622 0.00956673 -0.000578992   0.00178126  -0.00674112  0.000998241   0.0216446 -0.00852984  -0.0027414 -0.00658783  0.00862344  0.155479 -0.265755  -9.74924 25.6729
-3.05134 -2.29203 -9.82706   -0.12424   0.089201 0.00438961  2.11537  1.34265 -4.09995 0.00960868  -0.118621 0.00956995 -0.00232357 -0.00061089 -0.00571753   0.00100324   0.0216136 -0.00854139 -0.00274162 -0.00658659  0.00861304  0.155478 -0.265755  -9.74922 25.6732
-3.04758 -2.26909 -9.82298  -0.125687  0.0899078 0.00318379  2.11971  1.35738 -4.09957 0.00961114  -0.118613 0.00955349 -0.0131191 0.00551785 -0.0137348   0.00102049   0.0215833 -0.00853678 -0.00273526 -0.00658843   0.0086275  0.155478 -0.265756  -9.74925 25.6752
-3.02567 -2.28884 -9.81422  -0.126595  0.0895296 0.00318633  2.11258  1.35754 -4.09957 0.00961019  -0.118612 0.00955945   -0.0145856 -0.000126602     -0.01114   0.00101608   0.0215693 -0.00853571 -0.00273598 -0.00658604  0.00861269  0.155477 -0.265756  -9.74922 25.6762
-3.04244  -2.2928 -9.83687  -0.128288  0.0898499 0.00165574  2.11349  1.36799 -4.09927 0.00960639  -0.118616  0.0095576 -0.0228613 0.00243043 -0.0198253   0.00104887   0.0215569 -0.00851312 -0.00273095 -0.00658645  0.00862895  0.155478 -0.265757  -9.74925 25.6785
-2.99949   -2.304 -9.85254 -0.129151  0.089244 0.0011198  2.10751  1.36227 -4.09945 0.00961276   -0.11861 0.00956285  -0.0198861 -0.00360784  -0.0185077   0.00103126   0.0215379 -0.00849701 -0.00273374  -0.0065843  0.00861812  0.155478 -0.265756  -9.74923 25.6797
-3.01392 -2.31343 -9.83559   -0.130191   0.0895255 -0.00074059  2.11205  1.36418 -4.09935  0.0096122  -0.118608 0.00956193   -0.020849 9.33183e-06  -0.0275169     0.001062   0.0215315 -0.00850118 -0.00273195 -0.00658581  0.00863577  0.155479 -0.265757  -9.74927 25.6818
-2.97736 -2.32138 -9.84015    -0.131372    0.0889527 -0.000680926  2.10651  1.36274 -4.09946 0.00961415  -0.118602 0.00957079  -0.0213198 -0.00478192  -0.0192454   0.00104758   0.0215103 -0.00849173 -0.00273439  -0.0065841  0.00860554  0.155477 -0.265756   -9.7492 25.6831
-3.01476 -2.35316 -9.85184   -0.132893   0.0885892 -0.00254896 2.10407 1.36736 -4.0993 0.00960985  -0.118598  0.0095681  -0.0260537 -0.00618112  -0.0280244   0.00109475    0.021518 -0.00847534 -0.00273139 -0.00658319  0.00862272  0.155478 -0.265757  -9.74924 25.6856
-2.99711 -2.30999 -9.85431   -0.134187   0.0875545 -0.00227161  2.09763  1.36395 -4.09946 0.00959985  -0.118604 0.00958071 -0.0253102 -0.0118784 -0.0179892   0.00109403   0.0214614 -0.00846921 -0.00273474  -0.0065811  0.00858785  0.155476 -0.265756  -9.74916 25.6872
-3.03395  -2.2703 -9.82646   -0.135468    0.087814 -0.00309116  2.10549  1.36705 -4.09937 0.00960605  -0.118602 0.00958678  -0.0265562 -0.00516921  -0.0198193   0.00113973   0.0214209 -0.00848269 -0.00273401 -0.00658402  0.00858548  0.155475 -0.265756  -9.74915 25.6888
-3.04092 -2.26748  -9.8224  -0.136526  0.0875201 -0.0027502   2.1069  1.36277 -4.09954 0.00959961   -0.11861 0.00959162  -0.0231048 -0.00504518  -0.0120965   0.00115464   0.0213928 -0.00847932  -0.0027375 -0.00658448  0.00855697  0.155473 -0.265754  -9.74909 25.6899
-3.05798 -2.30439  -9.8195   -0.137504   0.0876656 -0.00346007  2.11103  1.36287 -4.09954 0.00959891  -0.118609 0.00959222 -0.0225611 -0.0019132 -0.0151364   0.00118702    0.021405 -0.00847279 -0.00273745 -0.00658593  0.00855874  0.155473 -0.265754  -9.74909 25.6912
-3.03072 -2.28412 -9.79991   -0.138972   0.0870282 -0.00232755  2.10519  1.36341 -4.09963 0.00960215  -0.118601  0.0096098  -0.0243774 -0.00599099 -0.00400474   0.00117772   0.0213646 -0.00848083 -0.00273966 -0.00658422  0.00852035  0.155469 -0.265753    -9.749 25.6931
-3.07108 -2.26341 -9.82419   -0.139754   0.0873752 -0.00212256  2.11223  1.36181 -4.09968 0.00959547  -0.118602  0.0096169   -0.0220701 -0.000563886  -0.00327493   0.00122715   0.0213355 -0.00845766 -0.00274102 -0.00658676  0.00851151  0.155468 -0.265753  -9.74898 25.694
-3.01856 -2.27283 -9.84201    -0.140104    0.0869653 -0.000648511   2.1109  1.35227 -4.10004 0.00960359  -0.118578  0.0096198 -0.0150136 -0.0032878 0.00593688   0.00120078   0.0213164 -0.00843901 -0.00274682 -0.00658642  0.00847907  0.155466 -0.265751  -9.74891 25.6956
-3.04923 -2.23687 -9.81032    -0.140978     0.087156 -0.000390549  2.11402  1.35468 -4.09996 0.00960498  -0.118577 0.00961937   -0.016353 -0.00049464  0.00374959   0.00124174   0.0212787 -0.00845441 -0.00274609 -0.00658762  0.00847774  0.155465 -0.265751  -9.74891 25.6965
-3.04918 -2.25033  -9.8085  -0.141716  0.0866867 0.00156508  2.11005  1.35185 -4.10012 0.00960689  -0.118577 0.00962005  -0.0146575 -0.00400902   0.0133396   0.00125187   0.0212619 -0.00844897  -0.0027493 -0.00658643  0.00844384 0.155463 -0.26575 -9.74883 25.6986
  -3.105  -2.2245 -9.80556  -0.141436  0.0869008 0.00212544  2.11658  1.34336 -4.10034  0.0096108  -0.118573 0.00963342  -0.00653741 -0.000277684    0.0106728   0.00130994   0.0212308 -0.00844506 -0.00275264 -0.00658855  0.00844477  0.155463 -0.265749  -9.74883 25.6993
-3.09769 -2.26018 -9.80147  -0.141335  0.0860983 0.00315889  2.10971  1.33687 -4.10054 0.00961464  -0.118574 0.00962627 -0.00249141 -0.00627104   0.0113449   0.00131276   0.0212289 -0.00844033 -0.00275548 -0.00658602  0.00843615  0.155463 -0.265749  -9.74881 25.7006
-3.13629  -2.2266 -9.80917  -0.141304  0.0862751 0.00369423  2.11473   1.3366 -4.10054 0.00961355  -0.118574 0.00963043 -0.00132822  -0.0020294  0.00941202   0.00136048   0.0211931 -0.00842832 -0.00275584 -0.00658783  0.00843427  0.155462 -0.265749  -9.74881 25.7012
